ISO-10303-21;
HEADER;
FILE_DESCRIPTION(('KiCad electronic assembly'),'2;1');
FILE_NAME('3D Model.step','2026-08-16T14:25:51',('Pcbnew'),('Kicad'),
  'Open CASCADE STEP processor 7.8','KiCad to STEP converter','Unknown'
  );
FILE_SCHEMA(('AUTOMOTIVE_DESIGN { 1 0 10303 214 1 1 1 1 }'));
ENDSEC;
DATA;
#1 = APPLICATION_PROTOCOL_DEFINITION('international standard',
  'automotive_design',2000,#2);
#2 = APPLICATION_CONTEXT(
  'core data for automotive mechanical design processes');
#3 = SHAPE_DEFINITION_REPRESENTATION(#4,#10);
#4 = PRODUCT_DEFINITION_SHAPE('','',#5);
#5 = PRODUCT_DEFINITION('design','',#6,#9);
#6 = PRODUCT_DEFINITION_FORMATION('','',#7);
#7 = PRODUCT('3D Model 1','3D Model 1','',(#8));
#8 = PRODUCT_CONTEXT('',#2,'mechanical');
#9 = PRODUCT_DEFINITION_CONTEXT('part definition',#2,'design');
#10 = SHAPE_REPRESENTATION('',(#11,#15,#19,#23,#27,#31,#35,#39,#43,#47,
    #51,#55,#59,#63,#67,#71,#75,#79,#83,#87,#91,#95,#99,#103,#107,#111,
    #115,#119,#123,#127,#131),#135);
#11 = AXIS2_PLACEMENT_3D('',#12,#13,#14);
#12 = CARTESIAN_POINT('',(0.,0.,0.));
#13 = DIRECTION('',(0.,0.,1.));
#14 = DIRECTION('',(1.,0.,-0.));
#15 = AXIS2_PLACEMENT_3D('',#16,#17,#18);
#16 = CARTESIAN_POINT('',(142.74495,-84.865553,1.595));
#17 = DIRECTION('',(-0.,0.,1.));
#18 = DIRECTION('',(1.110223024625E-16,-1.,0.));
#19 = AXIS2_PLACEMENT_3D('',#20,#21,#22);
#20 = CARTESIAN_POINT('',(177.69995,-75.355553,1.595));
#21 = DIRECTION('',(0.,0.,1.));
#22 = DIRECTION('',(1.,0.,0.));
#23 = AXIS2_PLACEMENT_3D('',#24,#25,#26);
#24 = CARTESIAN_POINT('',(176.88995,-86.235553,1.595));
#25 = DIRECTION('',(0.,0.,1.));
#26 = DIRECTION('',(1.,0.,0.));
#27 = AXIS2_PLACEMENT_3D('',#28,#29,#30);
#28 = CARTESIAN_POINT('',(141.01995,-99.865553,1.595));
#29 = DIRECTION('',(0.,0.,1.));
#30 = DIRECTION('',(-1.,1.224646799147E-16,0.));
#31 = AXIS2_PLACEMENT_3D('',#32,#33,#34);
#32 = CARTESIAN_POINT('',(141.01995,-77.365553,1.595));
#33 = DIRECTION('',(0.,0.,1.));
#34 = DIRECTION('',(-1.,1.224646799147E-16,0.));
#35 = AXIS2_PLACEMENT_3D('',#36,#37,#38);
#36 = CARTESIAN_POINT('',(128.66995,-122.365553,1.595));
#37 = DIRECTION('',(0.,0.,1.));
#38 = DIRECTION('',(-1.,1.224646799147E-16,0.));
#39 = AXIS2_PLACEMENT_3D('',#40,#41,#42);
#40 = CARTESIAN_POINT('',(141.01995,-122.365553,1.595));
#41 = DIRECTION('',(0.,0.,1.));
#42 = DIRECTION('',(-1.,1.224646799147E-16,0.));
#43 = AXIS2_PLACEMENT_3D('',#44,#45,#46);
#44 = CARTESIAN_POINT('',(178.14495,-62.295553,1.595));
#45 = DIRECTION('',(0.,0.,1.));
#46 = DIRECTION('',(1.,0.,0.));
#47 = AXIS2_PLACEMENT_3D('',#48,#49,#50);
#48 = CARTESIAN_POINT('',(130.39495,-107.365553,1.595));
#49 = DIRECTION('',(-0.,0.,1.));
#50 = DIRECTION('',(1.110223024625E-16,-1.,0.));
#51 = AXIS2_PLACEMENT_3D('',#52,#53,#54);
#52 = CARTESIAN_POINT('',(131.80745,-77.365553,1.595));
#53 = DIRECTION('',(0.,0.,1.));
#54 = DIRECTION('',(1.,0.,0.));
#55 = AXIS2_PLACEMENT_3D('',#56,#57,#58);
#56 = CARTESIAN_POINT('',(130.39495,-62.365553,1.595));
#57 = DIRECTION('',(-0.,0.,1.));
#58 = DIRECTION('',(1.110223024625E-16,-1.,0.));
#59 = AXIS2_PLACEMENT_3D('',#60,#61,#62);
#60 = CARTESIAN_POINT('',(144.30745,-99.865553,1.595));
#61 = DIRECTION('',(0.,0.,1.));
#62 = DIRECTION('',(1.,0.,0.));
#63 = AXIS2_PLACEMENT_3D('',#64,#65,#66);
#64 = CARTESIAN_POINT('',(173.51495,-88.460553,1.595));
#65 = DIRECTION('',(-0.,0.,1.));
#66 = DIRECTION('',(1.110223024625E-16,-1.,0.));
#67 = AXIS2_PLACEMENT_3D('',#68,#69,#70);
#68 = CARTESIAN_POINT('',(130.39495,-84.865553,1.595));
#69 = DIRECTION('',(-0.,0.,1.));
#70 = DIRECTION('',(1.110223024625E-16,-1.,0.));
#71 = AXIS2_PLACEMENT_3D('',#72,#73,#74);
#72 = CARTESIAN_POINT('',(144.25745,-122.365553,1.595));
#73 = DIRECTION('',(0.,0.,1.));
#74 = DIRECTION('',(1.,0.,0.));
#75 = AXIS2_PLACEMENT_3D('',#76,#77,#78);
#76 = CARTESIAN_POINT('',(176.06995,-72.325553,1.595));
#77 = DIRECTION('',(0.,0.,1.));
#78 = DIRECTION('',(1.,0.,0.));
#79 = AXIS2_PLACEMENT_3D('',#80,#81,#82);
#80 = CARTESIAN_POINT('',(144.30745,-77.365553,1.595));
#81 = DIRECTION('',(0.,0.,1.));
#82 = DIRECTION('',(1.,0.,0.));
#83 = AXIS2_PLACEMENT_3D('',#84,#85,#86);
#84 = CARTESIAN_POINT('',(125.5,-116.825,1.595));
#85 = DIRECTION('',(-0.,0.,1.));
#86 = DIRECTION('',(1.110223024625E-16,-1.,0.));
#87 = AXIS2_PLACEMENT_3D('',#88,#89,#90);
#88 = CARTESIAN_POINT('',(142.74495,-107.365553,1.595));
#89 = DIRECTION('',(-0.,0.,1.));
#90 = DIRECTION('',(1.110223024625E-16,-1.,0.));
#91 = AXIS2_PLACEMENT_3D('',#92,#93,#94);
#92 = CARTESIAN_POINT('',(131.95745,-122.365553,1.595));
#93 = DIRECTION('',(0.,0.,1.));
#94 = DIRECTION('',(1.,0.,0.));
#95 = AXIS2_PLACEMENT_3D('',#96,#97,#98);
#96 = CARTESIAN_POINT('',(131.80745,-99.865553,1.595));
#97 = DIRECTION('',(0.,0.,1.));
#98 = DIRECTION('',(1.,0.,0.));
#99 = AXIS2_PLACEMENT_3D('',#100,#101,#102);
#100 = CARTESIAN_POINT('',(174.90495,-76.210553,1.595));
#101 = DIRECTION('',(-0.,0.,1.));
#102 = DIRECTION('',(1.110223024625E-16,-1.,0.));
#103 = AXIS2_PLACEMENT_3D('',#104,#105,#106);
#104 = CARTESIAN_POINT('',(177.69995,-77.005553,1.595));
#105 = DIRECTION('',(0.,0.,1.));
#106 = DIRECTION('',(1.,0.,0.));
#107 = AXIS2_PLACEMENT_3D('',#108,#109,#110);
#108 = CARTESIAN_POINT('',(142.74495,-62.365553,1.595));
#109 = DIRECTION('',(-0.,0.,1.));
#110 = DIRECTION('',(1.110223024625E-16,-1.,0.));
#111 = AXIS2_PLACEMENT_3D('',#112,#113,#114);
#112 = CARTESIAN_POINT('',(128.51995,-77.365553,1.595));
#113 = DIRECTION('',(0.,0.,1.));
#114 = DIRECTION('',(-1.,1.224646799147E-16,0.));
#115 = AXIS2_PLACEMENT_3D('',#116,#117,#118);
#116 = CARTESIAN_POINT('',(125.5,-120.325,1.595));
#117 = DIRECTION('',(0.,-0.,1.));
#118 = DIRECTION('',(1.110223024625E-16,1.,0.));
#119 = AXIS2_PLACEMENT_3D('',#120,#121,#122);
#120 = CARTESIAN_POINT('',(125.5,-113.325,1.595));
#121 = DIRECTION('',(-0.,0.,1.));
#122 = DIRECTION('',(1.110223024625E-16,-1.,0.));
#123 = AXIS2_PLACEMENT_3D('',#124,#125,#126);
#124 = CARTESIAN_POINT('',(176.88995,-87.885553,1.595));
#125 = DIRECTION('',(0.,0.,1.));
#126 = DIRECTION('',(1.,0.,0.));
#127 = AXIS2_PLACEMENT_3D('',#128,#129,#130);
#128 = CARTESIAN_POINT('',(128.51995,-99.865553,1.595));
#129 = DIRECTION('',(0.,0.,1.));
#130 = DIRECTION('',(-1.,1.224646799147E-16,0.));
#131 = AXIS2_PLACEMENT_3D('',#132,#133,#134);
#132 = CARTESIAN_POINT('',(0.,0.,0.));
#133 = DIRECTION('',(0.,0.,1.));
#134 = DIRECTION('',(1.,0.,-0.));
#135 = ( GEOMETRIC_REPRESENTATION_CONTEXT(3) 
GLOBAL_UNCERTAINTY_ASSIGNED_CONTEXT((#139)) GLOBAL_UNIT_ASSIGNED_CONTEXT
((#136,#137,#138)) REPRESENTATION_CONTEXT('Context #1',
  '3D Context with UNIT and UNCERTAINTY') );
#136 = ( LENGTH_UNIT() NAMED_UNIT(*) SI_UNIT(.MILLI.,.METRE.) );
#137 = ( NAMED_UNIT(*) PLANE_ANGLE_UNIT() SI_UNIT($,.RADIAN.) );
#138 = ( NAMED_UNIT(*) SI_UNIT($,.STERADIAN.) SOLID_ANGLE_UNIT() );
#139 = UNCERTAINTY_MEASURE_WITH_UNIT(LENGTH_MEASURE(1.E-07),#136,
  'distance_accuracy_value','confusion accuracy');
#140 = PRODUCT_RELATED_PRODUCT_CATEGORY('part',$,(#7));
#141 = SHAPE_DEFINITION_REPRESENTATION(#142,#148);
#142 = PRODUCT_DEFINITION_SHAPE('','',#143);
#143 = PRODUCT_DEFINITION('design','',#144,#147);
#144 = PRODUCT_DEFINITION_FORMATION('','',#145);
#145 = PRODUCT('JST_XH_B5B-XH-A_1x05_P2.50mm_Vertical',
  'JST_XH_B5B-XH-A_1x05_P2.50mm_Vertical','',(#146));
#146 = PRODUCT_CONTEXT('',#2,'mechanical');
#147 = PRODUCT_DEFINITION_CONTEXT('part definition',#2,'design');
#148 = ADVANCED_BREP_SHAPE_REPRESENTATION('',(#11,#149),#5018);
#149 = MANIFOLD_SOLID_BREP('',#150);
#150 = CLOSED_SHELL('',(#151,#223,#262,#286,#351,#375,#559,#583,#648,
    #673,#722,#739,#763,#780,#950,#974,#1272,#1296,#1329,#1353,#1384,
    #1401,#1434,#1458,#1489,#1506,#1539,#1563,#1594,#1611,#1644,#1668,
    #1699,#1716,#1749,#1773,#1804,#1816,#1849,#1866,#1883,#1895,#2077,
    #2094,#2111,#2128,#2145,#2162,#2179,#2196,#2213,#2230,#2247,#2264,
    #2281,#2298,#2315,#2327,#2344,#2361,#2378,#2395,#2412,#2458,#2504,
    #2550,#2596,#2642,#2673,#2697,#2721,#2738,#2769,#2793,#2817,#2834,
    #2865,#2889,#2913,#2930,#2961,#2985,#3009,#3026,#3057,#3081,#3105,
    #3122,#3185,#3209,#3265,#3282,#3313,#3337,#3361,#3378,#3409,#3433,
    #3457,#3474,#3505,#3529,#3553,#3570,#3601,#3657,#3681,#3730,#3761,
    #3785,#3809,#3826,#3857,#3881,#3905,#3922,#3953,#3977,#4001,#4018,
    #4049,#4073,#4097,#4114,#4145,#4169,#4193,#4210,#4257,#4288,#4300,
    #4317,#4343,#4376,#4407,#4431,#4455,#4472,#4503,#4527,#4551,#4568,
    #4599,#4623,#4647,#4664,#4681,#4728,#4754,#4771,#4797,#4830,#4842,
    #4854,#4866,#4878,#4890,#4907,#4924,#4936,#4948,#4960,#4972,#4989,
    #5006));
#151 = ADVANCED_FACE('',(#152),#218,.T.);
#152 = FACE_BOUND('',#153,.T.);
#153 = EDGE_LOOP('',(#154,#164,#172,#180,#188,#196,#204,#212));
#154 = ORIENTED_EDGE('',*,*,#155,.T.);
#155 = EDGE_CURVE('',#156,#158,#160,.T.);
#156 = VERTEX_POINT('',#157);
#157 = CARTESIAN_POINT('',(-1.8,0.5,7.));
#158 = VERTEX_POINT('',#159);
#159 = CARTESIAN_POINT('',(-2.45,0.5,7.));
#160 = LINE('',#161,#162);
#161 = CARTESIAN_POINT('',(12.45,0.5,7.));
#162 = VECTOR('',#163,1.);
#163 = DIRECTION('',(-1.,1.224646799147E-16,0.));
#164 = ORIENTED_EDGE('',*,*,#165,.T.);
#165 = EDGE_CURVE('',#158,#166,#168,.T.);
#166 = VERTEX_POINT('',#167);
#167 = CARTESIAN_POINT('',(-2.45,-3.4,7.));
#168 = LINE('',#169,#170);
#169 = CARTESIAN_POINT('',(-2.45,2.35,7.));
#170 = VECTOR('',#171,1.);
#171 = DIRECTION('',(-1.224646799147E-16,-1.,0.));
#172 = ORIENTED_EDGE('',*,*,#173,.T.);
#173 = EDGE_CURVE('',#166,#174,#176,.T.);
#174 = VERTEX_POINT('',#175);
#175 = CARTESIAN_POINT('',(12.45,-3.4,7.));
#176 = LINE('',#177,#178);
#177 = CARTESIAN_POINT('',(-2.45,-3.4,7.));
#178 = VECTOR('',#179,1.);
#179 = DIRECTION('',(1.,-1.224646799147E-16,0.));
#180 = ORIENTED_EDGE('',*,*,#181,.T.);
#181 = EDGE_CURVE('',#174,#182,#184,.T.);
#182 = VERTEX_POINT('',#183);
#183 = CARTESIAN_POINT('',(12.45,0.5,7.));
#184 = LINE('',#185,#186);
#185 = CARTESIAN_POINT('',(12.45,-3.4,7.));
#186 = VECTOR('',#187,1.);
#187 = DIRECTION('',(1.224646799147E-16,1.,0.));
#188 = ORIENTED_EDGE('',*,*,#189,.T.);
#189 = EDGE_CURVE('',#182,#190,#192,.T.);
#190 = VERTEX_POINT('',#191);
#191 = CARTESIAN_POINT('',(11.8,0.5,7.));
#192 = LINE('',#193,#194);
#193 = CARTESIAN_POINT('',(12.45,0.5,7.));
#194 = VECTOR('',#195,1.);
#195 = DIRECTION('',(-1.,1.224646799147E-16,0.));
#196 = ORIENTED_EDGE('',*,*,#197,.F.);
#197 = EDGE_CURVE('',#198,#190,#200,.T.);
#198 = VERTEX_POINT('',#199);
#199 = CARTESIAN_POINT('',(11.8,-2.85,7.));
#200 = LINE('',#201,#202);
#201 = CARTESIAN_POINT('',(11.8,-2.65,7.));
#202 = VECTOR('',#203,1.);
#203 = DIRECTION('',(1.224646799147E-16,1.,0.));
#204 = ORIENTED_EDGE('',*,*,#205,.F.);
#205 = EDGE_CURVE('',#206,#198,#208,.T.);
#206 = VERTEX_POINT('',#207);
#207 = CARTESIAN_POINT('',(-1.8,-2.85,7.));
#208 = LINE('',#209,#210);
#209 = CARTESIAN_POINT('',(-1.6,-2.85,7.));
#210 = VECTOR('',#211,1.);
#211 = DIRECTION('',(1.,-1.224646799147E-16,0.));
#212 = ORIENTED_EDGE('',*,*,#213,.F.);
#213 = EDGE_CURVE('',#156,#206,#214,.T.);
#214 = LINE('',#215,#216);
#215 = CARTESIAN_POINT('',(-1.8,0.5,7.));
#216 = VECTOR('',#217,1.);
#217 = DIRECTION('',(-1.224646799147E-16,-1.,0.));
#218 = PLANE('',#219);
#219 = AXIS2_PLACEMENT_3D('',#220,#221,#222);
#220 = CARTESIAN_POINT('',(5.,-0.525,7.));
#221 = DIRECTION('',(0.,0.,1.));
#222 = DIRECTION('',(-1.,1.224646799147E-16,0.));
#223 = ADVANCED_FACE('',(#224),#257,.T.);
#224 = FACE_BOUND('',#225,.T.);
#225 = EDGE_LOOP('',(#226,#236,#244,#250,#251));
#226 = ORIENTED_EDGE('',*,*,#227,.T.);
#227 = EDGE_CURVE('',#228,#230,#232,.T.);
#228 = VERTEX_POINT('',#229);
#229 = CARTESIAN_POINT('',(-1.6,0.5,6.8));
#230 = VERTEX_POINT('',#231);
#231 = CARTESIAN_POINT('',(-1.6,0.5,3.65));
#232 = LINE('',#233,#234);
#233 = CARTESIAN_POINT('',(-1.6,0.5,5.325));
#234 = VECTOR('',#235,1.);
#235 = DIRECTION('',(-0.,0.,-1.));
#236 = ORIENTED_EDGE('',*,*,#237,.T.);
#237 = EDGE_CURVE('',#230,#238,#240,.T.);
#238 = VERTEX_POINT('',#239);
#239 = CARTESIAN_POINT('',(-2.45,0.5,3.65));
#240 = LINE('',#241,#242);
#241 = CARTESIAN_POINT('',(12.45,0.5,3.65));
#242 = VECTOR('',#243,1.);
#243 = DIRECTION('',(-1.,1.224646799147E-16,0.));
#244 = ORIENTED_EDGE('',*,*,#245,.T.);
#245 = EDGE_CURVE('',#238,#158,#246,.T.);
#246 = LINE('',#247,#248);
#247 = CARTESIAN_POINT('',(-2.45,0.5,1.825));
#248 = VECTOR('',#249,1.);
#249 = DIRECTION('',(0.,0.,1.));
#250 = ORIENTED_EDGE('',*,*,#155,.F.);
#251 = ORIENTED_EDGE('',*,*,#252,.T.);
#252 = EDGE_CURVE('',#156,#228,#253,.T.);
#253 = LINE('',#254,#255);
#254 = CARTESIAN_POINT('',(2.65,0.5,2.55));
#255 = VECTOR('',#256,1.);
#256 = DIRECTION('',(0.707106781187,-8.659560562349E-17,-0.707106781187)
  );
#257 = PLANE('',#258);
#258 = AXIS2_PLACEMENT_3D('',#259,#260,#261);
#259 = CARTESIAN_POINT('',(12.45,0.5,3.65));
#260 = DIRECTION('',(1.224646799147E-16,1.,0.));
#261 = DIRECTION('',(0.,-0.,1.));
#262 = ADVANCED_FACE('',(#263),#281,.F.);
#263 = FACE_BOUND('',#264,.T.);
#264 = EDGE_LOOP('',(#265,#266,#267,#275));
#265 = ORIENTED_EDGE('',*,*,#252,.F.);
#266 = ORIENTED_EDGE('',*,*,#213,.T.);
#267 = ORIENTED_EDGE('',*,*,#268,.T.);
#268 = EDGE_CURVE('',#206,#269,#271,.T.);
#269 = VERTEX_POINT('',#270);
#270 = CARTESIAN_POINT('',(-1.6,-2.65,6.8));
#271 = LINE('',#272,#273);
#272 = CARTESIAN_POINT('',(-1.141666666667,-2.191666666667,
    6.341666666667));
#273 = VECTOR('',#274,1.);
#274 = DIRECTION('',(0.57735026919,0.57735026919,-0.57735026919));
#275 = ORIENTED_EDGE('',*,*,#276,.F.);
#276 = EDGE_CURVE('',#228,#269,#277,.T.);
#277 = LINE('',#278,#279);
#278 = CARTESIAN_POINT('',(-1.6,0.5,6.8));
#279 = VECTOR('',#280,1.);
#280 = DIRECTION('',(-1.224646799147E-16,-1.,0.));
#281 = PLANE('',#282);
#282 = AXIS2_PLACEMENT_3D('',#283,#284,#285);
#283 = CARTESIAN_POINT('',(-1.7,0.5,6.9));
#284 = DIRECTION('',(-0.707106781187,8.659560562349E-17,-0.707106781187)
  );
#285 = DIRECTION('',(1.224646799147E-16,1.,-2.103984282776E-29));
#286 = ADVANCED_FACE('',(#287),#346,.F.);
#287 = FACE_BOUND('',#288,.F.);
#288 = EDGE_LOOP('',(#289,#299,#307,#315,#323,#332,#338,#339,#340));
#289 = ORIENTED_EDGE('',*,*,#290,.F.);
#290 = EDGE_CURVE('',#291,#293,#295,.T.);
#291 = VERTEX_POINT('',#292);
#292 = CARTESIAN_POINT('',(-2.45,2.35,0.));
#293 = VERTEX_POINT('',#294);
#294 = CARTESIAN_POINT('',(-2.45,-3.4,0.));
#295 = LINE('',#296,#297);
#296 = CARTESIAN_POINT('',(-2.45,2.35,0.));
#297 = VECTOR('',#298,1.);
#298 = DIRECTION('',(-1.224646799147E-16,-1.,0.));
#299 = ORIENTED_EDGE('',*,*,#300,.T.);
#300 = EDGE_CURVE('',#291,#301,#303,.T.);
#301 = VERTEX_POINT('',#302);
#302 = CARTESIAN_POINT('',(-2.45,2.35,7.));
#303 = LINE('',#304,#305);
#304 = CARTESIAN_POINT('',(-2.45,2.35,0.));
#305 = VECTOR('',#306,1.);
#306 = DIRECTION('',(0.,0.,1.));
#307 = ORIENTED_EDGE('',*,*,#308,.T.);
#308 = EDGE_CURVE('',#301,#309,#311,.T.);
#309 = VERTEX_POINT('',#310);
#310 = CARTESIAN_POINT('',(-2.45,1.5,7.));
#311 = LINE('',#312,#313);
#312 = CARTESIAN_POINT('',(-2.45,2.35,7.));
#313 = VECTOR('',#314,1.);
#314 = DIRECTION('',(-1.224646799147E-16,-1.,0.));
#315 = ORIENTED_EDGE('',*,*,#316,.T.);
#316 = EDGE_CURVE('',#309,#317,#319,.T.);
#317 = VERTEX_POINT('',#318);
#318 = CARTESIAN_POINT('',(-2.45,1.5,4.15));
#319 = LINE('',#320,#321);
#320 = CARTESIAN_POINT('',(-2.45,1.5,3.5));
#321 = VECTOR('',#322,1.);
#322 = DIRECTION('',(-0.,0.,-1.));
#323 = ORIENTED_EDGE('',*,*,#324,.F.);
#324 = EDGE_CURVE('',#325,#317,#327,.T.);
#325 = VERTEX_POINT('',#326);
#326 = CARTESIAN_POINT('',(-2.45,1.,3.65));
#327 = CIRCLE('',#328,0.5);
#328 = AXIS2_PLACEMENT_3D('',#329,#330,#331);
#329 = CARTESIAN_POINT('',(-2.45,1.,4.15));
#330 = DIRECTION('',(1.,-1.224646799147E-16,0.));
#331 = DIRECTION('',(1.224646799147E-16,1.,0.));
#332 = ORIENTED_EDGE('',*,*,#333,.T.);
#333 = EDGE_CURVE('',#325,#238,#334,.T.);
#334 = LINE('',#335,#336);
#335 = CARTESIAN_POINT('',(-2.45,1.675,3.65));
#336 = VECTOR('',#337,1.);
#337 = DIRECTION('',(-1.224646799147E-16,-1.,0.));
#338 = ORIENTED_EDGE('',*,*,#245,.T.);
#339 = ORIENTED_EDGE('',*,*,#165,.T.);
#340 = ORIENTED_EDGE('',*,*,#341,.F.);
#341 = EDGE_CURVE('',#293,#166,#342,.T.);
#342 = LINE('',#343,#344);
#343 = CARTESIAN_POINT('',(-2.45,-3.4,0.));
#344 = VECTOR('',#345,1.);
#345 = DIRECTION('',(0.,0.,1.));
#346 = PLANE('',#347);
#347 = AXIS2_PLACEMENT_3D('',#348,#349,#350);
#348 = CARTESIAN_POINT('',(-2.45,2.35,0.));
#349 = DIRECTION('',(1.,-1.224646799147E-16,0.));
#350 = DIRECTION('',(-1.224646799147E-16,-1.,0.));
#351 = ADVANCED_FACE('',(#352),#370,.F.);
#352 = FACE_BOUND('',#353,.T.);
#353 = EDGE_LOOP('',(#354,#355,#356,#364));
#354 = ORIENTED_EDGE('',*,*,#268,.F.);
#355 = ORIENTED_EDGE('',*,*,#205,.T.);
#356 = ORIENTED_EDGE('',*,*,#357,.T.);
#357 = EDGE_CURVE('',#198,#358,#360,.T.);
#358 = VERTEX_POINT('',#359);
#359 = CARTESIAN_POINT('',(11.6,-2.65,6.8));
#360 = LINE('',#361,#362);
#361 = CARTESIAN_POINT('',(9.466666666667,-0.516666666667,4.666666666667
    ));
#362 = VECTOR('',#363,1.);
#363 = DIRECTION('',(-0.57735026919,0.57735026919,-0.57735026919));
#364 = ORIENTED_EDGE('',*,*,#365,.F.);
#365 = EDGE_CURVE('',#269,#358,#366,.T.);
#366 = LINE('',#367,#368);
#367 = CARTESIAN_POINT('',(-1.6,-2.65,6.8));
#368 = VECTOR('',#369,1.);
#369 = DIRECTION('',(1.,-1.224646799147E-16,0.));
#370 = PLANE('',#371);
#371 = AXIS2_PLACEMENT_3D('',#372,#373,#374);
#372 = CARTESIAN_POINT('',(-1.6,-2.75,6.9));
#373 = DIRECTION('',(-8.659560562349E-17,-0.707106781187,-0.707106781187
    ));
#374 = DIRECTION('',(-1.,1.224646799147E-16,-2.105273685727E-29));
#375 = ADVANCED_FACE('',(#376),#554,.F.);
#376 = FACE_BOUND('',#377,.F.);
#377 = EDGE_LOOP('',(#378,#386,#387,#388,#396,#404,#412,#420,#428,#436,
    #444,#452,#460,#468,#476,#484,#492,#500,#508,#516,#524,#532,#540,
    #548));
#378 = ORIENTED_EDGE('',*,*,#379,.F.);
#379 = EDGE_CURVE('',#293,#380,#382,.T.);
#380 = VERTEX_POINT('',#381);
#381 = CARTESIAN_POINT('',(-0.75,-3.4,0.));
#382 = LINE('',#383,#384);
#383 = CARTESIAN_POINT('',(-2.45,-3.4,0.));
#384 = VECTOR('',#385,1.);
#385 = DIRECTION('',(1.,-1.224646799147E-16,0.));
#386 = ORIENTED_EDGE('',*,*,#341,.T.);
#387 = ORIENTED_EDGE('',*,*,#173,.T.);
#388 = ORIENTED_EDGE('',*,*,#389,.F.);
#389 = EDGE_CURVE('',#390,#174,#392,.T.);
#390 = VERTEX_POINT('',#391);
#391 = CARTESIAN_POINT('',(12.45,-3.4,0.));
#392 = LINE('',#393,#394);
#393 = CARTESIAN_POINT('',(12.45,-3.4,0.));
#394 = VECTOR('',#395,1.);
#395 = DIRECTION('',(0.,0.,1.));
#396 = ORIENTED_EDGE('',*,*,#397,.F.);
#397 = EDGE_CURVE('',#398,#390,#400,.T.);
#398 = VERTEX_POINT('',#399);
#399 = CARTESIAN_POINT('',(10.75,-3.4,0.));
#400 = LINE('',#401,#402);
#401 = CARTESIAN_POINT('',(-2.45,-3.4,0.));
#402 = VECTOR('',#403,1.);
#403 = DIRECTION('',(1.,-1.224646799147E-16,0.));
#404 = ORIENTED_EDGE('',*,*,#405,.F.);
#405 = EDGE_CURVE('',#406,#398,#408,.T.);
#406 = VERTEX_POINT('',#407);
#407 = CARTESIAN_POINT('',(10.75,-3.4,1.));
#408 = LINE('',#409,#410);
#409 = CARTESIAN_POINT('',(10.75,-3.4,1.));
#410 = VECTOR('',#411,1.);
#411 = DIRECTION('',(-0.,0.,-1.));
#412 = ORIENTED_EDGE('',*,*,#413,.T.);
#413 = EDGE_CURVE('',#406,#414,#416,.T.);
#414 = VERTEX_POINT('',#415);
#415 = CARTESIAN_POINT('',(9.25,-3.4,1.));
#416 = LINE('',#417,#418);
#417 = CARTESIAN_POINT('',(10.75,-3.4,1.));
#418 = VECTOR('',#419,1.);
#419 = DIRECTION('',(-1.,1.224646799147E-16,0.));
#420 = ORIENTED_EDGE('',*,*,#421,.T.);
#421 = EDGE_CURVE('',#414,#422,#424,.T.);
#422 = VERTEX_POINT('',#423);
#423 = CARTESIAN_POINT('',(9.25,-3.4,0.));
#424 = LINE('',#425,#426);
#425 = CARTESIAN_POINT('',(9.25,-3.4,1.));
#426 = VECTOR('',#427,1.);
#427 = DIRECTION('',(-0.,0.,-1.));
#428 = ORIENTED_EDGE('',*,*,#429,.F.);
#429 = EDGE_CURVE('',#430,#422,#432,.T.);
#430 = VERTEX_POINT('',#431);
#431 = CARTESIAN_POINT('',(8.25,-3.4,0.));
#432 = LINE('',#433,#434);
#433 = CARTESIAN_POINT('',(-2.45,-3.4,0.));
#434 = VECTOR('',#435,1.);
#435 = DIRECTION('',(1.,-1.224646799147E-16,0.));
#436 = ORIENTED_EDGE('',*,*,#437,.F.);
#437 = EDGE_CURVE('',#438,#430,#440,.T.);
#438 = VERTEX_POINT('',#439);
#439 = CARTESIAN_POINT('',(8.25,-3.4,1.));
#440 = LINE('',#441,#442);
#441 = CARTESIAN_POINT('',(8.25,-3.4,1.));
#442 = VECTOR('',#443,1.);
#443 = DIRECTION('',(-0.,0.,-1.));
#444 = ORIENTED_EDGE('',*,*,#445,.T.);
#445 = EDGE_CURVE('',#438,#446,#448,.T.);
#446 = VERTEX_POINT('',#447);
#447 = CARTESIAN_POINT('',(6.75,-3.4,1.));
#448 = LINE('',#449,#450);
#449 = CARTESIAN_POINT('',(8.25,-3.4,1.));
#450 = VECTOR('',#451,1.);
#451 = DIRECTION('',(-1.,1.224646799147E-16,0.));
#452 = ORIENTED_EDGE('',*,*,#453,.T.);
#453 = EDGE_CURVE('',#446,#454,#456,.T.);
#454 = VERTEX_POINT('',#455);
#455 = CARTESIAN_POINT('',(6.75,-3.4,0.));
#456 = LINE('',#457,#458);
#457 = CARTESIAN_POINT('',(6.75,-3.4,1.));
#458 = VECTOR('',#459,1.);
#459 = DIRECTION('',(-0.,0.,-1.));
#460 = ORIENTED_EDGE('',*,*,#461,.F.);
#461 = EDGE_CURVE('',#462,#454,#464,.T.);
#462 = VERTEX_POINT('',#463);
#463 = CARTESIAN_POINT('',(5.75,-3.4,0.));
#464 = LINE('',#465,#466);
#465 = CARTESIAN_POINT('',(-2.45,-3.4,0.));
#466 = VECTOR('',#467,1.);
#467 = DIRECTION('',(1.,-1.224646799147E-16,0.));
#468 = ORIENTED_EDGE('',*,*,#469,.F.);
#469 = EDGE_CURVE('',#470,#462,#472,.T.);
#470 = VERTEX_POINT('',#471);
#471 = CARTESIAN_POINT('',(5.75,-3.4,1.));
#472 = LINE('',#473,#474);
#473 = CARTESIAN_POINT('',(5.75,-3.4,1.));
#474 = VECTOR('',#475,1.);
#475 = DIRECTION('',(-0.,0.,-1.));
#476 = ORIENTED_EDGE('',*,*,#477,.T.);
#477 = EDGE_CURVE('',#470,#478,#480,.T.);
#478 = VERTEX_POINT('',#479);
#479 = CARTESIAN_POINT('',(4.25,-3.4,1.));
#480 = LINE('',#481,#482);
#481 = CARTESIAN_POINT('',(5.75,-3.4,1.));
#482 = VECTOR('',#483,1.);
#483 = DIRECTION('',(-1.,1.224646799147E-16,0.));
#484 = ORIENTED_EDGE('',*,*,#485,.T.);
#485 = EDGE_CURVE('',#478,#486,#488,.T.);
#486 = VERTEX_POINT('',#487);
#487 = CARTESIAN_POINT('',(4.25,-3.4,0.));
#488 = LINE('',#489,#490);
#489 = CARTESIAN_POINT('',(4.25,-3.4,1.));
#490 = VECTOR('',#491,1.);
#491 = DIRECTION('',(-0.,0.,-1.));
#492 = ORIENTED_EDGE('',*,*,#493,.F.);
#493 = EDGE_CURVE('',#494,#486,#496,.T.);
#494 = VERTEX_POINT('',#495);
#495 = CARTESIAN_POINT('',(3.25,-3.4,0.));
#496 = LINE('',#497,#498);
#497 = CARTESIAN_POINT('',(-2.45,-3.4,0.));
#498 = VECTOR('',#499,1.);
#499 = DIRECTION('',(1.,-1.224646799147E-16,0.));
#500 = ORIENTED_EDGE('',*,*,#501,.F.);
#501 = EDGE_CURVE('',#502,#494,#504,.T.);
#502 = VERTEX_POINT('',#503);
#503 = CARTESIAN_POINT('',(3.25,-3.4,1.));
#504 = LINE('',#505,#506);
#505 = CARTESIAN_POINT('',(3.25,-3.4,1.));
#506 = VECTOR('',#507,1.);
#507 = DIRECTION('',(-0.,0.,-1.));
#508 = ORIENTED_EDGE('',*,*,#509,.T.);
#509 = EDGE_CURVE('',#502,#510,#512,.T.);
#510 = VERTEX_POINT('',#511);
#511 = CARTESIAN_POINT('',(1.75,-3.4,1.));
#512 = LINE('',#513,#514);
#513 = CARTESIAN_POINT('',(3.25,-3.4,1.));
#514 = VECTOR('',#515,1.);
#515 = DIRECTION('',(-1.,1.224646799147E-16,0.));
#516 = ORIENTED_EDGE('',*,*,#517,.T.);
#517 = EDGE_CURVE('',#510,#518,#520,.T.);
#518 = VERTEX_POINT('',#519);
#519 = CARTESIAN_POINT('',(1.75,-3.4,0.));
#520 = LINE('',#521,#522);
#521 = CARTESIAN_POINT('',(1.75,-3.4,1.));
#522 = VECTOR('',#523,1.);
#523 = DIRECTION('',(-0.,0.,-1.));
#524 = ORIENTED_EDGE('',*,*,#525,.F.);
#525 = EDGE_CURVE('',#526,#518,#528,.T.);
#526 = VERTEX_POINT('',#527);
#527 = CARTESIAN_POINT('',(0.75,-3.4,0.));
#528 = LINE('',#529,#530);
#529 = CARTESIAN_POINT('',(-2.45,-3.4,0.));
#530 = VECTOR('',#531,1.);
#531 = DIRECTION('',(1.,-1.224646799147E-16,0.));
#532 = ORIENTED_EDGE('',*,*,#533,.F.);
#533 = EDGE_CURVE('',#534,#526,#536,.T.);
#534 = VERTEX_POINT('',#535);
#535 = CARTESIAN_POINT('',(0.75,-3.4,1.));
#536 = LINE('',#537,#538);
#537 = CARTESIAN_POINT('',(0.75,-3.4,1.));
#538 = VECTOR('',#539,1.);
#539 = DIRECTION('',(-0.,0.,-1.));
#540 = ORIENTED_EDGE('',*,*,#541,.T.);
#541 = EDGE_CURVE('',#534,#542,#544,.T.);
#542 = VERTEX_POINT('',#543);
#543 = CARTESIAN_POINT('',(-0.75,-3.4,1.));
#544 = LINE('',#545,#546);
#545 = CARTESIAN_POINT('',(0.75,-3.4,1.));
#546 = VECTOR('',#547,1.);
#547 = DIRECTION('',(-1.,1.224646799147E-16,0.));
#548 = ORIENTED_EDGE('',*,*,#549,.T.);
#549 = EDGE_CURVE('',#542,#380,#550,.T.);
#550 = LINE('',#551,#552);
#551 = CARTESIAN_POINT('',(-0.75,-3.4,1.));
#552 = VECTOR('',#553,1.);
#553 = DIRECTION('',(-0.,0.,-1.));
#554 = PLANE('',#555);
#555 = AXIS2_PLACEMENT_3D('',#556,#557,#558);
#556 = CARTESIAN_POINT('',(-2.45,-3.4,0.));
#557 = DIRECTION('',(1.224646799147E-16,1.,0.));
#558 = DIRECTION('',(1.,-1.224646799147E-16,0.));
#559 = ADVANCED_FACE('',(#560),#578,.F.);
#560 = FACE_BOUND('',#561,.T.);
#561 = EDGE_LOOP('',(#562,#563,#564,#572));
#562 = ORIENTED_EDGE('',*,*,#357,.F.);
#563 = ORIENTED_EDGE('',*,*,#197,.T.);
#564 = ORIENTED_EDGE('',*,*,#565,.T.);
#565 = EDGE_CURVE('',#190,#566,#568,.T.);
#566 = VERTEX_POINT('',#567);
#567 = CARTESIAN_POINT('',(11.6,0.5,6.8));
#568 = LINE('',#569,#570);
#569 = CARTESIAN_POINT('',(11.075,0.5,6.275));
#570 = VECTOR('',#571,1.);
#571 = DIRECTION('',(-0.707106781187,8.659560562349E-17,-0.707106781187)
  );
#572 = ORIENTED_EDGE('',*,*,#573,.F.);
#573 = EDGE_CURVE('',#358,#566,#574,.T.);
#574 = LINE('',#575,#576);
#575 = CARTESIAN_POINT('',(11.6,-2.65,6.8));
#576 = VECTOR('',#577,1.);
#577 = DIRECTION('',(1.224646799147E-16,1.,0.));
#578 = PLANE('',#579);
#579 = AXIS2_PLACEMENT_3D('',#580,#581,#582);
#580 = CARTESIAN_POINT('',(11.7,-2.65,6.9));
#581 = DIRECTION('',(0.707106781187,-8.659560562349E-17,-0.707106781187)
  );
#582 = DIRECTION('',(-1.224646799147E-16,-1.,-2.103984282776E-29));
#583 = ADVANCED_FACE('',(#584),#643,.F.);
#584 = FACE_BOUND('',#585,.F.);
#585 = EDGE_LOOP('',(#586,#594,#595,#596,#604,#612,#621,#629,#637));
#586 = ORIENTED_EDGE('',*,*,#587,.F.);
#587 = EDGE_CURVE('',#390,#588,#590,.T.);
#588 = VERTEX_POINT('',#589);
#589 = CARTESIAN_POINT('',(12.45,2.35,0.));
#590 = LINE('',#591,#592);
#591 = CARTESIAN_POINT('',(12.45,-3.4,0.));
#592 = VECTOR('',#593,1.);
#593 = DIRECTION('',(1.224646799147E-16,1.,0.));
#594 = ORIENTED_EDGE('',*,*,#389,.T.);
#595 = ORIENTED_EDGE('',*,*,#181,.T.);
#596 = ORIENTED_EDGE('',*,*,#597,.F.);
#597 = EDGE_CURVE('',#598,#182,#600,.T.);
#598 = VERTEX_POINT('',#599);
#599 = CARTESIAN_POINT('',(12.45,0.5,3.65));
#600 = LINE('',#601,#602);
#601 = CARTESIAN_POINT('',(12.45,0.5,3.65));
#602 = VECTOR('',#603,1.);
#603 = DIRECTION('',(0.,0.,1.));
#604 = ORIENTED_EDGE('',*,*,#605,.F.);
#605 = EDGE_CURVE('',#606,#598,#608,.T.);
#606 = VERTEX_POINT('',#607);
#607 = CARTESIAN_POINT('',(12.45,1.,3.65));
#608 = LINE('',#609,#610);
#609 = CARTESIAN_POINT('',(12.45,1.,3.65));
#610 = VECTOR('',#611,1.);
#611 = DIRECTION('',(-1.224646799147E-16,-1.,0.));
#612 = ORIENTED_EDGE('',*,*,#613,.F.);
#613 = EDGE_CURVE('',#614,#606,#616,.T.);
#614 = VERTEX_POINT('',#615);
#615 = CARTESIAN_POINT('',(12.45,1.5,4.15));
#616 = CIRCLE('',#617,0.5);
#617 = AXIS2_PLACEMENT_3D('',#618,#619,#620);
#618 = CARTESIAN_POINT('',(12.45,1.,4.15));
#619 = DIRECTION('',(-1.,1.224646799147E-16,0.));
#620 = DIRECTION('',(1.224646799147E-16,1.,0.));
#621 = ORIENTED_EDGE('',*,*,#622,.F.);
#622 = EDGE_CURVE('',#623,#614,#625,.T.);
#623 = VERTEX_POINT('',#624);
#624 = CARTESIAN_POINT('',(12.45,1.5,7.));
#625 = LINE('',#626,#627);
#626 = CARTESIAN_POINT('',(12.45,1.5,7.));
#627 = VECTOR('',#628,1.);
#628 = DIRECTION('',(-0.,0.,-1.));
#629 = ORIENTED_EDGE('',*,*,#630,.T.);
#630 = EDGE_CURVE('',#623,#631,#633,.T.);
#631 = VERTEX_POINT('',#632);
#632 = CARTESIAN_POINT('',(12.45,2.35,7.));
#633 = LINE('',#634,#635);
#634 = CARTESIAN_POINT('',(12.45,-3.4,7.));
#635 = VECTOR('',#636,1.);
#636 = DIRECTION('',(1.224646799147E-16,1.,0.));
#637 = ORIENTED_EDGE('',*,*,#638,.F.);
#638 = EDGE_CURVE('',#588,#631,#639,.T.);
#639 = LINE('',#640,#641);
#640 = CARTESIAN_POINT('',(12.45,2.35,0.));
#641 = VECTOR('',#642,1.);
#642 = DIRECTION('',(0.,0.,1.));
#643 = PLANE('',#644);
#644 = AXIS2_PLACEMENT_3D('',#645,#646,#647);
#645 = CARTESIAN_POINT('',(12.45,-3.4,0.));
#646 = DIRECTION('',(-1.,1.224646799147E-16,0.));
#647 = DIRECTION('',(1.224646799147E-16,1.,0.));
#648 = ADVANCED_FACE('',(#649),#668,.T.);
#649 = FACE_BOUND('',#650,.T.);
#650 = EDGE_LOOP('',(#651,#652,#653,#661,#667));
#651 = ORIENTED_EDGE('',*,*,#189,.F.);
#652 = ORIENTED_EDGE('',*,*,#597,.F.);
#653 = ORIENTED_EDGE('',*,*,#654,.T.);
#654 = EDGE_CURVE('',#598,#655,#657,.T.);
#655 = VERTEX_POINT('',#656);
#656 = CARTESIAN_POINT('',(11.6,0.5,3.65));
#657 = LINE('',#658,#659);
#658 = CARTESIAN_POINT('',(12.45,0.5,3.65));
#659 = VECTOR('',#660,1.);
#660 = DIRECTION('',(-1.,1.224646799147E-16,0.));
#661 = ORIENTED_EDGE('',*,*,#662,.T.);
#662 = EDGE_CURVE('',#655,#566,#663,.T.);
#663 = LINE('',#664,#665);
#664 = CARTESIAN_POINT('',(11.6,0.5,5.325));
#665 = VECTOR('',#666,1.);
#666 = DIRECTION('',(0.,0.,1.));
#667 = ORIENTED_EDGE('',*,*,#565,.F.);
#668 = PLANE('',#669);
#669 = AXIS2_PLACEMENT_3D('',#670,#671,#672);
#670 = CARTESIAN_POINT('',(12.45,0.5,3.65));
#671 = DIRECTION('',(1.224646799147E-16,1.,0.));
#672 = DIRECTION('',(0.,-0.,1.));
#673 = ADVANCED_FACE('',(#674),#717,.F.);
#674 = FACE_BOUND('',#675,.F.);
#675 = EDGE_LOOP('',(#676,#677,#685,#694,#702,#710,#716));
#676 = ORIENTED_EDGE('',*,*,#227,.T.);
#677 = ORIENTED_EDGE('',*,*,#678,.T.);
#678 = EDGE_CURVE('',#230,#679,#681,.T.);
#679 = VERTEX_POINT('',#680);
#680 = CARTESIAN_POINT('',(-1.6,1.,3.65));
#681 = LINE('',#682,#683);
#682 = CARTESIAN_POINT('',(-1.6,1.25,3.65));
#683 = VECTOR('',#684,1.);
#684 = DIRECTION('',(1.224646799147E-16,1.,0.));
#685 = ORIENTED_EDGE('',*,*,#686,.T.);
#686 = EDGE_CURVE('',#679,#687,#689,.T.);
#687 = VERTEX_POINT('',#688);
#688 = CARTESIAN_POINT('',(-1.6,1.5,4.15));
#689 = CIRCLE('',#690,0.5);
#690 = AXIS2_PLACEMENT_3D('',#691,#692,#693);
#691 = CARTESIAN_POINT('',(-1.6,1.,4.15));
#692 = DIRECTION('',(1.,-1.224646799147E-16,0.));
#693 = DIRECTION('',(1.224646799147E-16,1.,0.));
#694 = ORIENTED_EDGE('',*,*,#695,.T.);
#695 = EDGE_CURVE('',#687,#696,#698,.T.);
#696 = VERTEX_POINT('',#697);
#697 = CARTESIAN_POINT('',(-1.6,1.5,1.85));
#698 = LINE('',#699,#700);
#699 = CARTESIAN_POINT('',(-1.6,1.5,7.));
#700 = VECTOR('',#701,1.);
#701 = DIRECTION('',(0.,0.,-1.));
#702 = ORIENTED_EDGE('',*,*,#703,.T.);
#703 = EDGE_CURVE('',#696,#704,#706,.T.);
#704 = VERTEX_POINT('',#705);
#705 = CARTESIAN_POINT('',(-1.6,-2.65,1.85));
#706 = LINE('',#707,#708);
#707 = CARTESIAN_POINT('',(-1.6,1.5,1.85));
#708 = VECTOR('',#709,1.);
#709 = DIRECTION('',(-1.224646799147E-16,-1.,0.));
#710 = ORIENTED_EDGE('',*,*,#711,.F.);
#711 = EDGE_CURVE('',#269,#704,#712,.T.);
#712 = LINE('',#713,#714);
#713 = CARTESIAN_POINT('',(-1.6,-2.65,7.));
#714 = VECTOR('',#715,1.);
#715 = DIRECTION('',(0.,0.,-1.));
#716 = ORIENTED_EDGE('',*,*,#276,.F.);
#717 = PLANE('',#718);
#718 = AXIS2_PLACEMENT_3D('',#719,#720,#721);
#719 = CARTESIAN_POINT('',(-1.6,1.5,7.));
#720 = DIRECTION('',(-1.,1.224646799147E-16,0.));
#721 = DIRECTION('',(-1.224646799147E-16,-1.,0.));
#722 = ADVANCED_FACE('',(#723),#734,.T.);
#723 = FACE_BOUND('',#724,.T.);
#724 = EDGE_LOOP('',(#725,#726,#732,#733));
#725 = ORIENTED_EDGE('',*,*,#678,.T.);
#726 = ORIENTED_EDGE('',*,*,#727,.T.);
#727 = EDGE_CURVE('',#679,#325,#728,.T.);
#728 = LINE('',#729,#730);
#729 = CARTESIAN_POINT('',(12.45,1.,3.65));
#730 = VECTOR('',#731,1.);
#731 = DIRECTION('',(-1.,1.224646799147E-16,0.));
#732 = ORIENTED_EDGE('',*,*,#333,.T.);
#733 = ORIENTED_EDGE('',*,*,#237,.F.);
#734 = PLANE('',#735);
#735 = AXIS2_PLACEMENT_3D('',#736,#737,#738);
#736 = CARTESIAN_POINT('',(12.45,1.,3.65));
#737 = DIRECTION('',(0.,0.,1.));
#738 = DIRECTION('',(-1.224646799147E-16,-1.,0.));
#739 = ADVANCED_FACE('',(#740),#758,.F.);
#740 = FACE_BOUND('',#741,.F.);
#741 = EDGE_LOOP('',(#742,#750,#756,#757));
#742 = ORIENTED_EDGE('',*,*,#743,.T.);
#743 = EDGE_CURVE('',#380,#744,#746,.T.);
#744 = VERTEX_POINT('',#745);
#745 = CARTESIAN_POINT('',(-0.75,2.35,0.));
#746 = LINE('',#747,#748);
#747 = CARTESIAN_POINT('',(-0.75,-3.4,0.));
#748 = VECTOR('',#749,1.);
#749 = DIRECTION('',(1.224646799147E-16,1.,0.));
#750 = ORIENTED_EDGE('',*,*,#751,.T.);
#751 = EDGE_CURVE('',#744,#291,#752,.T.);
#752 = LINE('',#753,#754);
#753 = CARTESIAN_POINT('',(12.45,2.35,0.));
#754 = VECTOR('',#755,1.);
#755 = DIRECTION('',(-1.,1.224646799147E-16,0.));
#756 = ORIENTED_EDGE('',*,*,#290,.T.);
#757 = ORIENTED_EDGE('',*,*,#379,.T.);
#758 = PLANE('',#759);
#759 = AXIS2_PLACEMENT_3D('',#760,#761,#762);
#760 = CARTESIAN_POINT('',(5.,-0.525,0.));
#761 = DIRECTION('',(0.,0.,1.));
#762 = DIRECTION('',(-1.,1.224646799147E-16,0.));
#763 = ADVANCED_FACE('',(#764),#775,.F.);
#764 = FACE_BOUND('',#765,.F.);
#765 = EDGE_LOOP('',(#766,#767,#768,#774));
#766 = ORIENTED_EDGE('',*,*,#727,.T.);
#767 = ORIENTED_EDGE('',*,*,#324,.T.);
#768 = ORIENTED_EDGE('',*,*,#769,.F.);
#769 = EDGE_CURVE('',#687,#317,#770,.T.);
#770 = LINE('',#771,#772);
#771 = CARTESIAN_POINT('',(12.45,1.5,4.15));
#772 = VECTOR('',#773,1.);
#773 = DIRECTION('',(-1.,1.224646799147E-16,0.));
#774 = ORIENTED_EDGE('',*,*,#686,.F.);
#775 = CYLINDRICAL_SURFACE('',#776,0.5);
#776 = AXIS2_PLACEMENT_3D('',#777,#778,#779);
#777 = CARTESIAN_POINT('',(12.45,1.,4.15));
#778 = DIRECTION('',(1.,-1.224646799147E-16,-0.));
#779 = DIRECTION('',(1.224646799147E-16,1.,0.));
#780 = ADVANCED_FACE('',(#781),#945,.T.);
#781 = FACE_BOUND('',#782,.T.);
#782 = EDGE_LOOP('',(#783,#784,#792,#800,#808,#816,#824,#833,#841,#849,
    #857,#865,#873,#882,#890,#898,#906,#914,#920,#921,#922,#923,#931,
    #939));
#783 = ORIENTED_EDGE('',*,*,#622,.F.);
#784 = ORIENTED_EDGE('',*,*,#785,.T.);
#785 = EDGE_CURVE('',#623,#786,#788,.T.);
#786 = VERTEX_POINT('',#787);
#787 = CARTESIAN_POINT('',(10.5,1.5,7.));
#788 = LINE('',#789,#790);
#789 = CARTESIAN_POINT('',(12.45,1.5,7.));
#790 = VECTOR('',#791,1.);
#791 = DIRECTION('',(-1.,1.224646799147E-16,0.));
#792 = ORIENTED_EDGE('',*,*,#793,.T.);
#793 = EDGE_CURVE('',#786,#794,#796,.T.);
#794 = VERTEX_POINT('',#795);
#795 = CARTESIAN_POINT('',(10.5,1.5,6.1));
#796 = LINE('',#797,#798);
#797 = CARTESIAN_POINT('',(10.5,1.5,5.311253117207));
#798 = VECTOR('',#799,1.);
#799 = DIRECTION('',(1.04233387337E-32,8.511301985975E-17,-1.));
#800 = ORIENTED_EDGE('',*,*,#801,.T.);
#801 = EDGE_CURVE('',#794,#802,#804,.T.);
#802 = VERTEX_POINT('',#803);
#803 = CARTESIAN_POINT('',(10.25,1.5,5.85));
#804 = LINE('',#805,#806);
#805 = CARTESIAN_POINT('',(8.605626558603,1.5,4.205626558603));
#806 = VECTOR('',#807,1.);
#807 = DIRECTION('',(-0.707106781187,1.467795991335E-16,-0.707106781187)
  );
#808 = ORIENTED_EDGE('',*,*,#809,.T.);
#809 = EDGE_CURVE('',#802,#810,#812,.T.);
#810 = VERTEX_POINT('',#811);
#811 = CARTESIAN_POINT('',(10.5,1.5,5.6));
#812 = LINE('',#813,#814);
#813 = CARTESIAN_POINT('',(9.394373441397,1.5,6.705626558603));
#814 = VECTOR('',#815,1.);
#815 = DIRECTION('',(0.707106781187,-2.641161211344E-17,-0.707106781187)
  );
#816 = ORIENTED_EDGE('',*,*,#817,.T.);
#817 = EDGE_CURVE('',#810,#818,#820,.T.);
#818 = VERTEX_POINT('',#819);
#819 = CARTESIAN_POINT('',(10.5,1.5,3.85));
#820 = LINE('',#821,#822);
#821 = CARTESIAN_POINT('',(10.5,1.5,3.811253117207));
#822 = VECTOR('',#823,1.);
#823 = DIRECTION('',(1.04233387337E-32,8.511301985975E-17,-1.));
#824 = ORIENTED_EDGE('',*,*,#825,.F.);
#825 = EDGE_CURVE('',#826,#818,#828,.T.);
#826 = VERTEX_POINT('',#827);
#827 = CARTESIAN_POINT('',(9.75,1.5,3.1));
#828 = CIRCLE('',#829,0.75);
#829 = AXIS2_PLACEMENT_3D('',#830,#831,#832);
#830 = CARTESIAN_POINT('',(9.75,1.5,3.85));
#831 = DIRECTION('',(-1.224646799147E-16,-1.,0.));
#832 = DIRECTION('',(-0.,0.,-1.));
#833 = ORIENTED_EDGE('',*,*,#834,.T.);
#834 = EDGE_CURVE('',#826,#835,#837,.T.);
#835 = VERTEX_POINT('',#836);
#836 = CARTESIAN_POINT('',(9.,1.5,3.1));
#837 = LINE('',#838,#839);
#838 = CARTESIAN_POINT('',(7.,1.5,3.1));
#839 = VECTOR('',#840,1.);
#840 = DIRECTION('',(-1.,1.224646799147E-16,0.));
#841 = ORIENTED_EDGE('',*,*,#842,.T.);
#842 = EDGE_CURVE('',#835,#843,#845,.T.);
#843 = VERTEX_POINT('',#844);
#844 = CARTESIAN_POINT('',(9.,1.5,7.));
#845 = LINE('',#846,#847);
#846 = CARTESIAN_POINT('',(9.,1.5,5.761253117207));
#847 = VECTOR('',#848,1.);
#848 = DIRECTION('',(-1.04233387337E-32,-8.511301985975E-17,1.));
#849 = ORIENTED_EDGE('',*,*,#850,.T.);
#850 = EDGE_CURVE('',#843,#851,#853,.T.);
#851 = VERTEX_POINT('',#852);
#852 = CARTESIAN_POINT('',(1.,1.5,7.));
#853 = LINE('',#854,#855);
#854 = CARTESIAN_POINT('',(12.45,1.5,7.));
#855 = VECTOR('',#856,1.);
#856 = DIRECTION('',(-1.,1.224646799147E-16,0.));
#857 = ORIENTED_EDGE('',*,*,#858,.F.);
#858 = EDGE_CURVE('',#859,#851,#861,.T.);
#859 = VERTEX_POINT('',#860);
#860 = CARTESIAN_POINT('',(1.,1.5,3.1));
#861 = LINE('',#862,#863);
#862 = CARTESIAN_POINT('',(1.,1.5,5.761253117207));
#863 = VECTOR('',#864,1.);
#864 = DIRECTION('',(-1.04233387337E-32,-8.511301985975E-17,1.));
#865 = ORIENTED_EDGE('',*,*,#866,.F.);
#866 = EDGE_CURVE('',#867,#859,#869,.T.);
#867 = VERTEX_POINT('',#868);
#868 = CARTESIAN_POINT('',(0.25,1.5,3.1));
#869 = LINE('',#870,#871);
#870 = CARTESIAN_POINT('',(3.,1.5,3.1));
#871 = VECTOR('',#872,1.);
#872 = DIRECTION('',(1.,-1.224646799147E-16,0.));
#873 = ORIENTED_EDGE('',*,*,#874,.F.);
#874 = EDGE_CURVE('',#875,#867,#877,.T.);
#875 = VERTEX_POINT('',#876);
#876 = CARTESIAN_POINT('',(-0.5,1.5,3.85));
#877 = CIRCLE('',#878,0.75);
#878 = AXIS2_PLACEMENT_3D('',#879,#880,#881);
#879 = CARTESIAN_POINT('',(0.25,1.5,3.85));
#880 = DIRECTION('',(-1.224646799147E-16,-1.,0.));
#881 = DIRECTION('',(-0.,0.,-1.));
#882 = ORIENTED_EDGE('',*,*,#883,.F.);
#883 = EDGE_CURVE('',#884,#875,#886,.T.);
#884 = VERTEX_POINT('',#885);
#885 = CARTESIAN_POINT('',(-0.5,1.5,5.6));
#886 = LINE('',#887,#888);
#887 = CARTESIAN_POINT('',(-0.5,1.5,3.811253117207));
#888 = VECTOR('',#889,1.);
#889 = DIRECTION('',(1.04233387337E-32,8.511301985975E-17,-1.));
#890 = ORIENTED_EDGE('',*,*,#891,.F.);
#891 = EDGE_CURVE('',#892,#884,#894,.T.);
#892 = VERTEX_POINT('',#893);
#893 = CARTESIAN_POINT('',(-0.25,1.5,5.85));
#894 = LINE('',#895,#896);
#895 = CARTESIAN_POINT('',(0.605626558603,1.5,6.705626558603));
#896 = VECTOR('',#897,1.);
#897 = DIRECTION('',(-0.707106781187,1.467795991335E-16,-0.707106781187)
  );
#898 = ORIENTED_EDGE('',*,*,#899,.F.);
#899 = EDGE_CURVE('',#900,#892,#902,.T.);
#900 = VERTEX_POINT('',#901);
#901 = CARTESIAN_POINT('',(-0.5,1.5,6.1));
#902 = LINE('',#903,#904);
#903 = CARTESIAN_POINT('',(1.394373441397,1.5,4.205626558603));
#904 = VECTOR('',#905,1.);
#905 = DIRECTION('',(0.707106781187,-2.641161211344E-17,-0.707106781187)
  );
#906 = ORIENTED_EDGE('',*,*,#907,.F.);
#907 = EDGE_CURVE('',#908,#900,#910,.T.);
#908 = VERTEX_POINT('',#909);
#909 = CARTESIAN_POINT('',(-0.5,1.5,7.));
#910 = LINE('',#911,#912);
#911 = CARTESIAN_POINT('',(-0.5,1.5,5.311253117207));
#912 = VECTOR('',#913,1.);
#913 = DIRECTION('',(1.04233387337E-32,8.511301985975E-17,-1.));
#914 = ORIENTED_EDGE('',*,*,#915,.T.);
#915 = EDGE_CURVE('',#908,#309,#916,.T.);
#916 = LINE('',#917,#918);
#917 = CARTESIAN_POINT('',(12.45,1.5,7.));
#918 = VECTOR('',#919,1.);
#919 = DIRECTION('',(-1.,1.224646799147E-16,0.));
#920 = ORIENTED_EDGE('',*,*,#316,.T.);
#921 = ORIENTED_EDGE('',*,*,#769,.F.);
#922 = ORIENTED_EDGE('',*,*,#695,.T.);
#923 = ORIENTED_EDGE('',*,*,#924,.F.);
#924 = EDGE_CURVE('',#925,#696,#927,.T.);
#925 = VERTEX_POINT('',#926);
#926 = CARTESIAN_POINT('',(11.6,1.5,1.85));
#927 = LINE('',#928,#929);
#928 = CARTESIAN_POINT('',(11.6,1.5,1.85));
#929 = VECTOR('',#930,1.);
#930 = DIRECTION('',(-1.,1.224646799147E-16,0.));
#931 = ORIENTED_EDGE('',*,*,#932,.F.);
#932 = EDGE_CURVE('',#933,#925,#935,.T.);
#933 = VERTEX_POINT('',#934);
#934 = CARTESIAN_POINT('',(11.6,1.5,4.15));
#935 = LINE('',#936,#937);
#936 = CARTESIAN_POINT('',(11.6,1.5,7.));
#937 = VECTOR('',#938,1.);
#938 = DIRECTION('',(0.,0.,-1.));
#939 = ORIENTED_EDGE('',*,*,#940,.F.);
#940 = EDGE_CURVE('',#614,#933,#941,.T.);
#941 = LINE('',#942,#943);
#942 = CARTESIAN_POINT('',(12.45,1.5,4.15));
#943 = VECTOR('',#944,1.);
#944 = DIRECTION('',(-1.,1.224646799147E-16,0.));
#945 = PLANE('',#946);
#946 = AXIS2_PLACEMENT_3D('',#947,#948,#949);
#947 = CARTESIAN_POINT('',(5.,1.5,4.522506234414));
#948 = DIRECTION('',(-1.224646799147E-16,-1.,-8.511301985975E-17));
#949 = DIRECTION('',(-1.04233387337E-32,-8.511301985975E-17,1.));
#950 = ADVANCED_FACE('',(#951),#969,.T.);
#951 = FACE_BOUND('',#952,.T.);
#952 = EDGE_LOOP('',(#953,#954,#962,#968));
#953 = ORIENTED_EDGE('',*,*,#915,.F.);
#954 = ORIENTED_EDGE('',*,*,#955,.F.);
#955 = EDGE_CURVE('',#956,#908,#958,.T.);
#956 = VERTEX_POINT('',#957);
#957 = CARTESIAN_POINT('',(-0.5,2.35,7.));
#958 = LINE('',#959,#960);
#959 = CARTESIAN_POINT('',(-0.5,2.35,7.));
#960 = VECTOR('',#961,1.);
#961 = DIRECTION('',(-1.224646799147E-16,-1.,0.));
#962 = ORIENTED_EDGE('',*,*,#963,.T.);
#963 = EDGE_CURVE('',#956,#301,#964,.T.);
#964 = LINE('',#965,#966);
#965 = CARTESIAN_POINT('',(12.45,2.35,7.));
#966 = VECTOR('',#967,1.);
#967 = DIRECTION('',(-1.,1.224646799147E-16,0.));
#968 = ORIENTED_EDGE('',*,*,#308,.T.);
#969 = PLANE('',#970);
#970 = AXIS2_PLACEMENT_3D('',#971,#972,#973);
#971 = CARTESIAN_POINT('',(5.,-0.525,7.));
#972 = DIRECTION('',(0.,0.,1.));
#973 = DIRECTION('',(-1.,1.224646799147E-16,0.));
#974 = ADVANCED_FACE('',(#975),#1267,.F.);
#975 = FACE_BOUND('',#976,.F.);
#976 = EDGE_LOOP('',(#977,#985,#986,#994,#1002,#1010,#1018,#1026,#1035,
    #1043,#1051,#1059,#1067,#1075,#1084,#1092,#1100,#1108,#1114,#1115,
    #1116,#1117,#1125,#1133,#1141,#1149,#1157,#1165,#1173,#1181,#1189,
    #1197,#1205,#1213,#1221,#1229,#1237,#1245,#1253,#1261));
#977 = ORIENTED_EDGE('',*,*,#978,.F.);
#978 = EDGE_CURVE('',#588,#979,#981,.T.);
#979 = VERTEX_POINT('',#980);
#980 = CARTESIAN_POINT('',(10.75,2.35,0.));
#981 = LINE('',#982,#983);
#982 = CARTESIAN_POINT('',(12.45,2.35,0.));
#983 = VECTOR('',#984,1.);
#984 = DIRECTION('',(-1.,1.224646799147E-16,0.));
#985 = ORIENTED_EDGE('',*,*,#638,.T.);
#986 = ORIENTED_EDGE('',*,*,#987,.T.);
#987 = EDGE_CURVE('',#631,#988,#990,.T.);
#988 = VERTEX_POINT('',#989);
#989 = CARTESIAN_POINT('',(10.5,2.35,7.));
#990 = LINE('',#991,#992);
#991 = CARTESIAN_POINT('',(12.45,2.35,7.));
#992 = VECTOR('',#993,1.);
#993 = DIRECTION('',(-1.,1.224646799147E-16,0.));
#994 = ORIENTED_EDGE('',*,*,#995,.F.);
#995 = EDGE_CURVE('',#996,#988,#998,.T.);
#996 = VERTEX_POINT('',#997);
#997 = CARTESIAN_POINT('',(10.5,2.35,6.1));
#998 = LINE('',#999,#1000);
#999 = CARTESIAN_POINT('',(10.5,2.35,6.1));
#1000 = VECTOR('',#1001,1.);
#1001 = DIRECTION('',(0.,0.,1.));
#1002 = ORIENTED_EDGE('',*,*,#1003,.F.);
#1003 = EDGE_CURVE('',#1004,#996,#1006,.T.);
#1004 = VERTEX_POINT('',#1005);
#1005 = CARTESIAN_POINT('',(10.25,2.35,5.85));
#1006 = LINE('',#1007,#1008);
#1007 = CARTESIAN_POINT('',(10.25,2.35,5.85));
#1008 = VECTOR('',#1009,1.);
#1009 = DIRECTION('',(0.707106781187,-8.659560562349E-17,0.707106781187)
  );
#1010 = ORIENTED_EDGE('',*,*,#1011,.F.);
#1011 = EDGE_CURVE('',#1012,#1004,#1014,.T.);
#1012 = VERTEX_POINT('',#1013);
#1013 = CARTESIAN_POINT('',(10.5,2.35,5.6));
#1014 = LINE('',#1015,#1016);
#1015 = CARTESIAN_POINT('',(10.5,2.35,5.6));
#1016 = VECTOR('',#1017,1.);
#1017 = DIRECTION('',(-0.707106781187,8.659560562349E-17,0.707106781187)
  );
#1018 = ORIENTED_EDGE('',*,*,#1019,.F.);
#1019 = EDGE_CURVE('',#1020,#1012,#1022,.T.);
#1020 = VERTEX_POINT('',#1021);
#1021 = CARTESIAN_POINT('',(10.5,2.35,3.85));
#1022 = LINE('',#1023,#1024);
#1023 = CARTESIAN_POINT('',(10.5,2.35,3.1));
#1024 = VECTOR('',#1025,1.);
#1025 = DIRECTION('',(0.,0.,1.));
#1026 = ORIENTED_EDGE('',*,*,#1027,.F.);
#1027 = EDGE_CURVE('',#1028,#1020,#1030,.T.);
#1028 = VERTEX_POINT('',#1029);
#1029 = CARTESIAN_POINT('',(9.75,2.35,3.1));
#1030 = CIRCLE('',#1031,0.75);
#1031 = AXIS2_PLACEMENT_3D('',#1032,#1033,#1034);
#1032 = CARTESIAN_POINT('',(9.75,2.35,3.85));
#1033 = DIRECTION('',(-1.224646799147E-16,-1.,0.));
#1034 = DIRECTION('',(0.,0.,1.));
#1035 = ORIENTED_EDGE('',*,*,#1036,.F.);
#1036 = EDGE_CURVE('',#1037,#1028,#1039,.T.);
#1037 = VERTEX_POINT('',#1038);
#1038 = CARTESIAN_POINT('',(9.,2.35,3.1));
#1039 = LINE('',#1040,#1041);
#1040 = CARTESIAN_POINT('',(9.,2.35,3.1));
#1041 = VECTOR('',#1042,1.);
#1042 = DIRECTION('',(1.,-1.224646799147E-16,0.));
#1043 = ORIENTED_EDGE('',*,*,#1044,.F.);
#1044 = EDGE_CURVE('',#1045,#1037,#1047,.T.);
#1045 = VERTEX_POINT('',#1046);
#1046 = CARTESIAN_POINT('',(9.,2.35,7.));
#1047 = LINE('',#1048,#1049);
#1048 = CARTESIAN_POINT('',(9.,2.35,7.));
#1049 = VECTOR('',#1050,1.);
#1050 = DIRECTION('',(-0.,0.,-1.));
#1051 = ORIENTED_EDGE('',*,*,#1052,.T.);
#1052 = EDGE_CURVE('',#1045,#1053,#1055,.T.);
#1053 = VERTEX_POINT('',#1054);
#1054 = CARTESIAN_POINT('',(1.,2.35,7.));
#1055 = LINE('',#1056,#1057);
#1056 = CARTESIAN_POINT('',(12.45,2.35,7.));
#1057 = VECTOR('',#1058,1.);
#1058 = DIRECTION('',(-1.,1.224646799147E-16,0.));
#1059 = ORIENTED_EDGE('',*,*,#1060,.T.);
#1060 = EDGE_CURVE('',#1053,#1061,#1063,.T.);
#1061 = VERTEX_POINT('',#1062);
#1062 = CARTESIAN_POINT('',(1.,2.35,3.1));
#1063 = LINE('',#1064,#1065);
#1064 = CARTESIAN_POINT('',(1.,2.35,7.));
#1065 = VECTOR('',#1066,1.);
#1066 = DIRECTION('',(-0.,0.,-1.));
#1067 = ORIENTED_EDGE('',*,*,#1068,.T.);
#1068 = EDGE_CURVE('',#1061,#1069,#1071,.T.);
#1069 = VERTEX_POINT('',#1070);
#1070 = CARTESIAN_POINT('',(0.25,2.35,3.1));
#1071 = LINE('',#1072,#1073);
#1072 = CARTESIAN_POINT('',(1.,2.35,3.1));
#1073 = VECTOR('',#1074,1.);
#1074 = DIRECTION('',(-1.,1.224646799147E-16,0.));
#1075 = ORIENTED_EDGE('',*,*,#1076,.T.);
#1076 = EDGE_CURVE('',#1069,#1077,#1079,.T.);
#1077 = VERTEX_POINT('',#1078);
#1078 = CARTESIAN_POINT('',(-0.5,2.35,3.85));
#1079 = CIRCLE('',#1080,0.75);
#1080 = AXIS2_PLACEMENT_3D('',#1081,#1082,#1083);
#1081 = CARTESIAN_POINT('',(0.25,2.35,3.85));
#1082 = DIRECTION('',(1.224646799147E-16,1.,-0.));
#1083 = DIRECTION('',(0.,0.,1.));
#1084 = ORIENTED_EDGE('',*,*,#1085,.T.);
#1085 = EDGE_CURVE('',#1077,#1086,#1088,.T.);
#1086 = VERTEX_POINT('',#1087);
#1087 = CARTESIAN_POINT('',(-0.5,2.35,5.6));
#1088 = LINE('',#1089,#1090);
#1089 = CARTESIAN_POINT('',(-0.5,2.35,3.1));
#1090 = VECTOR('',#1091,1.);
#1091 = DIRECTION('',(0.,0.,1.));
#1092 = ORIENTED_EDGE('',*,*,#1093,.T.);
#1093 = EDGE_CURVE('',#1086,#1094,#1096,.T.);
#1094 = VERTEX_POINT('',#1095);
#1095 = CARTESIAN_POINT('',(-0.25,2.35,5.85));
#1096 = LINE('',#1097,#1098);
#1097 = CARTESIAN_POINT('',(-0.5,2.35,5.6));
#1098 = VECTOR('',#1099,1.);
#1099 = DIRECTION('',(0.707106781187,-8.659560562349E-17,0.707106781187)
  );
#1100 = ORIENTED_EDGE('',*,*,#1101,.T.);
#1101 = EDGE_CURVE('',#1094,#1102,#1104,.T.);
#1102 = VERTEX_POINT('',#1103);
#1103 = CARTESIAN_POINT('',(-0.5,2.35,6.1));
#1104 = LINE('',#1105,#1106);
#1105 = CARTESIAN_POINT('',(-0.25,2.35,5.85));
#1106 = VECTOR('',#1107,1.);
#1107 = DIRECTION('',(-0.707106781187,8.659560562349E-17,0.707106781187)
  );
#1108 = ORIENTED_EDGE('',*,*,#1109,.T.);
#1109 = EDGE_CURVE('',#1102,#956,#1110,.T.);
#1110 = LINE('',#1111,#1112);
#1111 = CARTESIAN_POINT('',(-0.5,2.35,6.1));
#1112 = VECTOR('',#1113,1.);
#1113 = DIRECTION('',(0.,0.,1.));
#1114 = ORIENTED_EDGE('',*,*,#963,.T.);
#1115 = ORIENTED_EDGE('',*,*,#300,.F.);
#1116 = ORIENTED_EDGE('',*,*,#751,.F.);
#1117 = ORIENTED_EDGE('',*,*,#1118,.T.);
#1118 = EDGE_CURVE('',#744,#1119,#1121,.T.);
#1119 = VERTEX_POINT('',#1120);
#1120 = CARTESIAN_POINT('',(-0.75,2.35,1.));
#1121 = LINE('',#1122,#1123);
#1122 = CARTESIAN_POINT('',(-0.75,2.35,0.));
#1123 = VECTOR('',#1124,1.);
#1124 = DIRECTION('',(0.,0.,1.));
#1125 = ORIENTED_EDGE('',*,*,#1126,.F.);
#1126 = EDGE_CURVE('',#1127,#1119,#1129,.T.);
#1127 = VERTEX_POINT('',#1128);
#1128 = CARTESIAN_POINT('',(0.75,2.35,1.));
#1129 = LINE('',#1130,#1131);
#1130 = CARTESIAN_POINT('',(0.75,2.35,1.));
#1131 = VECTOR('',#1132,1.);
#1132 = DIRECTION('',(-1.,1.224646799147E-16,0.));
#1133 = ORIENTED_EDGE('',*,*,#1134,.F.);
#1134 = EDGE_CURVE('',#1135,#1127,#1137,.T.);
#1135 = VERTEX_POINT('',#1136);
#1136 = CARTESIAN_POINT('',(0.75,2.35,0.));
#1137 = LINE('',#1138,#1139);
#1138 = CARTESIAN_POINT('',(0.75,2.35,0.));
#1139 = VECTOR('',#1140,1.);
#1140 = DIRECTION('',(0.,0.,1.));
#1141 = ORIENTED_EDGE('',*,*,#1142,.F.);
#1142 = EDGE_CURVE('',#1143,#1135,#1145,.T.);
#1143 = VERTEX_POINT('',#1144);
#1144 = CARTESIAN_POINT('',(1.75,2.35,0.));
#1145 = LINE('',#1146,#1147);
#1146 = CARTESIAN_POINT('',(12.45,2.35,0.));
#1147 = VECTOR('',#1148,1.);
#1148 = DIRECTION('',(-1.,1.224646799147E-16,0.));
#1149 = ORIENTED_EDGE('',*,*,#1150,.T.);
#1150 = EDGE_CURVE('',#1143,#1151,#1153,.T.);
#1151 = VERTEX_POINT('',#1152);
#1152 = CARTESIAN_POINT('',(1.75,2.35,1.));
#1153 = LINE('',#1154,#1155);
#1154 = CARTESIAN_POINT('',(1.75,2.35,0.));
#1155 = VECTOR('',#1156,1.);
#1156 = DIRECTION('',(0.,0.,1.));
#1157 = ORIENTED_EDGE('',*,*,#1158,.F.);
#1158 = EDGE_CURVE('',#1159,#1151,#1161,.T.);
#1159 = VERTEX_POINT('',#1160);
#1160 = CARTESIAN_POINT('',(3.25,2.35,1.));
#1161 = LINE('',#1162,#1163);
#1162 = CARTESIAN_POINT('',(3.25,2.35,1.));
#1163 = VECTOR('',#1164,1.);
#1164 = DIRECTION('',(-1.,1.224646799147E-16,0.));
#1165 = ORIENTED_EDGE('',*,*,#1166,.F.);
#1166 = EDGE_CURVE('',#1167,#1159,#1169,.T.);
#1167 = VERTEX_POINT('',#1168);
#1168 = CARTESIAN_POINT('',(3.25,2.35,0.));
#1169 = LINE('',#1170,#1171);
#1170 = CARTESIAN_POINT('',(3.25,2.35,0.));
#1171 = VECTOR('',#1172,1.);
#1172 = DIRECTION('',(0.,0.,1.));
#1173 = ORIENTED_EDGE('',*,*,#1174,.F.);
#1174 = EDGE_CURVE('',#1175,#1167,#1177,.T.);
#1175 = VERTEX_POINT('',#1176);
#1176 = CARTESIAN_POINT('',(4.25,2.35,0.));
#1177 = LINE('',#1178,#1179);
#1178 = CARTESIAN_POINT('',(12.45,2.35,0.));
#1179 = VECTOR('',#1180,1.);
#1180 = DIRECTION('',(-1.,1.224646799147E-16,0.));
#1181 = ORIENTED_EDGE('',*,*,#1182,.T.);
#1182 = EDGE_CURVE('',#1175,#1183,#1185,.T.);
#1183 = VERTEX_POINT('',#1184);
#1184 = CARTESIAN_POINT('',(4.25,2.35,1.));
#1185 = LINE('',#1186,#1187);
#1186 = CARTESIAN_POINT('',(4.25,2.35,0.));
#1187 = VECTOR('',#1188,1.);
#1188 = DIRECTION('',(0.,0.,1.));
#1189 = ORIENTED_EDGE('',*,*,#1190,.F.);
#1190 = EDGE_CURVE('',#1191,#1183,#1193,.T.);
#1191 = VERTEX_POINT('',#1192);
#1192 = CARTESIAN_POINT('',(5.75,2.35,1.));
#1193 = LINE('',#1194,#1195);
#1194 = CARTESIAN_POINT('',(5.75,2.35,1.));
#1195 = VECTOR('',#1196,1.);
#1196 = DIRECTION('',(-1.,1.224646799147E-16,0.));
#1197 = ORIENTED_EDGE('',*,*,#1198,.F.);
#1198 = EDGE_CURVE('',#1199,#1191,#1201,.T.);
#1199 = VERTEX_POINT('',#1200);
#1200 = CARTESIAN_POINT('',(5.75,2.35,0.));
#1201 = LINE('',#1202,#1203);
#1202 = CARTESIAN_POINT('',(5.75,2.35,0.));
#1203 = VECTOR('',#1204,1.);
#1204 = DIRECTION('',(0.,0.,1.));
#1205 = ORIENTED_EDGE('',*,*,#1206,.F.);
#1206 = EDGE_CURVE('',#1207,#1199,#1209,.T.);
#1207 = VERTEX_POINT('',#1208);
#1208 = CARTESIAN_POINT('',(6.75,2.35,0.));
#1209 = LINE('',#1210,#1211);
#1210 = CARTESIAN_POINT('',(12.45,2.35,0.));
#1211 = VECTOR('',#1212,1.);
#1212 = DIRECTION('',(-1.,1.224646799147E-16,0.));
#1213 = ORIENTED_EDGE('',*,*,#1214,.T.);
#1214 = EDGE_CURVE('',#1207,#1215,#1217,.T.);
#1215 = VERTEX_POINT('',#1216);
#1216 = CARTESIAN_POINT('',(6.75,2.35,1.));
#1217 = LINE('',#1218,#1219);
#1218 = CARTESIAN_POINT('',(6.75,2.35,0.));
#1219 = VECTOR('',#1220,1.);
#1220 = DIRECTION('',(0.,0.,1.));
#1221 = ORIENTED_EDGE('',*,*,#1222,.F.);
#1222 = EDGE_CURVE('',#1223,#1215,#1225,.T.);
#1223 = VERTEX_POINT('',#1224);
#1224 = CARTESIAN_POINT('',(8.25,2.35,1.));
#1225 = LINE('',#1226,#1227);
#1226 = CARTESIAN_POINT('',(8.25,2.35,1.));
#1227 = VECTOR('',#1228,1.);
#1228 = DIRECTION('',(-1.,1.224646799147E-16,0.));
#1229 = ORIENTED_EDGE('',*,*,#1230,.F.);
#1230 = EDGE_CURVE('',#1231,#1223,#1233,.T.);
#1231 = VERTEX_POINT('',#1232);
#1232 = CARTESIAN_POINT('',(8.25,2.35,0.));
#1233 = LINE('',#1234,#1235);
#1234 = CARTESIAN_POINT('',(8.25,2.35,0.));
#1235 = VECTOR('',#1236,1.);
#1236 = DIRECTION('',(0.,0.,1.));
#1237 = ORIENTED_EDGE('',*,*,#1238,.F.);
#1238 = EDGE_CURVE('',#1239,#1231,#1241,.T.);
#1239 = VERTEX_POINT('',#1240);
#1240 = CARTESIAN_POINT('',(9.25,2.35,0.));
#1241 = LINE('',#1242,#1243);
#1242 = CARTESIAN_POINT('',(12.45,2.35,0.));
#1243 = VECTOR('',#1244,1.);
#1244 = DIRECTION('',(-1.,1.224646799147E-16,0.));
#1245 = ORIENTED_EDGE('',*,*,#1246,.T.);
#1246 = EDGE_CURVE('',#1239,#1247,#1249,.T.);
#1247 = VERTEX_POINT('',#1248);
#1248 = CARTESIAN_POINT('',(9.25,2.35,1.));
#1249 = LINE('',#1250,#1251);
#1250 = CARTESIAN_POINT('',(9.25,2.35,0.));
#1251 = VECTOR('',#1252,1.);
#1252 = DIRECTION('',(0.,0.,1.));
#1253 = ORIENTED_EDGE('',*,*,#1254,.F.);
#1254 = EDGE_CURVE('',#1255,#1247,#1257,.T.);
#1255 = VERTEX_POINT('',#1256);
#1256 = CARTESIAN_POINT('',(10.75,2.35,1.));
#1257 = LINE('',#1258,#1259);
#1258 = CARTESIAN_POINT('',(10.75,2.35,1.));
#1259 = VECTOR('',#1260,1.);
#1260 = DIRECTION('',(-1.,1.224646799147E-16,0.));
#1261 = ORIENTED_EDGE('',*,*,#1262,.F.);
#1262 = EDGE_CURVE('',#979,#1255,#1263,.T.);
#1263 = LINE('',#1264,#1265);
#1264 = CARTESIAN_POINT('',(10.75,2.35,0.));
#1265 = VECTOR('',#1266,1.);
#1266 = DIRECTION('',(0.,0.,1.));
#1267 = PLANE('',#1268);
#1268 = AXIS2_PLACEMENT_3D('',#1269,#1270,#1271);
#1269 = CARTESIAN_POINT('',(12.45,2.35,0.));
#1270 = DIRECTION('',(-1.224646799147E-16,-1.,0.));
#1271 = DIRECTION('',(-1.,1.224646799147E-16,0.));
#1272 = ADVANCED_FACE('',(#1273),#1291,.F.);
#1273 = FACE_BOUND('',#1274,.F.);
#1274 = EDGE_LOOP('',(#1275,#1276,#1284,#1290));
#1275 = ORIENTED_EDGE('',*,*,#711,.T.);
#1276 = ORIENTED_EDGE('',*,*,#1277,.T.);
#1277 = EDGE_CURVE('',#704,#1278,#1280,.T.);
#1278 = VERTEX_POINT('',#1279);
#1279 = CARTESIAN_POINT('',(11.6,-2.65,1.85));
#1280 = LINE('',#1281,#1282);
#1281 = CARTESIAN_POINT('',(-1.6,-2.65,1.85));
#1282 = VECTOR('',#1283,1.);
#1283 = DIRECTION('',(1.,-1.224646799147E-16,0.));
#1284 = ORIENTED_EDGE('',*,*,#1285,.F.);
#1285 = EDGE_CURVE('',#358,#1278,#1286,.T.);
#1286 = LINE('',#1287,#1288);
#1287 = CARTESIAN_POINT('',(11.6,-2.65,7.));
#1288 = VECTOR('',#1289,1.);
#1289 = DIRECTION('',(0.,0.,-1.));
#1290 = ORIENTED_EDGE('',*,*,#365,.F.);
#1291 = PLANE('',#1292);
#1292 = AXIS2_PLACEMENT_3D('',#1293,#1294,#1295);
#1293 = CARTESIAN_POINT('',(-1.6,-2.65,7.));
#1294 = DIRECTION('',(-1.224646799147E-16,-1.,0.));
#1295 = DIRECTION('',(1.,-1.224646799147E-16,0.));
#1296 = ADVANCED_FACE('',(#1297),#1324,.T.);
#1297 = FACE_BOUND('',#1298,.T.);
#1298 = EDGE_LOOP('',(#1299,#1300,#1308,#1316,#1322,#1323));
#1299 = ORIENTED_EDGE('',*,*,#1118,.T.);
#1300 = ORIENTED_EDGE('',*,*,#1301,.T.);
#1301 = EDGE_CURVE('',#1119,#1302,#1304,.T.);
#1302 = VERTEX_POINT('',#1303);
#1303 = CARTESIAN_POINT('',(-0.75,0.5,0.3));
#1304 = LINE('',#1305,#1306);
#1305 = CARTESIAN_POINT('',(-0.75,2.35,1.));
#1306 = VECTOR('',#1307,1.);
#1307 = DIRECTION('',(-1.14539532148E-16,-0.935286257456,-0.353892097416
    ));
#1308 = ORIENTED_EDGE('',*,*,#1309,.T.);
#1309 = EDGE_CURVE('',#1302,#1310,#1312,.T.);
#1310 = VERTEX_POINT('',#1311);
#1311 = CARTESIAN_POINT('',(-0.75,-0.5,0.3));
#1312 = LINE('',#1313,#1314);
#1313 = CARTESIAN_POINT('',(-0.75,0.5,0.3));
#1314 = VECTOR('',#1315,1.);
#1315 = DIRECTION('',(-1.224646799147E-16,-1.,0.));
#1316 = ORIENTED_EDGE('',*,*,#1317,.T.);
#1317 = EDGE_CURVE('',#1310,#542,#1318,.T.);
#1318 = LINE('',#1319,#1320);
#1319 = CARTESIAN_POINT('',(-0.75,-0.5,0.3));
#1320 = VECTOR('',#1321,1.);
#1321 = DIRECTION('',(-1.190457365237E-16,-0.972082208573,0.234640533104
    ));
#1322 = ORIENTED_EDGE('',*,*,#549,.T.);
#1323 = ORIENTED_EDGE('',*,*,#743,.T.);
#1324 = PLANE('',#1325);
#1325 = AXIS2_PLACEMENT_3D('',#1326,#1327,#1328);
#1326 = CARTESIAN_POINT('',(-0.75,-0.515451356496,0.330008245993));
#1327 = DIRECTION('',(1.,-1.224646799147E-16,-1.256256073143E-32));
#1328 = DIRECTION('',(-1.256256073143E-32,1.538469978883E-48,-1.));
#1329 = ADVANCED_FACE('',(#1330),#1348,.F.);
#1330 = FACE_BOUND('',#1331,.F.);
#1331 = EDGE_LOOP('',(#1332,#1340,#1341,#1342));
#1332 = ORIENTED_EDGE('',*,*,#1333,.T.);
#1333 = EDGE_CURVE('',#1334,#1310,#1336,.T.);
#1334 = VERTEX_POINT('',#1335);
#1335 = CARTESIAN_POINT('',(0.75,-0.5,0.3));
#1336 = LINE('',#1337,#1338);
#1337 = CARTESIAN_POINT('',(0.75,-0.5,0.3));
#1338 = VECTOR('',#1339,1.);
#1339 = DIRECTION('',(-1.,1.224646799147E-16,0.));
#1340 = ORIENTED_EDGE('',*,*,#1317,.T.);
#1341 = ORIENTED_EDGE('',*,*,#541,.F.);
#1342 = ORIENTED_EDGE('',*,*,#1343,.F.);
#1343 = EDGE_CURVE('',#1334,#534,#1344,.T.);
#1344 = LINE('',#1345,#1346);
#1345 = CARTESIAN_POINT('',(0.75,-0.5,0.3));
#1346 = VECTOR('',#1347,1.);
#1347 = DIRECTION('',(-1.190457365237E-16,-0.972082208573,0.234640533104
    ));
#1348 = PLANE('',#1349);
#1349 = AXIS2_PLACEMENT_3D('',#1350,#1351,#1352);
#1350 = CARTESIAN_POINT('',(0.75,-0.5,0.3));
#1351 = DIRECTION('',(2.87351777816E-17,0.234640533104,0.972082208573));
#1352 = DIRECTION('',(-1.190457365237E-16,-0.972082208573,0.234640533104
    ));
#1353 = ADVANCED_FACE('',(#1354),#1379,.F.);
#1354 = FACE_BOUND('',#1355,.F.);
#1355 = EDGE_LOOP('',(#1356,#1357,#1365,#1371,#1372,#1373));
#1356 = ORIENTED_EDGE('',*,*,#1134,.T.);
#1357 = ORIENTED_EDGE('',*,*,#1358,.T.);
#1358 = EDGE_CURVE('',#1127,#1359,#1361,.T.);
#1359 = VERTEX_POINT('',#1360);
#1360 = CARTESIAN_POINT('',(0.75,0.5,0.3));
#1361 = LINE('',#1362,#1363);
#1362 = CARTESIAN_POINT('',(0.75,2.35,1.));
#1363 = VECTOR('',#1364,1.);
#1364 = DIRECTION('',(-1.14539532148E-16,-0.935286257456,-0.353892097416
    ));
#1365 = ORIENTED_EDGE('',*,*,#1366,.T.);
#1366 = EDGE_CURVE('',#1359,#1334,#1367,.T.);
#1367 = LINE('',#1368,#1369);
#1368 = CARTESIAN_POINT('',(0.75,0.5,0.3));
#1369 = VECTOR('',#1370,1.);
#1370 = DIRECTION('',(-1.224646799147E-16,-1.,0.));
#1371 = ORIENTED_EDGE('',*,*,#1343,.T.);
#1372 = ORIENTED_EDGE('',*,*,#533,.T.);
#1373 = ORIENTED_EDGE('',*,*,#1374,.T.);
#1374 = EDGE_CURVE('',#526,#1135,#1375,.T.);
#1375 = LINE('',#1376,#1377);
#1376 = CARTESIAN_POINT('',(0.75,-3.4,0.));
#1377 = VECTOR('',#1378,1.);
#1378 = DIRECTION('',(1.224646799147E-16,1.,0.));
#1379 = PLANE('',#1380);
#1380 = AXIS2_PLACEMENT_3D('',#1381,#1382,#1383);
#1381 = CARTESIAN_POINT('',(0.75,-0.515451356496,0.330008245993));
#1382 = DIRECTION('',(1.,-1.224646799147E-16,-1.256256073143E-32));
#1383 = DIRECTION('',(-1.256256073143E-32,1.538469978883E-48,-1.));
#1384 = ADVANCED_FACE('',(#1385),#1396,.F.);
#1385 = FACE_BOUND('',#1386,.F.);
#1386 = EDGE_LOOP('',(#1387,#1393,#1394,#1395));
#1387 = ORIENTED_EDGE('',*,*,#1388,.T.);
#1388 = EDGE_CURVE('',#518,#1143,#1389,.T.);
#1389 = LINE('',#1390,#1391);
#1390 = CARTESIAN_POINT('',(1.75,-3.4,0.));
#1391 = VECTOR('',#1392,1.);
#1392 = DIRECTION('',(1.224646799147E-16,1.,0.));
#1393 = ORIENTED_EDGE('',*,*,#1142,.T.);
#1394 = ORIENTED_EDGE('',*,*,#1374,.F.);
#1395 = ORIENTED_EDGE('',*,*,#525,.T.);
#1396 = PLANE('',#1397);
#1397 = AXIS2_PLACEMENT_3D('',#1398,#1399,#1400);
#1398 = CARTESIAN_POINT('',(5.,-0.525,0.));
#1399 = DIRECTION('',(0.,0.,1.));
#1400 = DIRECTION('',(-1.,1.224646799147E-16,0.));
#1401 = ADVANCED_FACE('',(#1402),#1429,.T.);
#1402 = FACE_BOUND('',#1403,.T.);
#1403 = EDGE_LOOP('',(#1404,#1405,#1413,#1421,#1427,#1428));
#1404 = ORIENTED_EDGE('',*,*,#1150,.T.);
#1405 = ORIENTED_EDGE('',*,*,#1406,.T.);
#1406 = EDGE_CURVE('',#1151,#1407,#1409,.T.);
#1407 = VERTEX_POINT('',#1408);
#1408 = CARTESIAN_POINT('',(1.75,0.5,0.3));
#1409 = LINE('',#1410,#1411);
#1410 = CARTESIAN_POINT('',(1.75,2.35,1.));
#1411 = VECTOR('',#1412,1.);
#1412 = DIRECTION('',(-1.14539532148E-16,-0.935286257456,-0.353892097416
    ));
#1413 = ORIENTED_EDGE('',*,*,#1414,.T.);
#1414 = EDGE_CURVE('',#1407,#1415,#1417,.T.);
#1415 = VERTEX_POINT('',#1416);
#1416 = CARTESIAN_POINT('',(1.75,-0.5,0.3));
#1417 = LINE('',#1418,#1419);
#1418 = CARTESIAN_POINT('',(1.75,0.5,0.3));
#1419 = VECTOR('',#1420,1.);
#1420 = DIRECTION('',(-1.224646799147E-16,-1.,0.));
#1421 = ORIENTED_EDGE('',*,*,#1422,.T.);
#1422 = EDGE_CURVE('',#1415,#510,#1423,.T.);
#1423 = LINE('',#1424,#1425);
#1424 = CARTESIAN_POINT('',(1.75,-0.5,0.3));
#1425 = VECTOR('',#1426,1.);
#1426 = DIRECTION('',(-1.190457365237E-16,-0.972082208573,0.234640533104
    ));
#1427 = ORIENTED_EDGE('',*,*,#517,.T.);
#1428 = ORIENTED_EDGE('',*,*,#1388,.T.);
#1429 = PLANE('',#1430);
#1430 = AXIS2_PLACEMENT_3D('',#1431,#1432,#1433);
#1431 = CARTESIAN_POINT('',(1.75,-0.515451356496,0.330008245993));
#1432 = DIRECTION('',(1.,-1.224646799147E-16,-1.256256073143E-32));
#1433 = DIRECTION('',(-1.256256073143E-32,1.538469978883E-48,-1.));
#1434 = ADVANCED_FACE('',(#1435),#1453,.F.);
#1435 = FACE_BOUND('',#1436,.F.);
#1436 = EDGE_LOOP('',(#1437,#1445,#1446,#1447));
#1437 = ORIENTED_EDGE('',*,*,#1438,.T.);
#1438 = EDGE_CURVE('',#1439,#1415,#1441,.T.);
#1439 = VERTEX_POINT('',#1440);
#1440 = CARTESIAN_POINT('',(3.25,-0.5,0.3));
#1441 = LINE('',#1442,#1443);
#1442 = CARTESIAN_POINT('',(3.25,-0.5,0.3));
#1443 = VECTOR('',#1444,1.);
#1444 = DIRECTION('',(-1.,1.224646799147E-16,0.));
#1445 = ORIENTED_EDGE('',*,*,#1422,.T.);
#1446 = ORIENTED_EDGE('',*,*,#509,.F.);
#1447 = ORIENTED_EDGE('',*,*,#1448,.F.);
#1448 = EDGE_CURVE('',#1439,#502,#1449,.T.);
#1449 = LINE('',#1450,#1451);
#1450 = CARTESIAN_POINT('',(3.25,-0.5,0.3));
#1451 = VECTOR('',#1452,1.);
#1452 = DIRECTION('',(-1.190457365237E-16,-0.972082208573,0.234640533104
    ));
#1453 = PLANE('',#1454);
#1454 = AXIS2_PLACEMENT_3D('',#1455,#1456,#1457);
#1455 = CARTESIAN_POINT('',(3.25,-0.5,0.3));
#1456 = DIRECTION('',(2.87351777816E-17,0.234640533104,0.972082208573));
#1457 = DIRECTION('',(-1.190457365237E-16,-0.972082208573,0.234640533104
    ));
#1458 = ADVANCED_FACE('',(#1459),#1484,.F.);
#1459 = FACE_BOUND('',#1460,.F.);
#1460 = EDGE_LOOP('',(#1461,#1462,#1470,#1476,#1477,#1478));
#1461 = ORIENTED_EDGE('',*,*,#1166,.T.);
#1462 = ORIENTED_EDGE('',*,*,#1463,.T.);
#1463 = EDGE_CURVE('',#1159,#1464,#1466,.T.);
#1464 = VERTEX_POINT('',#1465);
#1465 = CARTESIAN_POINT('',(3.25,0.5,0.3));
#1466 = LINE('',#1467,#1468);
#1467 = CARTESIAN_POINT('',(3.25,2.35,1.));
#1468 = VECTOR('',#1469,1.);
#1469 = DIRECTION('',(-1.14539532148E-16,-0.935286257456,-0.353892097416
    ));
#1470 = ORIENTED_EDGE('',*,*,#1471,.T.);
#1471 = EDGE_CURVE('',#1464,#1439,#1472,.T.);
#1472 = LINE('',#1473,#1474);
#1473 = CARTESIAN_POINT('',(3.25,0.5,0.3));
#1474 = VECTOR('',#1475,1.);
#1475 = DIRECTION('',(-1.224646799147E-16,-1.,0.));
#1476 = ORIENTED_EDGE('',*,*,#1448,.T.);
#1477 = ORIENTED_EDGE('',*,*,#501,.T.);
#1478 = ORIENTED_EDGE('',*,*,#1479,.T.);
#1479 = EDGE_CURVE('',#494,#1167,#1480,.T.);
#1480 = LINE('',#1481,#1482);
#1481 = CARTESIAN_POINT('',(3.25,-3.4,0.));
#1482 = VECTOR('',#1483,1.);
#1483 = DIRECTION('',(1.224646799147E-16,1.,0.));
#1484 = PLANE('',#1485);
#1485 = AXIS2_PLACEMENT_3D('',#1486,#1487,#1488);
#1486 = CARTESIAN_POINT('',(3.25,-0.515451356496,0.330008245993));
#1487 = DIRECTION('',(1.,-1.224646799147E-16,-1.256256073143E-32));
#1488 = DIRECTION('',(-1.256256073143E-32,1.538469978883E-48,-1.));
#1489 = ADVANCED_FACE('',(#1490),#1501,.F.);
#1490 = FACE_BOUND('',#1491,.F.);
#1491 = EDGE_LOOP('',(#1492,#1493,#1494,#1495));
#1492 = ORIENTED_EDGE('',*,*,#1174,.T.);
#1493 = ORIENTED_EDGE('',*,*,#1479,.F.);
#1494 = ORIENTED_EDGE('',*,*,#493,.T.);
#1495 = ORIENTED_EDGE('',*,*,#1496,.T.);
#1496 = EDGE_CURVE('',#486,#1175,#1497,.T.);
#1497 = LINE('',#1498,#1499);
#1498 = CARTESIAN_POINT('',(4.25,-3.4,0.));
#1499 = VECTOR('',#1500,1.);
#1500 = DIRECTION('',(1.224646799147E-16,1.,0.));
#1501 = PLANE('',#1502);
#1502 = AXIS2_PLACEMENT_3D('',#1503,#1504,#1505);
#1503 = CARTESIAN_POINT('',(5.,-0.525,0.));
#1504 = DIRECTION('',(0.,0.,1.));
#1505 = DIRECTION('',(-1.,1.224646799147E-16,0.));
#1506 = ADVANCED_FACE('',(#1507),#1534,.T.);
#1507 = FACE_BOUND('',#1508,.T.);
#1508 = EDGE_LOOP('',(#1509,#1510,#1518,#1526,#1532,#1533));
#1509 = ORIENTED_EDGE('',*,*,#1182,.T.);
#1510 = ORIENTED_EDGE('',*,*,#1511,.T.);
#1511 = EDGE_CURVE('',#1183,#1512,#1514,.T.);
#1512 = VERTEX_POINT('',#1513);
#1513 = CARTESIAN_POINT('',(4.25,0.5,0.3));
#1514 = LINE('',#1515,#1516);
#1515 = CARTESIAN_POINT('',(4.25,2.35,1.));
#1516 = VECTOR('',#1517,1.);
#1517 = DIRECTION('',(-1.14539532148E-16,-0.935286257456,-0.353892097416
    ));
#1518 = ORIENTED_EDGE('',*,*,#1519,.T.);
#1519 = EDGE_CURVE('',#1512,#1520,#1522,.T.);
#1520 = VERTEX_POINT('',#1521);
#1521 = CARTESIAN_POINT('',(4.25,-0.5,0.3));
#1522 = LINE('',#1523,#1524);
#1523 = CARTESIAN_POINT('',(4.25,0.5,0.3));
#1524 = VECTOR('',#1525,1.);
#1525 = DIRECTION('',(-1.224646799147E-16,-1.,0.));
#1526 = ORIENTED_EDGE('',*,*,#1527,.T.);
#1527 = EDGE_CURVE('',#1520,#478,#1528,.T.);
#1528 = LINE('',#1529,#1530);
#1529 = CARTESIAN_POINT('',(4.25,-0.5,0.3));
#1530 = VECTOR('',#1531,1.);
#1531 = DIRECTION('',(-1.190457365237E-16,-0.972082208573,0.234640533104
    ));
#1532 = ORIENTED_EDGE('',*,*,#485,.T.);
#1533 = ORIENTED_EDGE('',*,*,#1496,.T.);
#1534 = PLANE('',#1535);
#1535 = AXIS2_PLACEMENT_3D('',#1536,#1537,#1538);
#1536 = CARTESIAN_POINT('',(4.25,-0.515451356496,0.330008245993));
#1537 = DIRECTION('',(1.,-1.224646799147E-16,-1.256256073143E-32));
#1538 = DIRECTION('',(-1.256256073143E-32,1.538469978883E-48,-1.));
#1539 = ADVANCED_FACE('',(#1540),#1558,.F.);
#1540 = FACE_BOUND('',#1541,.F.);
#1541 = EDGE_LOOP('',(#1542,#1550,#1551,#1552));
#1542 = ORIENTED_EDGE('',*,*,#1543,.T.);
#1543 = EDGE_CURVE('',#1544,#1520,#1546,.T.);
#1544 = VERTEX_POINT('',#1545);
#1545 = CARTESIAN_POINT('',(5.75,-0.5,0.3));
#1546 = LINE('',#1547,#1548);
#1547 = CARTESIAN_POINT('',(5.75,-0.5,0.3));
#1548 = VECTOR('',#1549,1.);
#1549 = DIRECTION('',(-1.,1.224646799147E-16,0.));
#1550 = ORIENTED_EDGE('',*,*,#1527,.T.);
#1551 = ORIENTED_EDGE('',*,*,#477,.F.);
#1552 = ORIENTED_EDGE('',*,*,#1553,.F.);
#1553 = EDGE_CURVE('',#1544,#470,#1554,.T.);
#1554 = LINE('',#1555,#1556);
#1555 = CARTESIAN_POINT('',(5.75,-0.5,0.3));
#1556 = VECTOR('',#1557,1.);
#1557 = DIRECTION('',(-1.190457365237E-16,-0.972082208573,0.234640533104
    ));
#1558 = PLANE('',#1559);
#1559 = AXIS2_PLACEMENT_3D('',#1560,#1561,#1562);
#1560 = CARTESIAN_POINT('',(5.75,-0.5,0.3));
#1561 = DIRECTION('',(2.87351777816E-17,0.234640533104,0.972082208573));
#1562 = DIRECTION('',(-1.190457365237E-16,-0.972082208573,0.234640533104
    ));
#1563 = ADVANCED_FACE('',(#1564),#1589,.F.);
#1564 = FACE_BOUND('',#1565,.F.);
#1565 = EDGE_LOOP('',(#1566,#1567,#1575,#1581,#1582,#1583));
#1566 = ORIENTED_EDGE('',*,*,#1198,.T.);
#1567 = ORIENTED_EDGE('',*,*,#1568,.T.);
#1568 = EDGE_CURVE('',#1191,#1569,#1571,.T.);
#1569 = VERTEX_POINT('',#1570);
#1570 = CARTESIAN_POINT('',(5.75,0.5,0.3));
#1571 = LINE('',#1572,#1573);
#1572 = CARTESIAN_POINT('',(5.75,2.35,1.));
#1573 = VECTOR('',#1574,1.);
#1574 = DIRECTION('',(-1.14539532148E-16,-0.935286257456,-0.353892097416
    ));
#1575 = ORIENTED_EDGE('',*,*,#1576,.T.);
#1576 = EDGE_CURVE('',#1569,#1544,#1577,.T.);
#1577 = LINE('',#1578,#1579);
#1578 = CARTESIAN_POINT('',(5.75,0.5,0.3));
#1579 = VECTOR('',#1580,1.);
#1580 = DIRECTION('',(-1.224646799147E-16,-1.,0.));
#1581 = ORIENTED_EDGE('',*,*,#1553,.T.);
#1582 = ORIENTED_EDGE('',*,*,#469,.T.);
#1583 = ORIENTED_EDGE('',*,*,#1584,.T.);
#1584 = EDGE_CURVE('',#462,#1199,#1585,.T.);
#1585 = LINE('',#1586,#1587);
#1586 = CARTESIAN_POINT('',(5.75,-3.4,0.));
#1587 = VECTOR('',#1588,1.);
#1588 = DIRECTION('',(1.224646799147E-16,1.,0.));
#1589 = PLANE('',#1590);
#1590 = AXIS2_PLACEMENT_3D('',#1591,#1592,#1593);
#1591 = CARTESIAN_POINT('',(5.75,-0.515451356496,0.330008245993));
#1592 = DIRECTION('',(1.,-1.224646799147E-16,-1.256256073143E-32));
#1593 = DIRECTION('',(-1.256256073143E-32,1.538469978883E-48,-1.));
#1594 = ADVANCED_FACE('',(#1595),#1606,.F.);
#1595 = FACE_BOUND('',#1596,.F.);
#1596 = EDGE_LOOP('',(#1597,#1598,#1599,#1605));
#1597 = ORIENTED_EDGE('',*,*,#1584,.F.);
#1598 = ORIENTED_EDGE('',*,*,#461,.T.);
#1599 = ORIENTED_EDGE('',*,*,#1600,.T.);
#1600 = EDGE_CURVE('',#454,#1207,#1601,.T.);
#1601 = LINE('',#1602,#1603);
#1602 = CARTESIAN_POINT('',(6.75,-3.4,0.));
#1603 = VECTOR('',#1604,1.);
#1604 = DIRECTION('',(1.224646799147E-16,1.,0.));
#1605 = ORIENTED_EDGE('',*,*,#1206,.T.);
#1606 = PLANE('',#1607);
#1607 = AXIS2_PLACEMENT_3D('',#1608,#1609,#1610);
#1608 = CARTESIAN_POINT('',(5.,-0.525,0.));
#1609 = DIRECTION('',(0.,0.,1.));
#1610 = DIRECTION('',(-1.,1.224646799147E-16,0.));
#1611 = ADVANCED_FACE('',(#1612),#1639,.T.);
#1612 = FACE_BOUND('',#1613,.T.);
#1613 = EDGE_LOOP('',(#1614,#1615,#1623,#1631,#1637,#1638));
#1614 = ORIENTED_EDGE('',*,*,#1214,.T.);
#1615 = ORIENTED_EDGE('',*,*,#1616,.T.);
#1616 = EDGE_CURVE('',#1215,#1617,#1619,.T.);
#1617 = VERTEX_POINT('',#1618);
#1618 = CARTESIAN_POINT('',(6.75,0.5,0.3));
#1619 = LINE('',#1620,#1621);
#1620 = CARTESIAN_POINT('',(6.75,2.35,1.));
#1621 = VECTOR('',#1622,1.);
#1622 = DIRECTION('',(-1.14539532148E-16,-0.935286257456,-0.353892097416
    ));
#1623 = ORIENTED_EDGE('',*,*,#1624,.T.);
#1624 = EDGE_CURVE('',#1617,#1625,#1627,.T.);
#1625 = VERTEX_POINT('',#1626);
#1626 = CARTESIAN_POINT('',(6.75,-0.5,0.3));
#1627 = LINE('',#1628,#1629);
#1628 = CARTESIAN_POINT('',(6.75,0.5,0.3));
#1629 = VECTOR('',#1630,1.);
#1630 = DIRECTION('',(-1.224646799147E-16,-1.,0.));
#1631 = ORIENTED_EDGE('',*,*,#1632,.T.);
#1632 = EDGE_CURVE('',#1625,#446,#1633,.T.);
#1633 = LINE('',#1634,#1635);
#1634 = CARTESIAN_POINT('',(6.75,-0.5,0.3));
#1635 = VECTOR('',#1636,1.);
#1636 = DIRECTION('',(-1.190457365237E-16,-0.972082208573,0.234640533104
    ));
#1637 = ORIENTED_EDGE('',*,*,#453,.T.);
#1638 = ORIENTED_EDGE('',*,*,#1600,.T.);
#1639 = PLANE('',#1640);
#1640 = AXIS2_PLACEMENT_3D('',#1641,#1642,#1643);
#1641 = CARTESIAN_POINT('',(6.75,-0.515451356496,0.330008245993));
#1642 = DIRECTION('',(1.,-1.224646799147E-16,-1.256256073143E-32));
#1643 = DIRECTION('',(-1.256256073143E-32,1.538469978883E-48,-1.));
#1644 = ADVANCED_FACE('',(#1645),#1663,.F.);
#1645 = FACE_BOUND('',#1646,.F.);
#1646 = EDGE_LOOP('',(#1647,#1655,#1656,#1657));
#1647 = ORIENTED_EDGE('',*,*,#1648,.T.);
#1648 = EDGE_CURVE('',#1649,#1625,#1651,.T.);
#1649 = VERTEX_POINT('',#1650);
#1650 = CARTESIAN_POINT('',(8.25,-0.5,0.3));
#1651 = LINE('',#1652,#1653);
#1652 = CARTESIAN_POINT('',(8.25,-0.5,0.3));
#1653 = VECTOR('',#1654,1.);
#1654 = DIRECTION('',(-1.,1.224646799147E-16,0.));
#1655 = ORIENTED_EDGE('',*,*,#1632,.T.);
#1656 = ORIENTED_EDGE('',*,*,#445,.F.);
#1657 = ORIENTED_EDGE('',*,*,#1658,.F.);
#1658 = EDGE_CURVE('',#1649,#438,#1659,.T.);
#1659 = LINE('',#1660,#1661);
#1660 = CARTESIAN_POINT('',(8.25,-0.5,0.3));
#1661 = VECTOR('',#1662,1.);
#1662 = DIRECTION('',(-1.190457365237E-16,-0.972082208573,0.234640533104
    ));
#1663 = PLANE('',#1664);
#1664 = AXIS2_PLACEMENT_3D('',#1665,#1666,#1667);
#1665 = CARTESIAN_POINT('',(8.25,-0.5,0.3));
#1666 = DIRECTION('',(2.87351777816E-17,0.234640533104,0.972082208573));
#1667 = DIRECTION('',(-1.190457365237E-16,-0.972082208573,0.234640533104
    ));
#1668 = ADVANCED_FACE('',(#1669),#1694,.F.);
#1669 = FACE_BOUND('',#1670,.F.);
#1670 = EDGE_LOOP('',(#1671,#1672,#1680,#1686,#1687,#1688));
#1671 = ORIENTED_EDGE('',*,*,#1230,.T.);
#1672 = ORIENTED_EDGE('',*,*,#1673,.T.);
#1673 = EDGE_CURVE('',#1223,#1674,#1676,.T.);
#1674 = VERTEX_POINT('',#1675);
#1675 = CARTESIAN_POINT('',(8.25,0.5,0.3));
#1676 = LINE('',#1677,#1678);
#1677 = CARTESIAN_POINT('',(8.25,2.35,1.));
#1678 = VECTOR('',#1679,1.);
#1679 = DIRECTION('',(-1.14539532148E-16,-0.935286257456,-0.353892097416
    ));
#1680 = ORIENTED_EDGE('',*,*,#1681,.T.);
#1681 = EDGE_CURVE('',#1674,#1649,#1682,.T.);
#1682 = LINE('',#1683,#1684);
#1683 = CARTESIAN_POINT('',(8.25,0.5,0.3));
#1684 = VECTOR('',#1685,1.);
#1685 = DIRECTION('',(-1.224646799147E-16,-1.,0.));
#1686 = ORIENTED_EDGE('',*,*,#1658,.T.);
#1687 = ORIENTED_EDGE('',*,*,#437,.T.);
#1688 = ORIENTED_EDGE('',*,*,#1689,.T.);
#1689 = EDGE_CURVE('',#430,#1231,#1690,.T.);
#1690 = LINE('',#1691,#1692);
#1691 = CARTESIAN_POINT('',(8.25,-3.4,0.));
#1692 = VECTOR('',#1693,1.);
#1693 = DIRECTION('',(1.224646799147E-16,1.,0.));
#1694 = PLANE('',#1695);
#1695 = AXIS2_PLACEMENT_3D('',#1696,#1697,#1698);
#1696 = CARTESIAN_POINT('',(8.25,-0.515451356496,0.330008245993));
#1697 = DIRECTION('',(1.,-1.224646799147E-16,-1.256256073143E-32));
#1698 = DIRECTION('',(-1.256256073143E-32,1.538469978883E-48,-1.));
#1699 = ADVANCED_FACE('',(#1700),#1711,.F.);
#1700 = FACE_BOUND('',#1701,.F.);
#1701 = EDGE_LOOP('',(#1702,#1703,#1709,#1710));
#1702 = ORIENTED_EDGE('',*,*,#429,.T.);
#1703 = ORIENTED_EDGE('',*,*,#1704,.T.);
#1704 = EDGE_CURVE('',#422,#1239,#1705,.T.);
#1705 = LINE('',#1706,#1707);
#1706 = CARTESIAN_POINT('',(9.25,-3.4,0.));
#1707 = VECTOR('',#1708,1.);
#1708 = DIRECTION('',(1.224646799147E-16,1.,0.));
#1709 = ORIENTED_EDGE('',*,*,#1238,.T.);
#1710 = ORIENTED_EDGE('',*,*,#1689,.F.);
#1711 = PLANE('',#1712);
#1712 = AXIS2_PLACEMENT_3D('',#1713,#1714,#1715);
#1713 = CARTESIAN_POINT('',(5.,-0.525,0.));
#1714 = DIRECTION('',(0.,0.,1.));
#1715 = DIRECTION('',(-1.,1.224646799147E-16,0.));
#1716 = ADVANCED_FACE('',(#1717),#1744,.T.);
#1717 = FACE_BOUND('',#1718,.T.);
#1718 = EDGE_LOOP('',(#1719,#1720,#1728,#1736,#1742,#1743));
#1719 = ORIENTED_EDGE('',*,*,#1246,.T.);
#1720 = ORIENTED_EDGE('',*,*,#1721,.T.);
#1721 = EDGE_CURVE('',#1247,#1722,#1724,.T.);
#1722 = VERTEX_POINT('',#1723);
#1723 = CARTESIAN_POINT('',(9.25,0.5,0.3));
#1724 = LINE('',#1725,#1726);
#1725 = CARTESIAN_POINT('',(9.25,2.35,1.));
#1726 = VECTOR('',#1727,1.);
#1727 = DIRECTION('',(-1.14539532148E-16,-0.935286257456,-0.353892097416
    ));
#1728 = ORIENTED_EDGE('',*,*,#1729,.T.);
#1729 = EDGE_CURVE('',#1722,#1730,#1732,.T.);
#1730 = VERTEX_POINT('',#1731);
#1731 = CARTESIAN_POINT('',(9.25,-0.5,0.3));
#1732 = LINE('',#1733,#1734);
#1733 = CARTESIAN_POINT('',(9.25,0.5,0.3));
#1734 = VECTOR('',#1735,1.);
#1735 = DIRECTION('',(-1.224646799147E-16,-1.,0.));
#1736 = ORIENTED_EDGE('',*,*,#1737,.T.);
#1737 = EDGE_CURVE('',#1730,#414,#1738,.T.);
#1738 = LINE('',#1739,#1740);
#1739 = CARTESIAN_POINT('',(9.25,-0.5,0.3));
#1740 = VECTOR('',#1741,1.);
#1741 = DIRECTION('',(-1.190457365237E-16,-0.972082208573,0.234640533104
    ));
#1742 = ORIENTED_EDGE('',*,*,#421,.T.);
#1743 = ORIENTED_EDGE('',*,*,#1704,.T.);
#1744 = PLANE('',#1745);
#1745 = AXIS2_PLACEMENT_3D('',#1746,#1747,#1748);
#1746 = CARTESIAN_POINT('',(9.25,-0.515451356496,0.330008245993));
#1747 = DIRECTION('',(1.,-1.224646799147E-16,-1.256256073143E-32));
#1748 = DIRECTION('',(-1.256256073143E-32,1.538469978883E-48,-1.));
#1749 = ADVANCED_FACE('',(#1750),#1768,.F.);
#1750 = FACE_BOUND('',#1751,.F.);
#1751 = EDGE_LOOP('',(#1752,#1760,#1761,#1762));
#1752 = ORIENTED_EDGE('',*,*,#1753,.T.);
#1753 = EDGE_CURVE('',#1754,#1730,#1756,.T.);
#1754 = VERTEX_POINT('',#1755);
#1755 = CARTESIAN_POINT('',(10.75,-0.5,0.3));
#1756 = LINE('',#1757,#1758);
#1757 = CARTESIAN_POINT('',(10.75,-0.5,0.3));
#1758 = VECTOR('',#1759,1.);
#1759 = DIRECTION('',(-1.,1.224646799147E-16,0.));
#1760 = ORIENTED_EDGE('',*,*,#1737,.T.);
#1761 = ORIENTED_EDGE('',*,*,#413,.F.);
#1762 = ORIENTED_EDGE('',*,*,#1763,.F.);
#1763 = EDGE_CURVE('',#1754,#406,#1764,.T.);
#1764 = LINE('',#1765,#1766);
#1765 = CARTESIAN_POINT('',(10.75,-0.5,0.3));
#1766 = VECTOR('',#1767,1.);
#1767 = DIRECTION('',(-1.190457365237E-16,-0.972082208573,0.234640533104
    ));
#1768 = PLANE('',#1769);
#1769 = AXIS2_PLACEMENT_3D('',#1770,#1771,#1772);
#1770 = CARTESIAN_POINT('',(10.75,-0.5,0.3));
#1771 = DIRECTION('',(2.87351777816E-17,0.234640533104,0.972082208573));
#1772 = DIRECTION('',(-1.190457365237E-16,-0.972082208573,0.234640533104
    ));
#1773 = ADVANCED_FACE('',(#1774),#1799,.F.);
#1774 = FACE_BOUND('',#1775,.F.);
#1775 = EDGE_LOOP('',(#1776,#1777,#1785,#1791,#1792,#1793));
#1776 = ORIENTED_EDGE('',*,*,#1262,.T.);
#1777 = ORIENTED_EDGE('',*,*,#1778,.T.);
#1778 = EDGE_CURVE('',#1255,#1779,#1781,.T.);
#1779 = VERTEX_POINT('',#1780);
#1780 = CARTESIAN_POINT('',(10.75,0.5,0.3));
#1781 = LINE('',#1782,#1783);
#1782 = CARTESIAN_POINT('',(10.75,2.35,1.));
#1783 = VECTOR('',#1784,1.);
#1784 = DIRECTION('',(-1.14539532148E-16,-0.935286257456,-0.353892097416
    ));
#1785 = ORIENTED_EDGE('',*,*,#1786,.T.);
#1786 = EDGE_CURVE('',#1779,#1754,#1787,.T.);
#1787 = LINE('',#1788,#1789);
#1788 = CARTESIAN_POINT('',(10.75,0.5,0.3));
#1789 = VECTOR('',#1790,1.);
#1790 = DIRECTION('',(-1.224646799147E-16,-1.,0.));
#1791 = ORIENTED_EDGE('',*,*,#1763,.T.);
#1792 = ORIENTED_EDGE('',*,*,#405,.T.);
#1793 = ORIENTED_EDGE('',*,*,#1794,.T.);
#1794 = EDGE_CURVE('',#398,#979,#1795,.T.);
#1795 = LINE('',#1796,#1797);
#1796 = CARTESIAN_POINT('',(10.75,-3.4,0.));
#1797 = VECTOR('',#1798,1.);
#1798 = DIRECTION('',(1.224646799147E-16,1.,0.));
#1799 = PLANE('',#1800);
#1800 = AXIS2_PLACEMENT_3D('',#1801,#1802,#1803);
#1801 = CARTESIAN_POINT('',(10.75,-0.515451356496,0.330008245993));
#1802 = DIRECTION('',(1.,-1.224646799147E-16,-1.256256073143E-32));
#1803 = DIRECTION('',(-1.256256073143E-32,1.538469978883E-48,-1.));
#1804 = ADVANCED_FACE('',(#1805),#1811,.F.);
#1805 = FACE_BOUND('',#1806,.F.);
#1806 = EDGE_LOOP('',(#1807,#1808,#1809,#1810));
#1807 = ORIENTED_EDGE('',*,*,#587,.T.);
#1808 = ORIENTED_EDGE('',*,*,#978,.T.);
#1809 = ORIENTED_EDGE('',*,*,#1794,.F.);
#1810 = ORIENTED_EDGE('',*,*,#397,.T.);
#1811 = PLANE('',#1812);
#1812 = AXIS2_PLACEMENT_3D('',#1813,#1814,#1815);
#1813 = CARTESIAN_POINT('',(5.,-0.525,0.));
#1814 = DIRECTION('',(0.,0.,1.));
#1815 = DIRECTION('',(-1.,1.224646799147E-16,0.));
#1816 = ADVANCED_FACE('',(#1817),#1844,.F.);
#1817 = FACE_BOUND('',#1818,.F.);
#1818 = EDGE_LOOP('',(#1819,#1820,#1821,#1822,#1828,#1829,#1838));
#1819 = ORIENTED_EDGE('',*,*,#662,.T.);
#1820 = ORIENTED_EDGE('',*,*,#573,.F.);
#1821 = ORIENTED_EDGE('',*,*,#1285,.T.);
#1822 = ORIENTED_EDGE('',*,*,#1823,.T.);
#1823 = EDGE_CURVE('',#1278,#925,#1824,.T.);
#1824 = LINE('',#1825,#1826);
#1825 = CARTESIAN_POINT('',(11.6,-2.65,1.85));
#1826 = VECTOR('',#1827,1.);
#1827 = DIRECTION('',(1.224646799147E-16,1.,0.));
#1828 = ORIENTED_EDGE('',*,*,#932,.F.);
#1829 = ORIENTED_EDGE('',*,*,#1830,.F.);
#1830 = EDGE_CURVE('',#1831,#933,#1833,.T.);
#1831 = VERTEX_POINT('',#1832);
#1832 = CARTESIAN_POINT('',(11.6,1.,3.65));
#1833 = CIRCLE('',#1834,0.5);
#1834 = AXIS2_PLACEMENT_3D('',#1835,#1836,#1837);
#1835 = CARTESIAN_POINT('',(11.6,1.,4.15));
#1836 = DIRECTION('',(1.,-1.224646799147E-16,0.));
#1837 = DIRECTION('',(1.224646799147E-16,1.,0.));
#1838 = ORIENTED_EDGE('',*,*,#1839,.T.);
#1839 = EDGE_CURVE('',#1831,#655,#1840,.T.);
#1840 = LINE('',#1841,#1842);
#1841 = CARTESIAN_POINT('',(11.6,-0.825,3.65));
#1842 = VECTOR('',#1843,1.);
#1843 = DIRECTION('',(-1.224646799147E-16,-1.,0.));
#1844 = PLANE('',#1845);
#1845 = AXIS2_PLACEMENT_3D('',#1846,#1847,#1848);
#1846 = CARTESIAN_POINT('',(11.6,-2.65,7.));
#1847 = DIRECTION('',(1.,-1.224646799147E-16,0.));
#1848 = DIRECTION('',(1.224646799147E-16,1.,0.));
#1849 = ADVANCED_FACE('',(#1850),#1861,.T.);
#1850 = FACE_BOUND('',#1851,.T.);
#1851 = EDGE_LOOP('',(#1852,#1853,#1854,#1855));
#1852 = ORIENTED_EDGE('',*,*,#785,.F.);
#1853 = ORIENTED_EDGE('',*,*,#630,.T.);
#1854 = ORIENTED_EDGE('',*,*,#987,.T.);
#1855 = ORIENTED_EDGE('',*,*,#1856,.T.);
#1856 = EDGE_CURVE('',#988,#786,#1857,.T.);
#1857 = LINE('',#1858,#1859);
#1858 = CARTESIAN_POINT('',(10.5,2.35,7.));
#1859 = VECTOR('',#1860,1.);
#1860 = DIRECTION('',(-1.224646799147E-16,-1.,0.));
#1861 = PLANE('',#1862);
#1862 = AXIS2_PLACEMENT_3D('',#1863,#1864,#1865);
#1863 = CARTESIAN_POINT('',(5.,-0.525,7.));
#1864 = DIRECTION('',(0.,0.,1.));
#1865 = DIRECTION('',(-1.,1.224646799147E-16,0.));
#1866 = ADVANCED_FACE('',(#1867),#1878,.F.);
#1867 = FACE_BOUND('',#1868,.F.);
#1868 = EDGE_LOOP('',(#1869,#1875,#1876,#1877));
#1869 = ORIENTED_EDGE('',*,*,#1870,.T.);
#1870 = EDGE_CURVE('',#606,#1831,#1871,.T.);
#1871 = LINE('',#1872,#1873);
#1872 = CARTESIAN_POINT('',(12.45,1.,3.65));
#1873 = VECTOR('',#1874,1.);
#1874 = DIRECTION('',(-1.,1.224646799147E-16,0.));
#1875 = ORIENTED_EDGE('',*,*,#1830,.T.);
#1876 = ORIENTED_EDGE('',*,*,#940,.F.);
#1877 = ORIENTED_EDGE('',*,*,#613,.T.);
#1878 = CYLINDRICAL_SURFACE('',#1879,0.5);
#1879 = AXIS2_PLACEMENT_3D('',#1880,#1881,#1882);
#1880 = CARTESIAN_POINT('',(12.45,1.,4.15));
#1881 = DIRECTION('',(1.,-1.224646799147E-16,-0.));
#1882 = DIRECTION('',(1.224646799147E-16,1.,0.));
#1883 = ADVANCED_FACE('',(#1884),#1890,.T.);
#1884 = FACE_BOUND('',#1885,.T.);
#1885 = EDGE_LOOP('',(#1886,#1887,#1888,#1889));
#1886 = ORIENTED_EDGE('',*,*,#605,.F.);
#1887 = ORIENTED_EDGE('',*,*,#1870,.T.);
#1888 = ORIENTED_EDGE('',*,*,#1839,.T.);
#1889 = ORIENTED_EDGE('',*,*,#654,.F.);
#1890 = PLANE('',#1891);
#1891 = AXIS2_PLACEMENT_3D('',#1892,#1893,#1894);
#1892 = CARTESIAN_POINT('',(12.45,1.,3.65));
#1893 = DIRECTION('',(0.,0.,1.));
#1894 = DIRECTION('',(-1.224646799147E-16,-1.,0.));
#1895 = ADVANCED_FACE('',(#1896,#1902,#1936,#1970,#2004,#2038),#2072,.T.
  );
#1896 = FACE_BOUND('',#1897,.T.);
#1897 = EDGE_LOOP('',(#1898,#1899,#1900,#1901));
#1898 = ORIENTED_EDGE('',*,*,#924,.T.);
#1899 = ORIENTED_EDGE('',*,*,#703,.T.);
#1900 = ORIENTED_EDGE('',*,*,#1277,.T.);
#1901 = ORIENTED_EDGE('',*,*,#1823,.T.);
#1902 = FACE_BOUND('',#1903,.T.);
#1903 = EDGE_LOOP('',(#1904,#1914,#1922,#1930));
#1904 = ORIENTED_EDGE('',*,*,#1905,.T.);
#1905 = EDGE_CURVE('',#1906,#1908,#1910,.T.);
#1906 = VERTEX_POINT('',#1907);
#1907 = CARTESIAN_POINT('',(5.32,0.32,1.85));
#1908 = VERTEX_POINT('',#1909);
#1909 = CARTESIAN_POINT('',(5.32,-0.32,1.85));
#1910 = LINE('',#1911,#1912);
#1911 = CARTESIAN_POINT('',(5.32,-0.2875,1.85));
#1912 = VECTOR('',#1913,1.);
#1913 = DIRECTION('',(-1.224646799147E-16,-1.,0.));
#1914 = ORIENTED_EDGE('',*,*,#1915,.T.);
#1915 = EDGE_CURVE('',#1908,#1916,#1918,.T.);
#1916 = VERTEX_POINT('',#1917);
#1917 = CARTESIAN_POINT('',(4.68,-0.32,1.85));
#1918 = LINE('',#1919,#1920);
#1919 = CARTESIAN_POINT('',(5.16,-0.32,1.85));
#1920 = VECTOR('',#1921,1.);
#1921 = DIRECTION('',(-1.,1.224646799147E-16,1.722253308054E-32));
#1922 = ORIENTED_EDGE('',*,*,#1923,.F.);
#1923 = EDGE_CURVE('',#1924,#1916,#1926,.T.);
#1924 = VERTEX_POINT('',#1925);
#1925 = CARTESIAN_POINT('',(4.68,0.32,1.85));
#1926 = LINE('',#1927,#1928);
#1927 = CARTESIAN_POINT('',(4.68,-0.2875,1.85));
#1928 = VECTOR('',#1929,1.);
#1929 = DIRECTION('',(-1.224646799147E-16,-1.,0.));
#1930 = ORIENTED_EDGE('',*,*,#1931,.T.);
#1931 = EDGE_CURVE('',#1924,#1906,#1932,.T.);
#1932 = LINE('',#1933,#1934);
#1933 = CARTESIAN_POINT('',(5.16,0.32,1.85));
#1934 = VECTOR('',#1935,1.);
#1935 = DIRECTION('',(1.,-1.224646799147E-16,-1.722253308054E-32));
#1936 = FACE_BOUND('',#1937,.T.);
#1937 = EDGE_LOOP('',(#1938,#1948,#1956,#1964));
#1938 = ORIENTED_EDGE('',*,*,#1939,.F.);
#1939 = EDGE_CURVE('',#1940,#1942,#1944,.T.);
#1940 = VERTEX_POINT('',#1941);
#1941 = CARTESIAN_POINT('',(7.18,0.32,1.85));
#1942 = VERTEX_POINT('',#1943);
#1943 = CARTESIAN_POINT('',(7.18,-0.32,1.85));
#1944 = LINE('',#1945,#1946);
#1945 = CARTESIAN_POINT('',(7.18,-0.2875,1.85));
#1946 = VECTOR('',#1947,1.);
#1947 = DIRECTION('',(-1.224646799147E-16,-1.,0.));
#1948 = ORIENTED_EDGE('',*,*,#1949,.T.);
#1949 = EDGE_CURVE('',#1940,#1950,#1952,.T.);
#1950 = VERTEX_POINT('',#1951);
#1951 = CARTESIAN_POINT('',(7.82,0.32,1.85));
#1952 = LINE('',#1953,#1954);
#1953 = CARTESIAN_POINT('',(6.41,0.32,1.85));
#1954 = VECTOR('',#1955,1.);
#1955 = DIRECTION('',(1.,-1.224646799147E-16,-1.722253308054E-32));
#1956 = ORIENTED_EDGE('',*,*,#1957,.T.);
#1957 = EDGE_CURVE('',#1950,#1958,#1960,.T.);
#1958 = VERTEX_POINT('',#1959);
#1959 = CARTESIAN_POINT('',(7.82,-0.32,1.85));
#1960 = LINE('',#1961,#1962);
#1961 = CARTESIAN_POINT('',(7.82,-0.2875,1.85));
#1962 = VECTOR('',#1963,1.);
#1963 = DIRECTION('',(-1.224646799147E-16,-1.,0.));
#1964 = ORIENTED_EDGE('',*,*,#1965,.T.);
#1965 = EDGE_CURVE('',#1958,#1942,#1966,.T.);
#1966 = LINE('',#1967,#1968);
#1967 = CARTESIAN_POINT('',(6.41,-0.32,1.85));
#1968 = VECTOR('',#1969,1.);
#1969 = DIRECTION('',(-1.,1.224646799147E-16,1.722253308054E-32));
#1970 = FACE_BOUND('',#1971,.T.);
#1971 = EDGE_LOOP('',(#1972,#1982,#1990,#1998));
#1972 = ORIENTED_EDGE('',*,*,#1973,.T.);
#1973 = EDGE_CURVE('',#1974,#1976,#1978,.T.);
#1974 = VERTEX_POINT('',#1975);
#1975 = CARTESIAN_POINT('',(2.82,0.32,1.85));
#1976 = VERTEX_POINT('',#1977);
#1977 = CARTESIAN_POINT('',(2.82,-0.32,1.85));
#1978 = LINE('',#1979,#1980);
#1979 = CARTESIAN_POINT('',(2.82,-0.2875,1.85));
#1980 = VECTOR('',#1981,1.);
#1981 = DIRECTION('',(-1.224646799147E-16,-1.,0.));
#1982 = ORIENTED_EDGE('',*,*,#1983,.T.);
#1983 = EDGE_CURVE('',#1976,#1984,#1986,.T.);
#1984 = VERTEX_POINT('',#1985);
#1985 = CARTESIAN_POINT('',(2.18,-0.32,1.85));
#1986 = LINE('',#1987,#1988);
#1987 = CARTESIAN_POINT('',(3.91,-0.32,1.85));
#1988 = VECTOR('',#1989,1.);
#1989 = DIRECTION('',(-1.,1.224646799147E-16,1.722253308054E-32));
#1990 = ORIENTED_EDGE('',*,*,#1991,.F.);
#1991 = EDGE_CURVE('',#1992,#1984,#1994,.T.);
#1992 = VERTEX_POINT('',#1993);
#1993 = CARTESIAN_POINT('',(2.18,0.32,1.85));
#1994 = LINE('',#1995,#1996);
#1995 = CARTESIAN_POINT('',(2.18,-0.2875,1.85));
#1996 = VECTOR('',#1997,1.);
#1997 = DIRECTION('',(-1.224646799147E-16,-1.,0.));
#1998 = ORIENTED_EDGE('',*,*,#1999,.T.);
#1999 = EDGE_CURVE('',#1992,#1974,#2000,.T.);
#2000 = LINE('',#2001,#2002);
#2001 = CARTESIAN_POINT('',(3.91,0.32,1.85));
#2002 = VECTOR('',#2003,1.);
#2003 = DIRECTION('',(1.,-1.224646799147E-16,-1.722253308054E-32));
#2004 = FACE_BOUND('',#2005,.T.);
#2005 = EDGE_LOOP('',(#2006,#2016,#2024,#2032));
#2006 = ORIENTED_EDGE('',*,*,#2007,.T.);
#2007 = EDGE_CURVE('',#2008,#2010,#2012,.T.);
#2008 = VERTEX_POINT('',#2009);
#2009 = CARTESIAN_POINT('',(9.68,0.32,1.85));
#2010 = VERTEX_POINT('',#2011);
#2011 = CARTESIAN_POINT('',(10.32,0.32,1.85));
#2012 = LINE('',#2013,#2014);
#2013 = CARTESIAN_POINT('',(7.66,0.32,1.85));
#2014 = VECTOR('',#2015,1.);
#2015 = DIRECTION('',(1.,-1.224646799147E-16,-1.722253308054E-32));
#2016 = ORIENTED_EDGE('',*,*,#2017,.T.);
#2017 = EDGE_CURVE('',#2010,#2018,#2020,.T.);
#2018 = VERTEX_POINT('',#2019);
#2019 = CARTESIAN_POINT('',(10.32,-0.32,1.85));
#2020 = LINE('',#2021,#2022);
#2021 = CARTESIAN_POINT('',(10.32,-0.26920299558,1.85));
#2022 = VECTOR('',#2023,1.);
#2023 = DIRECTION('',(-1.224646799147E-16,-1.,0.));
#2024 = ORIENTED_EDGE('',*,*,#2025,.T.);
#2025 = EDGE_CURVE('',#2018,#2026,#2028,.T.);
#2026 = VERTEX_POINT('',#2027);
#2027 = CARTESIAN_POINT('',(9.68,-0.32,1.85));
#2028 = LINE('',#2029,#2030);
#2029 = CARTESIAN_POINT('',(7.66,-0.32,1.85));
#2030 = VECTOR('',#2031,1.);
#2031 = DIRECTION('',(-1.,1.224646799147E-16,1.722253308054E-32));
#2032 = ORIENTED_EDGE('',*,*,#2033,.F.);
#2033 = EDGE_CURVE('',#2008,#2026,#2034,.T.);
#2034 = LINE('',#2035,#2036);
#2035 = CARTESIAN_POINT('',(9.68,-0.26920299558,1.85));
#2036 = VECTOR('',#2037,1.);
#2037 = DIRECTION('',(-1.224646799147E-16,-1.,0.));
#2038 = FACE_BOUND('',#2039,.T.);
#2039 = EDGE_LOOP('',(#2040,#2050,#2058,#2066));
#2040 = ORIENTED_EDGE('',*,*,#2041,.F.);
#2041 = EDGE_CURVE('',#2042,#2044,#2046,.T.);
#2042 = VERTEX_POINT('',#2043);
#2043 = CARTESIAN_POINT('',(-0.32,0.32,1.85));
#2044 = VERTEX_POINT('',#2045);
#2045 = CARTESIAN_POINT('',(-0.32,-0.32,1.85));
#2046 = LINE('',#2047,#2048);
#2047 = CARTESIAN_POINT('',(-0.32,-0.26920299558,1.85));
#2048 = VECTOR('',#2049,1.);
#2049 = DIRECTION('',(-1.224646799147E-16,-1.,0.));
#2050 = ORIENTED_EDGE('',*,*,#2051,.T.);
#2051 = EDGE_CURVE('',#2042,#2052,#2054,.T.);
#2052 = VERTEX_POINT('',#2053);
#2053 = CARTESIAN_POINT('',(0.32,0.32,1.85));
#2054 = LINE('',#2055,#2056);
#2055 = CARTESIAN_POINT('',(2.66,0.32,1.85));
#2056 = VECTOR('',#2057,1.);
#2057 = DIRECTION('',(1.,-1.224646799147E-16,-1.722253308054E-32));
#2058 = ORIENTED_EDGE('',*,*,#2059,.T.);
#2059 = EDGE_CURVE('',#2052,#2060,#2062,.T.);
#2060 = VERTEX_POINT('',#2061);
#2061 = CARTESIAN_POINT('',(0.32,-0.32,1.85));
#2062 = LINE('',#2063,#2064);
#2063 = CARTESIAN_POINT('',(0.32,-0.26920299558,1.85));
#2064 = VECTOR('',#2065,1.);
#2065 = DIRECTION('',(-1.224646799147E-16,-1.,0.));
#2066 = ORIENTED_EDGE('',*,*,#2067,.T.);
#2067 = EDGE_CURVE('',#2060,#2044,#2068,.T.);
#2068 = LINE('',#2069,#2070);
#2069 = CARTESIAN_POINT('',(2.66,-0.32,1.85));
#2070 = VECTOR('',#2071,1.);
#2071 = DIRECTION('',(-1.,1.224646799147E-16,1.722253308054E-32));
#2072 = PLANE('',#2073);
#2073 = AXIS2_PLACEMENT_3D('',#2074,#2075,#2076);
#2074 = CARTESIAN_POINT('',(5.,-0.575,1.85));
#2075 = DIRECTION('',(1.722253308054E-32,-2.109152001029E-48,1.));
#2076 = DIRECTION('',(-1.,1.224646799147E-16,1.722253308054E-32));
#2077 = ADVANCED_FACE('',(#2078),#2089,.F.);
#2078 = FACE_BOUND('',#2079,.F.);
#2079 = EDGE_LOOP('',(#2080,#2081,#2087,#2088));
#2080 = ORIENTED_EDGE('',*,*,#1109,.F.);
#2081 = ORIENTED_EDGE('',*,*,#2082,.T.);
#2082 = EDGE_CURVE('',#1102,#900,#2083,.T.);
#2083 = LINE('',#2084,#2085);
#2084 = CARTESIAN_POINT('',(-0.5,2.35,6.1));
#2085 = VECTOR('',#2086,1.);
#2086 = DIRECTION('',(-1.224646799147E-16,-1.,0.));
#2087 = ORIENTED_EDGE('',*,*,#907,.F.);
#2088 = ORIENTED_EDGE('',*,*,#955,.F.);
#2089 = PLANE('',#2090);
#2090 = AXIS2_PLACEMENT_3D('',#2091,#2092,#2093);
#2091 = CARTESIAN_POINT('',(-0.5,2.35,6.1));
#2092 = DIRECTION('',(-1.,1.224646799147E-16,0.));
#2093 = DIRECTION('',(0.,0.,1.));
#2094 = ADVANCED_FACE('',(#2095),#2106,.F.);
#2095 = FACE_BOUND('',#2096,.F.);
#2096 = EDGE_LOOP('',(#2097,#2098,#2104,#2105));
#2097 = ORIENTED_EDGE('',*,*,#1101,.F.);
#2098 = ORIENTED_EDGE('',*,*,#2099,.T.);
#2099 = EDGE_CURVE('',#1094,#892,#2100,.T.);
#2100 = LINE('',#2101,#2102);
#2101 = CARTESIAN_POINT('',(-0.25,2.35,5.85));
#2102 = VECTOR('',#2103,1.);
#2103 = DIRECTION('',(-1.224646799147E-16,-1.,0.));
#2104 = ORIENTED_EDGE('',*,*,#899,.F.);
#2105 = ORIENTED_EDGE('',*,*,#2082,.F.);
#2106 = PLANE('',#2107);
#2107 = AXIS2_PLACEMENT_3D('',#2108,#2109,#2110);
#2108 = CARTESIAN_POINT('',(-0.25,2.35,5.85));
#2109 = DIRECTION('',(-0.707106781187,8.659560562349E-17,-0.707106781187
    ));
#2110 = DIRECTION('',(-0.707106781187,8.659560562349E-17,0.707106781187)
  );
#2111 = ADVANCED_FACE('',(#2112),#2123,.F.);
#2112 = FACE_BOUND('',#2113,.F.);
#2113 = EDGE_LOOP('',(#2114,#2115,#2121,#2122));
#2114 = ORIENTED_EDGE('',*,*,#1093,.F.);
#2115 = ORIENTED_EDGE('',*,*,#2116,.T.);
#2116 = EDGE_CURVE('',#1086,#884,#2117,.T.);
#2117 = LINE('',#2118,#2119);
#2118 = CARTESIAN_POINT('',(-0.5,2.35,5.6));
#2119 = VECTOR('',#2120,1.);
#2120 = DIRECTION('',(-1.224646799147E-16,-1.,0.));
#2121 = ORIENTED_EDGE('',*,*,#891,.F.);
#2122 = ORIENTED_EDGE('',*,*,#2099,.F.);
#2123 = PLANE('',#2124);
#2124 = AXIS2_PLACEMENT_3D('',#2125,#2126,#2127);
#2125 = CARTESIAN_POINT('',(-0.5,2.35,5.6));
#2126 = DIRECTION('',(-0.707106781187,8.659560562349E-17,0.707106781187)
  );
#2127 = DIRECTION('',(0.707106781187,-8.659560562349E-17,0.707106781187)
  );
#2128 = ADVANCED_FACE('',(#2129),#2140,.F.);
#2129 = FACE_BOUND('',#2130,.F.);
#2130 = EDGE_LOOP('',(#2131,#2132,#2138,#2139));
#2131 = ORIENTED_EDGE('',*,*,#1085,.F.);
#2132 = ORIENTED_EDGE('',*,*,#2133,.T.);
#2133 = EDGE_CURVE('',#1077,#875,#2134,.T.);
#2134 = LINE('',#2135,#2136);
#2135 = CARTESIAN_POINT('',(-0.5,2.35,3.85));
#2136 = VECTOR('',#2137,1.);
#2137 = DIRECTION('',(-1.224646799147E-16,-1.,0.));
#2138 = ORIENTED_EDGE('',*,*,#883,.F.);
#2139 = ORIENTED_EDGE('',*,*,#2116,.F.);
#2140 = PLANE('',#2141);
#2141 = AXIS2_PLACEMENT_3D('',#2142,#2143,#2144);
#2142 = CARTESIAN_POINT('',(-0.5,2.35,3.1));
#2143 = DIRECTION('',(-1.,1.224646799147E-16,0.));
#2144 = DIRECTION('',(0.,0.,1.));
#2145 = ADVANCED_FACE('',(#2146),#2157,.F.);
#2146 = FACE_BOUND('',#2147,.F.);
#2147 = EDGE_LOOP('',(#2148,#2149,#2150,#2151));
#2148 = ORIENTED_EDGE('',*,*,#874,.F.);
#2149 = ORIENTED_EDGE('',*,*,#2133,.F.);
#2150 = ORIENTED_EDGE('',*,*,#1076,.F.);
#2151 = ORIENTED_EDGE('',*,*,#2152,.T.);
#2152 = EDGE_CURVE('',#1069,#867,#2153,.T.);
#2153 = LINE('',#2154,#2155);
#2154 = CARTESIAN_POINT('',(0.25,2.35,3.1));
#2155 = VECTOR('',#2156,1.);
#2156 = DIRECTION('',(-1.224646799147E-16,-1.,0.));
#2157 = CYLINDRICAL_SURFACE('',#2158,0.75);
#2158 = AXIS2_PLACEMENT_3D('',#2159,#2160,#2161);
#2159 = CARTESIAN_POINT('',(0.25,2.35,3.85));
#2160 = DIRECTION('',(-1.224646799147E-16,-1.,0.));
#2161 = DIRECTION('',(-0.,0.,-1.));
#2162 = ADVANCED_FACE('',(#2163),#2174,.F.);
#2163 = FACE_BOUND('',#2164,.F.);
#2164 = EDGE_LOOP('',(#2165,#2166,#2167,#2173));
#2165 = ORIENTED_EDGE('',*,*,#2152,.F.);
#2166 = ORIENTED_EDGE('',*,*,#1068,.F.);
#2167 = ORIENTED_EDGE('',*,*,#2168,.T.);
#2168 = EDGE_CURVE('',#1061,#859,#2169,.T.);
#2169 = LINE('',#2170,#2171);
#2170 = CARTESIAN_POINT('',(1.,2.35,3.1));
#2171 = VECTOR('',#2172,1.);
#2172 = DIRECTION('',(-1.224646799147E-16,-1.,0.));
#2173 = ORIENTED_EDGE('',*,*,#866,.F.);
#2174 = PLANE('',#2175);
#2175 = AXIS2_PLACEMENT_3D('',#2176,#2177,#2178);
#2176 = CARTESIAN_POINT('',(1.,2.35,3.1));
#2177 = DIRECTION('',(-0.,0.,-1.));
#2178 = DIRECTION('',(-1.,1.224646799147E-16,0.));
#2179 = ADVANCED_FACE('',(#2180),#2191,.F.);
#2180 = FACE_BOUND('',#2181,.F.);
#2181 = EDGE_LOOP('',(#2182,#2183,#2189,#2190));
#2182 = ORIENTED_EDGE('',*,*,#1060,.F.);
#2183 = ORIENTED_EDGE('',*,*,#2184,.T.);
#2184 = EDGE_CURVE('',#1053,#851,#2185,.T.);
#2185 = LINE('',#2186,#2187);
#2186 = CARTESIAN_POINT('',(1.,2.35,7.));
#2187 = VECTOR('',#2188,1.);
#2188 = DIRECTION('',(-1.224646799147E-16,-1.,0.));
#2189 = ORIENTED_EDGE('',*,*,#858,.F.);
#2190 = ORIENTED_EDGE('',*,*,#2168,.F.);
#2191 = PLANE('',#2192);
#2192 = AXIS2_PLACEMENT_3D('',#2193,#2194,#2195);
#2193 = CARTESIAN_POINT('',(1.,2.35,7.));
#2194 = DIRECTION('',(1.,-1.224646799147E-16,0.));
#2195 = DIRECTION('',(0.,-0.,-1.));
#2196 = ADVANCED_FACE('',(#2197),#2208,.T.);
#2197 = FACE_BOUND('',#2198,.T.);
#2198 = EDGE_LOOP('',(#2199,#2200,#2206,#2207));
#2199 = ORIENTED_EDGE('',*,*,#850,.F.);
#2200 = ORIENTED_EDGE('',*,*,#2201,.F.);
#2201 = EDGE_CURVE('',#1045,#843,#2202,.T.);
#2202 = LINE('',#2203,#2204);
#2203 = CARTESIAN_POINT('',(9.,2.35,7.));
#2204 = VECTOR('',#2205,1.);
#2205 = DIRECTION('',(-1.224646799147E-16,-1.,0.));
#2206 = ORIENTED_EDGE('',*,*,#1052,.T.);
#2207 = ORIENTED_EDGE('',*,*,#2184,.T.);
#2208 = PLANE('',#2209);
#2209 = AXIS2_PLACEMENT_3D('',#2210,#2211,#2212);
#2210 = CARTESIAN_POINT('',(5.,-0.525,7.));
#2211 = DIRECTION('',(0.,0.,1.));
#2212 = DIRECTION('',(-1.,1.224646799147E-16,0.));
#2213 = ADVANCED_FACE('',(#2214),#2225,.T.);
#2214 = FACE_BOUND('',#2215,.T.);
#2215 = EDGE_LOOP('',(#2216,#2217,#2218,#2219));
#2216 = ORIENTED_EDGE('',*,*,#1044,.F.);
#2217 = ORIENTED_EDGE('',*,*,#2201,.T.);
#2218 = ORIENTED_EDGE('',*,*,#842,.F.);
#2219 = ORIENTED_EDGE('',*,*,#2220,.F.);
#2220 = EDGE_CURVE('',#1037,#835,#2221,.T.);
#2221 = LINE('',#2222,#2223);
#2222 = CARTESIAN_POINT('',(9.,2.35,3.1));
#2223 = VECTOR('',#2224,1.);
#2224 = DIRECTION('',(-1.224646799147E-16,-1.,0.));
#2225 = PLANE('',#2226);
#2226 = AXIS2_PLACEMENT_3D('',#2227,#2228,#2229);
#2227 = CARTESIAN_POINT('',(9.,2.35,7.));
#2228 = DIRECTION('',(1.,-1.224646799147E-16,0.));
#2229 = DIRECTION('',(0.,-0.,-1.));
#2230 = ADVANCED_FACE('',(#2231),#2242,.T.);
#2231 = FACE_BOUND('',#2232,.T.);
#2232 = EDGE_LOOP('',(#2233,#2239,#2240,#2241));
#2233 = ORIENTED_EDGE('',*,*,#2234,.F.);
#2234 = EDGE_CURVE('',#1028,#826,#2235,.T.);
#2235 = LINE('',#2236,#2237);
#2236 = CARTESIAN_POINT('',(9.75,2.35,3.1));
#2237 = VECTOR('',#2238,1.);
#2238 = DIRECTION('',(-1.224646799147E-16,-1.,0.));
#2239 = ORIENTED_EDGE('',*,*,#1036,.F.);
#2240 = ORIENTED_EDGE('',*,*,#2220,.T.);
#2241 = ORIENTED_EDGE('',*,*,#834,.F.);
#2242 = PLANE('',#2243);
#2243 = AXIS2_PLACEMENT_3D('',#2244,#2245,#2246);
#2244 = CARTESIAN_POINT('',(9.,2.35,3.1));
#2245 = DIRECTION('',(0.,0.,1.));
#2246 = DIRECTION('',(1.,-1.224646799147E-16,0.));
#2247 = ADVANCED_FACE('',(#2248),#2259,.F.);
#2248 = FACE_BOUND('',#2249,.F.);
#2249 = EDGE_LOOP('',(#2250,#2251,#2252,#2258));
#2250 = ORIENTED_EDGE('',*,*,#2234,.F.);
#2251 = ORIENTED_EDGE('',*,*,#1027,.T.);
#2252 = ORIENTED_EDGE('',*,*,#2253,.T.);
#2253 = EDGE_CURVE('',#1020,#818,#2254,.T.);
#2254 = LINE('',#2255,#2256);
#2255 = CARTESIAN_POINT('',(10.5,2.35,3.85));
#2256 = VECTOR('',#2257,1.);
#2257 = DIRECTION('',(-1.224646799147E-16,-1.,0.));
#2258 = ORIENTED_EDGE('',*,*,#825,.F.);
#2259 = CYLINDRICAL_SURFACE('',#2260,0.75);
#2260 = AXIS2_PLACEMENT_3D('',#2261,#2262,#2263);
#2261 = CARTESIAN_POINT('',(9.75,2.35,3.85));
#2262 = DIRECTION('',(-1.224646799147E-16,-1.,0.));
#2263 = DIRECTION('',(0.,-0.,-1.));
#2264 = ADVANCED_FACE('',(#2265),#2276,.T.);
#2265 = FACE_BOUND('',#2266,.T.);
#2266 = EDGE_LOOP('',(#2267,#2268,#2269,#2270));
#2267 = ORIENTED_EDGE('',*,*,#1019,.F.);
#2268 = ORIENTED_EDGE('',*,*,#2253,.T.);
#2269 = ORIENTED_EDGE('',*,*,#817,.F.);
#2270 = ORIENTED_EDGE('',*,*,#2271,.F.);
#2271 = EDGE_CURVE('',#1012,#810,#2272,.T.);
#2272 = LINE('',#2273,#2274);
#2273 = CARTESIAN_POINT('',(10.5,2.35,5.6));
#2274 = VECTOR('',#2275,1.);
#2275 = DIRECTION('',(-1.224646799147E-16,-1.,0.));
#2276 = PLANE('',#2277);
#2277 = AXIS2_PLACEMENT_3D('',#2278,#2279,#2280);
#2278 = CARTESIAN_POINT('',(10.5,2.35,3.1));
#2279 = DIRECTION('',(-1.,1.224646799147E-16,0.));
#2280 = DIRECTION('',(0.,0.,1.));
#2281 = ADVANCED_FACE('',(#2282),#2293,.T.);
#2282 = FACE_BOUND('',#2283,.T.);
#2283 = EDGE_LOOP('',(#2284,#2285,#2286,#2287));
#2284 = ORIENTED_EDGE('',*,*,#1011,.F.);
#2285 = ORIENTED_EDGE('',*,*,#2271,.T.);
#2286 = ORIENTED_EDGE('',*,*,#809,.F.);
#2287 = ORIENTED_EDGE('',*,*,#2288,.F.);
#2288 = EDGE_CURVE('',#1004,#802,#2289,.T.);
#2289 = LINE('',#2290,#2291);
#2290 = CARTESIAN_POINT('',(10.25,2.35,5.85));
#2291 = VECTOR('',#2292,1.);
#2292 = DIRECTION('',(-1.224646799147E-16,-1.,0.));
#2293 = PLANE('',#2294);
#2294 = AXIS2_PLACEMENT_3D('',#2295,#2296,#2297);
#2295 = CARTESIAN_POINT('',(10.5,2.35,5.6));
#2296 = DIRECTION('',(-0.707106781187,8.659560562349E-17,-0.707106781187
    ));
#2297 = DIRECTION('',(-0.707106781187,8.659560562349E-17,0.707106781187)
  );
#2298 = ADVANCED_FACE('',(#2299),#2310,.T.);
#2299 = FACE_BOUND('',#2300,.T.);
#2300 = EDGE_LOOP('',(#2301,#2302,#2303,#2304));
#2301 = ORIENTED_EDGE('',*,*,#1003,.F.);
#2302 = ORIENTED_EDGE('',*,*,#2288,.T.);
#2303 = ORIENTED_EDGE('',*,*,#801,.F.);
#2304 = ORIENTED_EDGE('',*,*,#2305,.F.);
#2305 = EDGE_CURVE('',#996,#794,#2306,.T.);
#2306 = LINE('',#2307,#2308);
#2307 = CARTESIAN_POINT('',(10.5,2.35,6.1));
#2308 = VECTOR('',#2309,1.);
#2309 = DIRECTION('',(-1.224646799147E-16,-1.,0.));
#2310 = PLANE('',#2311);
#2311 = AXIS2_PLACEMENT_3D('',#2312,#2313,#2314);
#2312 = CARTESIAN_POINT('',(10.25,2.35,5.85));
#2313 = DIRECTION('',(-0.707106781187,8.659560562349E-17,0.707106781187)
  );
#2314 = DIRECTION('',(0.707106781187,-8.659560562349E-17,0.707106781187)
  );
#2315 = ADVANCED_FACE('',(#2316),#2322,.T.);
#2316 = FACE_BOUND('',#2317,.T.);
#2317 = EDGE_LOOP('',(#2318,#2319,#2320,#2321));
#2318 = ORIENTED_EDGE('',*,*,#995,.F.);
#2319 = ORIENTED_EDGE('',*,*,#2305,.T.);
#2320 = ORIENTED_EDGE('',*,*,#793,.F.);
#2321 = ORIENTED_EDGE('',*,*,#1856,.F.);
#2322 = PLANE('',#2323);
#2323 = AXIS2_PLACEMENT_3D('',#2324,#2325,#2326);
#2324 = CARTESIAN_POINT('',(10.5,2.35,6.1));
#2325 = DIRECTION('',(-1.,1.224646799147E-16,0.));
#2326 = DIRECTION('',(0.,0.,1.));
#2327 = ADVANCED_FACE('',(#2328),#2339,.F.);
#2328 = FACE_BOUND('',#2329,.F.);
#2329 = EDGE_LOOP('',(#2330,#2331,#2332,#2338));
#2330 = ORIENTED_EDGE('',*,*,#1254,.T.);
#2331 = ORIENTED_EDGE('',*,*,#1721,.T.);
#2332 = ORIENTED_EDGE('',*,*,#2333,.F.);
#2333 = EDGE_CURVE('',#1779,#1722,#2334,.T.);
#2334 = LINE('',#2335,#2336);
#2335 = CARTESIAN_POINT('',(10.75,0.5,0.3));
#2336 = VECTOR('',#2337,1.);
#2337 = DIRECTION('',(-1.,1.224646799147E-16,0.));
#2338 = ORIENTED_EDGE('',*,*,#1778,.F.);
#2339 = PLANE('',#2340);
#2340 = AXIS2_PLACEMENT_3D('',#2341,#2342,#2343);
#2341 = CARTESIAN_POINT('',(10.75,2.35,1.));
#2342 = DIRECTION('',(-4.33392824344E-17,-0.353892097416,0.935286257456)
  );
#2343 = DIRECTION('',(-1.14539532148E-16,-0.935286257456,-0.353892097416
    ));
#2344 = ADVANCED_FACE('',(#2345),#2356,.F.);
#2345 = FACE_BOUND('',#2346,.F.);
#2346 = EDGE_LOOP('',(#2347,#2348,#2349,#2355));
#2347 = ORIENTED_EDGE('',*,*,#1222,.T.);
#2348 = ORIENTED_EDGE('',*,*,#1616,.T.);
#2349 = ORIENTED_EDGE('',*,*,#2350,.F.);
#2350 = EDGE_CURVE('',#1674,#1617,#2351,.T.);
#2351 = LINE('',#2352,#2353);
#2352 = CARTESIAN_POINT('',(8.25,0.5,0.3));
#2353 = VECTOR('',#2354,1.);
#2354 = DIRECTION('',(-1.,1.224646799147E-16,0.));
#2355 = ORIENTED_EDGE('',*,*,#1673,.F.);
#2356 = PLANE('',#2357);
#2357 = AXIS2_PLACEMENT_3D('',#2358,#2359,#2360);
#2358 = CARTESIAN_POINT('',(8.25,2.35,1.));
#2359 = DIRECTION('',(-4.33392824344E-17,-0.353892097416,0.935286257456)
  );
#2360 = DIRECTION('',(-1.14539532148E-16,-0.935286257456,-0.353892097416
    ));
#2361 = ADVANCED_FACE('',(#2362),#2373,.F.);
#2362 = FACE_BOUND('',#2363,.F.);
#2363 = EDGE_LOOP('',(#2364,#2365,#2366,#2372));
#2364 = ORIENTED_EDGE('',*,*,#1190,.T.);
#2365 = ORIENTED_EDGE('',*,*,#1511,.T.);
#2366 = ORIENTED_EDGE('',*,*,#2367,.F.);
#2367 = EDGE_CURVE('',#1569,#1512,#2368,.T.);
#2368 = LINE('',#2369,#2370);
#2369 = CARTESIAN_POINT('',(5.75,0.5,0.3));
#2370 = VECTOR('',#2371,1.);
#2371 = DIRECTION('',(-1.,1.224646799147E-16,0.));
#2372 = ORIENTED_EDGE('',*,*,#1568,.F.);
#2373 = PLANE('',#2374);
#2374 = AXIS2_PLACEMENT_3D('',#2375,#2376,#2377);
#2375 = CARTESIAN_POINT('',(5.75,2.35,1.));
#2376 = DIRECTION('',(-4.33392824344E-17,-0.353892097416,0.935286257456)
  );
#2377 = DIRECTION('',(-1.14539532148E-16,-0.935286257456,-0.353892097416
    ));
#2378 = ADVANCED_FACE('',(#2379),#2390,.F.);
#2379 = FACE_BOUND('',#2380,.F.);
#2380 = EDGE_LOOP('',(#2381,#2382,#2383,#2389));
#2381 = ORIENTED_EDGE('',*,*,#1158,.T.);
#2382 = ORIENTED_EDGE('',*,*,#1406,.T.);
#2383 = ORIENTED_EDGE('',*,*,#2384,.F.);
#2384 = EDGE_CURVE('',#1464,#1407,#2385,.T.);
#2385 = LINE('',#2386,#2387);
#2386 = CARTESIAN_POINT('',(3.25,0.5,0.3));
#2387 = VECTOR('',#2388,1.);
#2388 = DIRECTION('',(-1.,1.224646799147E-16,0.));
#2389 = ORIENTED_EDGE('',*,*,#1463,.F.);
#2390 = PLANE('',#2391);
#2391 = AXIS2_PLACEMENT_3D('',#2392,#2393,#2394);
#2392 = CARTESIAN_POINT('',(3.25,2.35,1.));
#2393 = DIRECTION('',(-4.33392824344E-17,-0.353892097416,0.935286257456)
  );
#2394 = DIRECTION('',(-1.14539532148E-16,-0.935286257456,-0.353892097416
    ));
#2395 = ADVANCED_FACE('',(#2396),#2407,.F.);
#2396 = FACE_BOUND('',#2397,.F.);
#2397 = EDGE_LOOP('',(#2398,#2399,#2400,#2406));
#2398 = ORIENTED_EDGE('',*,*,#1126,.T.);
#2399 = ORIENTED_EDGE('',*,*,#1301,.T.);
#2400 = ORIENTED_EDGE('',*,*,#2401,.F.);
#2401 = EDGE_CURVE('',#1359,#1302,#2402,.T.);
#2402 = LINE('',#2403,#2404);
#2403 = CARTESIAN_POINT('',(0.75,0.5,0.3));
#2404 = VECTOR('',#2405,1.);
#2405 = DIRECTION('',(-1.,1.224646799147E-16,0.));
#2406 = ORIENTED_EDGE('',*,*,#1358,.F.);
#2407 = PLANE('',#2408);
#2408 = AXIS2_PLACEMENT_3D('',#2409,#2410,#2411);
#2409 = CARTESIAN_POINT('',(0.75,2.35,1.));
#2410 = DIRECTION('',(-4.33392824344E-17,-0.353892097416,0.935286257456)
  );
#2411 = DIRECTION('',(-1.14539532148E-16,-0.935286257456,-0.353892097416
    ));
#2412 = ADVANCED_FACE('',(#2413,#2419),#2453,.F.);
#2413 = FACE_BOUND('',#2414,.F.);
#2414 = EDGE_LOOP('',(#2415,#2416,#2417,#2418));
#2415 = ORIENTED_EDGE('',*,*,#2401,.T.);
#2416 = ORIENTED_EDGE('',*,*,#1309,.T.);
#2417 = ORIENTED_EDGE('',*,*,#1333,.F.);
#2418 = ORIENTED_EDGE('',*,*,#1366,.F.);
#2419 = FACE_BOUND('',#2420,.F.);
#2420 = EDGE_LOOP('',(#2421,#2431,#2439,#2447));
#2421 = ORIENTED_EDGE('',*,*,#2422,.F.);
#2422 = EDGE_CURVE('',#2423,#2425,#2427,.T.);
#2423 = VERTEX_POINT('',#2424);
#2424 = CARTESIAN_POINT('',(-0.32,0.32,0.3));
#2425 = VERTEX_POINT('',#2426);
#2426 = CARTESIAN_POINT('',(-0.32,-0.32,0.3));
#2427 = LINE('',#2428,#2429);
#2428 = CARTESIAN_POINT('',(-0.32,0.26829700442,0.3));
#2429 = VECTOR('',#2430,1.);
#2430 = DIRECTION('',(-1.224646799147E-16,-1.,0.));
#2431 = ORIENTED_EDGE('',*,*,#2432,.T.);
#2432 = EDGE_CURVE('',#2423,#2433,#2435,.T.);
#2433 = VERTEX_POINT('',#2434);
#2434 = CARTESIAN_POINT('',(0.32,0.32,0.3));
#2435 = LINE('',#2436,#2437);
#2436 = CARTESIAN_POINT('',(0.535,0.32,0.3));
#2437 = VECTOR('',#2438,1.);
#2438 = DIRECTION('',(1.,-1.224646799147E-16,0.));
#2439 = ORIENTED_EDGE('',*,*,#2440,.T.);
#2440 = EDGE_CURVE('',#2433,#2441,#2443,.T.);
#2441 = VERTEX_POINT('',#2442);
#2442 = CARTESIAN_POINT('',(0.32,-0.32,0.3));
#2443 = LINE('',#2444,#2445);
#2444 = CARTESIAN_POINT('',(0.32,0.26829700442,0.3));
#2445 = VECTOR('',#2446,1.);
#2446 = DIRECTION('',(-1.224646799147E-16,-1.,0.));
#2447 = ORIENTED_EDGE('',*,*,#2448,.T.);
#2448 = EDGE_CURVE('',#2441,#2425,#2449,.T.);
#2449 = LINE('',#2450,#2451);
#2450 = CARTESIAN_POINT('',(0.535,-0.32,0.3));
#2451 = VECTOR('',#2452,1.);
#2452 = DIRECTION('',(-1.,1.224646799147E-16,0.));
#2453 = PLANE('',#2454);
#2454 = AXIS2_PLACEMENT_3D('',#2455,#2456,#2457);
#2455 = CARTESIAN_POINT('',(0.75,0.5,0.3));
#2456 = DIRECTION('',(0.,0.,1.));
#2457 = DIRECTION('',(-1.224646799147E-16,-1.,0.));
#2458 = ADVANCED_FACE('',(#2459,#2465),#2499,.F.);
#2459 = FACE_BOUND('',#2460,.F.);
#2460 = EDGE_LOOP('',(#2461,#2462,#2463,#2464));
#2461 = ORIENTED_EDGE('',*,*,#2384,.T.);
#2462 = ORIENTED_EDGE('',*,*,#1414,.T.);
#2463 = ORIENTED_EDGE('',*,*,#1438,.F.);
#2464 = ORIENTED_EDGE('',*,*,#1471,.F.);
#2465 = FACE_BOUND('',#2466,.F.);
#2466 = EDGE_LOOP('',(#2467,#2477,#2485,#2493));
#2467 = ORIENTED_EDGE('',*,*,#2468,.T.);
#2468 = EDGE_CURVE('',#2469,#2471,#2473,.T.);
#2469 = VERTEX_POINT('',#2470);
#2470 = CARTESIAN_POINT('',(2.82,0.32,0.3));
#2471 = VERTEX_POINT('',#2472);
#2472 = CARTESIAN_POINT('',(2.82,-0.32,0.3));
#2473 = LINE('',#2474,#2475);
#2474 = CARTESIAN_POINT('',(2.82,0.25,0.3));
#2475 = VECTOR('',#2476,1.);
#2476 = DIRECTION('',(-1.224646799147E-16,-1.,0.));
#2477 = ORIENTED_EDGE('',*,*,#2478,.T.);
#2478 = EDGE_CURVE('',#2471,#2479,#2481,.T.);
#2479 = VERTEX_POINT('',#2480);
#2480 = CARTESIAN_POINT('',(2.18,-0.32,0.3));
#2481 = LINE('',#2482,#2483);
#2482 = CARTESIAN_POINT('',(3.035,-0.32,0.3));
#2483 = VECTOR('',#2484,1.);
#2484 = DIRECTION('',(-1.,1.224646799147E-16,0.));
#2485 = ORIENTED_EDGE('',*,*,#2486,.F.);
#2486 = EDGE_CURVE('',#2487,#2479,#2489,.T.);
#2487 = VERTEX_POINT('',#2488);
#2488 = CARTESIAN_POINT('',(2.18,0.32,0.3));
#2489 = LINE('',#2490,#2491);
#2490 = CARTESIAN_POINT('',(2.18,0.25,0.3));
#2491 = VECTOR('',#2492,1.);
#2492 = DIRECTION('',(-1.224646799147E-16,-1.,0.));
#2493 = ORIENTED_EDGE('',*,*,#2494,.T.);
#2494 = EDGE_CURVE('',#2487,#2469,#2495,.T.);
#2495 = LINE('',#2496,#2497);
#2496 = CARTESIAN_POINT('',(3.035,0.32,0.3));
#2497 = VECTOR('',#2498,1.);
#2498 = DIRECTION('',(1.,-1.224646799147E-16,0.));
#2499 = PLANE('',#2500);
#2500 = AXIS2_PLACEMENT_3D('',#2501,#2502,#2503);
#2501 = CARTESIAN_POINT('',(3.25,0.5,0.3));
#2502 = DIRECTION('',(0.,0.,1.));
#2503 = DIRECTION('',(-1.224646799147E-16,-1.,0.));
#2504 = ADVANCED_FACE('',(#2505,#2511),#2545,.F.);
#2505 = FACE_BOUND('',#2506,.F.);
#2506 = EDGE_LOOP('',(#2507,#2508,#2509,#2510));
#2507 = ORIENTED_EDGE('',*,*,#2367,.T.);
#2508 = ORIENTED_EDGE('',*,*,#1519,.T.);
#2509 = ORIENTED_EDGE('',*,*,#1543,.F.);
#2510 = ORIENTED_EDGE('',*,*,#1576,.F.);
#2511 = FACE_BOUND('',#2512,.F.);
#2512 = EDGE_LOOP('',(#2513,#2523,#2531,#2539));
#2513 = ORIENTED_EDGE('',*,*,#2514,.T.);
#2514 = EDGE_CURVE('',#2515,#2517,#2519,.T.);
#2515 = VERTEX_POINT('',#2516);
#2516 = CARTESIAN_POINT('',(5.32,0.32,0.3));
#2517 = VERTEX_POINT('',#2518);
#2518 = CARTESIAN_POINT('',(5.32,-0.32,0.3));
#2519 = LINE('',#2520,#2521);
#2520 = CARTESIAN_POINT('',(5.32,0.25,0.3));
#2521 = VECTOR('',#2522,1.);
#2522 = DIRECTION('',(-1.224646799147E-16,-1.,0.));
#2523 = ORIENTED_EDGE('',*,*,#2524,.T.);
#2524 = EDGE_CURVE('',#2517,#2525,#2527,.T.);
#2525 = VERTEX_POINT('',#2526);
#2526 = CARTESIAN_POINT('',(4.68,-0.32,0.3));
#2527 = LINE('',#2528,#2529);
#2528 = CARTESIAN_POINT('',(5.535,-0.32,0.3));
#2529 = VECTOR('',#2530,1.);
#2530 = DIRECTION('',(-1.,1.224646799147E-16,0.));
#2531 = ORIENTED_EDGE('',*,*,#2532,.F.);
#2532 = EDGE_CURVE('',#2533,#2525,#2535,.T.);
#2533 = VERTEX_POINT('',#2534);
#2534 = CARTESIAN_POINT('',(4.68,0.32,0.3));
#2535 = LINE('',#2536,#2537);
#2536 = CARTESIAN_POINT('',(4.68,0.25,0.3));
#2537 = VECTOR('',#2538,1.);
#2538 = DIRECTION('',(-1.224646799147E-16,-1.,0.));
#2539 = ORIENTED_EDGE('',*,*,#2540,.T.);
#2540 = EDGE_CURVE('',#2533,#2515,#2541,.T.);
#2541 = LINE('',#2542,#2543);
#2542 = CARTESIAN_POINT('',(5.535,0.32,0.3));
#2543 = VECTOR('',#2544,1.);
#2544 = DIRECTION('',(1.,-1.224646799147E-16,0.));
#2545 = PLANE('',#2546);
#2546 = AXIS2_PLACEMENT_3D('',#2547,#2548,#2549);
#2547 = CARTESIAN_POINT('',(5.75,0.5,0.3));
#2548 = DIRECTION('',(0.,0.,1.));
#2549 = DIRECTION('',(-1.224646799147E-16,-1.,0.));
#2550 = ADVANCED_FACE('',(#2551,#2557),#2591,.F.);
#2551 = FACE_BOUND('',#2552,.F.);
#2552 = EDGE_LOOP('',(#2553,#2554,#2555,#2556));
#2553 = ORIENTED_EDGE('',*,*,#2350,.T.);
#2554 = ORIENTED_EDGE('',*,*,#1624,.T.);
#2555 = ORIENTED_EDGE('',*,*,#1648,.F.);
#2556 = ORIENTED_EDGE('',*,*,#1681,.F.);
#2557 = FACE_BOUND('',#2558,.F.);
#2558 = EDGE_LOOP('',(#2559,#2569,#2577,#2585));
#2559 = ORIENTED_EDGE('',*,*,#2560,.F.);
#2560 = EDGE_CURVE('',#2561,#2563,#2565,.T.);
#2561 = VERTEX_POINT('',#2562);
#2562 = CARTESIAN_POINT('',(7.18,0.32,0.3));
#2563 = VERTEX_POINT('',#2564);
#2564 = CARTESIAN_POINT('',(7.18,-0.32,0.3));
#2565 = LINE('',#2566,#2567);
#2566 = CARTESIAN_POINT('',(7.18,0.25,0.3));
#2567 = VECTOR('',#2568,1.);
#2568 = DIRECTION('',(-1.224646799147E-16,-1.,0.));
#2569 = ORIENTED_EDGE('',*,*,#2570,.T.);
#2570 = EDGE_CURVE('',#2561,#2571,#2573,.T.);
#2571 = VERTEX_POINT('',#2572);
#2572 = CARTESIAN_POINT('',(7.82,0.32,0.3));
#2573 = LINE('',#2574,#2575);
#2574 = CARTESIAN_POINT('',(8.035,0.32,0.3));
#2575 = VECTOR('',#2576,1.);
#2576 = DIRECTION('',(1.,-1.224646799147E-16,0.));
#2577 = ORIENTED_EDGE('',*,*,#2578,.T.);
#2578 = EDGE_CURVE('',#2571,#2579,#2581,.T.);
#2579 = VERTEX_POINT('',#2580);
#2580 = CARTESIAN_POINT('',(7.82,-0.32,0.3));
#2581 = LINE('',#2582,#2583);
#2582 = CARTESIAN_POINT('',(7.82,0.25,0.3));
#2583 = VECTOR('',#2584,1.);
#2584 = DIRECTION('',(-1.224646799147E-16,-1.,0.));
#2585 = ORIENTED_EDGE('',*,*,#2586,.T.);
#2586 = EDGE_CURVE('',#2579,#2563,#2587,.T.);
#2587 = LINE('',#2588,#2589);
#2588 = CARTESIAN_POINT('',(8.035,-0.32,0.3));
#2589 = VECTOR('',#2590,1.);
#2590 = DIRECTION('',(-1.,1.224646799147E-16,0.));
#2591 = PLANE('',#2592);
#2592 = AXIS2_PLACEMENT_3D('',#2593,#2594,#2595);
#2593 = CARTESIAN_POINT('',(8.25,0.5,0.3));
#2594 = DIRECTION('',(0.,0.,1.));
#2595 = DIRECTION('',(-1.224646799147E-16,-1.,0.));
#2596 = ADVANCED_FACE('',(#2597,#2603),#2637,.F.);
#2597 = FACE_BOUND('',#2598,.F.);
#2598 = EDGE_LOOP('',(#2599,#2600,#2601,#2602));
#2599 = ORIENTED_EDGE('',*,*,#2333,.T.);
#2600 = ORIENTED_EDGE('',*,*,#1729,.T.);
#2601 = ORIENTED_EDGE('',*,*,#1753,.F.);
#2602 = ORIENTED_EDGE('',*,*,#1786,.F.);
#2603 = FACE_BOUND('',#2604,.F.);
#2604 = EDGE_LOOP('',(#2605,#2615,#2623,#2631));
#2605 = ORIENTED_EDGE('',*,*,#2606,.T.);
#2606 = EDGE_CURVE('',#2607,#2609,#2611,.T.);
#2607 = VERTEX_POINT('',#2608);
#2608 = CARTESIAN_POINT('',(9.68,0.32,0.3));
#2609 = VERTEX_POINT('',#2610);
#2610 = CARTESIAN_POINT('',(10.32,0.32,0.3));
#2611 = LINE('',#2612,#2613);
#2612 = CARTESIAN_POINT('',(10.535,0.32,0.3));
#2613 = VECTOR('',#2614,1.);
#2614 = DIRECTION('',(1.,-1.224646799147E-16,0.));
#2615 = ORIENTED_EDGE('',*,*,#2616,.T.);
#2616 = EDGE_CURVE('',#2609,#2617,#2619,.T.);
#2617 = VERTEX_POINT('',#2618);
#2618 = CARTESIAN_POINT('',(10.32,-0.32,0.3));
#2619 = LINE('',#2620,#2621);
#2620 = CARTESIAN_POINT('',(10.32,0.26829700442,0.3));
#2621 = VECTOR('',#2622,1.);
#2622 = DIRECTION('',(-1.224646799147E-16,-1.,0.));
#2623 = ORIENTED_EDGE('',*,*,#2624,.T.);
#2624 = EDGE_CURVE('',#2617,#2625,#2627,.T.);
#2625 = VERTEX_POINT('',#2626);
#2626 = CARTESIAN_POINT('',(9.68,-0.32,0.3));
#2627 = LINE('',#2628,#2629);
#2628 = CARTESIAN_POINT('',(10.535,-0.32,0.3));
#2629 = VECTOR('',#2630,1.);
#2630 = DIRECTION('',(-1.,1.224646799147E-16,0.));
#2631 = ORIENTED_EDGE('',*,*,#2632,.F.);
#2632 = EDGE_CURVE('',#2607,#2625,#2633,.T.);
#2633 = LINE('',#2634,#2635);
#2634 = CARTESIAN_POINT('',(9.68,0.26829700442,0.3));
#2635 = VECTOR('',#2636,1.);
#2636 = DIRECTION('',(-1.224646799147E-16,-1.,0.));
#2637 = PLANE('',#2638);
#2638 = AXIS2_PLACEMENT_3D('',#2639,#2640,#2641);
#2639 = CARTESIAN_POINT('',(10.75,0.5,0.3));
#2640 = DIRECTION('',(0.,0.,1.));
#2641 = DIRECTION('',(-1.224646799147E-16,-1.,0.));
#2642 = ADVANCED_FACE('',(#2643),#2668,.F.);
#2643 = FACE_BOUND('',#2644,.F.);
#2644 = EDGE_LOOP('',(#2645,#2646,#2654,#2662));
#2645 = ORIENTED_EDGE('',*,*,#1905,.T.);
#2646 = ORIENTED_EDGE('',*,*,#2647,.T.);
#2647 = EDGE_CURVE('',#1908,#2648,#2650,.T.);
#2648 = VERTEX_POINT('',#2649);
#2649 = CARTESIAN_POINT('',(5.32,-0.32,6.3));
#2650 = LINE('',#2651,#2652);
#2651 = CARTESIAN_POINT('',(5.32,-0.32,-3.4));
#2652 = VECTOR('',#2653,1.);
#2653 = DIRECTION('',(0.,0.,1.));
#2654 = ORIENTED_EDGE('',*,*,#2655,.T.);
#2655 = EDGE_CURVE('',#2648,#2656,#2658,.T.);
#2656 = VERTEX_POINT('',#2657);
#2657 = CARTESIAN_POINT('',(5.32,0.32,6.3));
#2658 = LINE('',#2659,#2660);
#2659 = CARTESIAN_POINT('',(5.32,-0.32,6.3));
#2660 = VECTOR('',#2661,1.);
#2661 = DIRECTION('',(1.224646799147E-16,1.,0.));
#2662 = ORIENTED_EDGE('',*,*,#2663,.T.);
#2663 = EDGE_CURVE('',#2656,#1906,#2664,.T.);
#2664 = LINE('',#2665,#2666);
#2665 = CARTESIAN_POINT('',(5.32,0.32,6.5));
#2666 = VECTOR('',#2667,1.);
#2667 = DIRECTION('',(-0.,0.,-1.));
#2668 = PLANE('',#2669);
#2669 = AXIS2_PLACEMENT_3D('',#2670,#2671,#2672);
#2670 = CARTESIAN_POINT('',(5.32,-3.918869757272E-17,1.55));
#2671 = DIRECTION('',(-1.,1.224646799147E-16,0.));
#2672 = DIRECTION('',(0.,0.,1.));
#2673 = ADVANCED_FACE('',(#2674),#2692,.F.);
#2674 = FACE_BOUND('',#2675,.F.);
#2675 = EDGE_LOOP('',(#2676,#2677,#2685,#2691));
#2676 = ORIENTED_EDGE('',*,*,#2663,.F.);
#2677 = ORIENTED_EDGE('',*,*,#2678,.T.);
#2678 = EDGE_CURVE('',#2656,#2679,#2681,.T.);
#2679 = VERTEX_POINT('',#2680);
#2680 = CARTESIAN_POINT('',(4.68,0.32,6.3));
#2681 = LINE('',#2682,#2683);
#2682 = CARTESIAN_POINT('',(5.32,0.32,6.3));
#2683 = VECTOR('',#2684,1.);
#2684 = DIRECTION('',(-1.,1.224646799147E-16,0.));
#2685 = ORIENTED_EDGE('',*,*,#2686,.T.);
#2686 = EDGE_CURVE('',#2679,#1924,#2687,.T.);
#2687 = LINE('',#2688,#2689);
#2688 = CARTESIAN_POINT('',(4.68,0.32,6.5));
#2689 = VECTOR('',#2690,1.);
#2690 = DIRECTION('',(-0.,0.,-1.));
#2691 = ORIENTED_EDGE('',*,*,#1931,.T.);
#2692 = PLANE('',#2693);
#2693 = AXIS2_PLACEMENT_3D('',#2694,#2695,#2696);
#2694 = CARTESIAN_POINT('',(5.32,0.32,6.5));
#2695 = DIRECTION('',(-1.224646799147E-16,-1.,0.));
#2696 = DIRECTION('',(-0.,0.,-1.));
#2697 = ADVANCED_FACE('',(#2698),#2716,.T.);
#2698 = FACE_BOUND('',#2699,.T.);
#2699 = EDGE_LOOP('',(#2700,#2701,#2709,#2715));
#2700 = ORIENTED_EDGE('',*,*,#1923,.T.);
#2701 = ORIENTED_EDGE('',*,*,#2702,.T.);
#2702 = EDGE_CURVE('',#1916,#2703,#2705,.T.);
#2703 = VERTEX_POINT('',#2704);
#2704 = CARTESIAN_POINT('',(4.68,-0.32,6.3));
#2705 = LINE('',#2706,#2707);
#2706 = CARTESIAN_POINT('',(4.68,-0.32,-3.4));
#2707 = VECTOR('',#2708,1.);
#2708 = DIRECTION('',(0.,0.,1.));
#2709 = ORIENTED_EDGE('',*,*,#2710,.T.);
#2710 = EDGE_CURVE('',#2703,#2679,#2711,.T.);
#2711 = LINE('',#2712,#2713);
#2712 = CARTESIAN_POINT('',(4.68,-0.32,6.3));
#2713 = VECTOR('',#2714,1.);
#2714 = DIRECTION('',(1.224646799147E-16,1.,0.));
#2715 = ORIENTED_EDGE('',*,*,#2686,.T.);
#2716 = PLANE('',#2717);
#2717 = AXIS2_PLACEMENT_3D('',#2718,#2719,#2720);
#2718 = CARTESIAN_POINT('',(4.68,3.918869757272E-17,1.55));
#2719 = DIRECTION('',(-1.,1.224646799147E-16,0.));
#2720 = DIRECTION('',(0.,0.,1.));
#2721 = ADVANCED_FACE('',(#2722),#2733,.F.);
#2722 = FACE_BOUND('',#2723,.F.);
#2723 = EDGE_LOOP('',(#2724,#2725,#2726,#2727));
#2724 = ORIENTED_EDGE('',*,*,#2647,.F.);
#2725 = ORIENTED_EDGE('',*,*,#1915,.T.);
#2726 = ORIENTED_EDGE('',*,*,#2702,.T.);
#2727 = ORIENTED_EDGE('',*,*,#2728,.F.);
#2728 = EDGE_CURVE('',#2648,#2703,#2729,.T.);
#2729 = LINE('',#2730,#2731);
#2730 = CARTESIAN_POINT('',(5.32,-0.32,6.3));
#2731 = VECTOR('',#2732,1.);
#2732 = DIRECTION('',(-1.,1.224646799147E-16,0.));
#2733 = PLANE('',#2734);
#2734 = AXIS2_PLACEMENT_3D('',#2735,#2736,#2737);
#2735 = CARTESIAN_POINT('',(5.32,-0.32,-3.4));
#2736 = DIRECTION('',(1.224646799147E-16,1.,0.));
#2737 = DIRECTION('',(0.,-0.,1.));
#2738 = ADVANCED_FACE('',(#2739),#2764,.T.);
#2739 = FACE_BOUND('',#2740,.T.);
#2740 = EDGE_LOOP('',(#2741,#2742,#2750,#2758));
#2741 = ORIENTED_EDGE('',*,*,#1939,.T.);
#2742 = ORIENTED_EDGE('',*,*,#2743,.T.);
#2743 = EDGE_CURVE('',#1942,#2744,#2746,.T.);
#2744 = VERTEX_POINT('',#2745);
#2745 = CARTESIAN_POINT('',(7.18,-0.32,6.3));
#2746 = LINE('',#2747,#2748);
#2747 = CARTESIAN_POINT('',(7.18,-0.32,-3.4));
#2748 = VECTOR('',#2749,1.);
#2749 = DIRECTION('',(0.,0.,1.));
#2750 = ORIENTED_EDGE('',*,*,#2751,.T.);
#2751 = EDGE_CURVE('',#2744,#2752,#2754,.T.);
#2752 = VERTEX_POINT('',#2753);
#2753 = CARTESIAN_POINT('',(7.18,0.32,6.3));
#2754 = LINE('',#2755,#2756);
#2755 = CARTESIAN_POINT('',(7.18,-0.32,6.3));
#2756 = VECTOR('',#2757,1.);
#2757 = DIRECTION('',(1.224646799147E-16,1.,0.));
#2758 = ORIENTED_EDGE('',*,*,#2759,.T.);
#2759 = EDGE_CURVE('',#2752,#1940,#2760,.T.);
#2760 = LINE('',#2761,#2762);
#2761 = CARTESIAN_POINT('',(7.18,0.32,6.5));
#2762 = VECTOR('',#2763,1.);
#2763 = DIRECTION('',(-0.,0.,-1.));
#2764 = PLANE('',#2765);
#2765 = AXIS2_PLACEMENT_3D('',#2766,#2767,#2768);
#2766 = CARTESIAN_POINT('',(7.18,-2.669730022141E-16,1.55));
#2767 = DIRECTION('',(-1.,1.224646799147E-16,0.));
#2768 = DIRECTION('',(0.,0.,1.));
#2769 = ADVANCED_FACE('',(#2770),#2788,.F.);
#2770 = FACE_BOUND('',#2771,.F.);
#2771 = EDGE_LOOP('',(#2772,#2780,#2781,#2782));
#2772 = ORIENTED_EDGE('',*,*,#2773,.F.);
#2773 = EDGE_CURVE('',#1958,#2774,#2776,.T.);
#2774 = VERTEX_POINT('',#2775);
#2775 = CARTESIAN_POINT('',(7.82,-0.32,6.3));
#2776 = LINE('',#2777,#2778);
#2777 = CARTESIAN_POINT('',(7.82,-0.32,-3.4));
#2778 = VECTOR('',#2779,1.);
#2779 = DIRECTION('',(0.,0.,1.));
#2780 = ORIENTED_EDGE('',*,*,#1965,.T.);
#2781 = ORIENTED_EDGE('',*,*,#2743,.T.);
#2782 = ORIENTED_EDGE('',*,*,#2783,.F.);
#2783 = EDGE_CURVE('',#2774,#2744,#2784,.T.);
#2784 = LINE('',#2785,#2786);
#2785 = CARTESIAN_POINT('',(7.82,-0.32,6.3));
#2786 = VECTOR('',#2787,1.);
#2787 = DIRECTION('',(-1.,1.224646799147E-16,0.));
#2788 = PLANE('',#2789);
#2789 = AXIS2_PLACEMENT_3D('',#2790,#2791,#2792);
#2790 = CARTESIAN_POINT('',(7.82,-0.32,-3.4));
#2791 = DIRECTION('',(1.224646799147E-16,1.,0.));
#2792 = DIRECTION('',(0.,-0.,1.));
#2793 = ADVANCED_FACE('',(#2794),#2812,.F.);
#2794 = FACE_BOUND('',#2795,.F.);
#2795 = EDGE_LOOP('',(#2796,#2797,#2798,#2806));
#2796 = ORIENTED_EDGE('',*,*,#1957,.T.);
#2797 = ORIENTED_EDGE('',*,*,#2773,.T.);
#2798 = ORIENTED_EDGE('',*,*,#2799,.T.);
#2799 = EDGE_CURVE('',#2774,#2800,#2802,.T.);
#2800 = VERTEX_POINT('',#2801);
#2801 = CARTESIAN_POINT('',(7.82,0.32,6.3));
#2802 = LINE('',#2803,#2804);
#2803 = CARTESIAN_POINT('',(7.82,-0.32,6.3));
#2804 = VECTOR('',#2805,1.);
#2805 = DIRECTION('',(1.224646799147E-16,1.,0.));
#2806 = ORIENTED_EDGE('',*,*,#2807,.T.);
#2807 = EDGE_CURVE('',#2800,#1950,#2808,.T.);
#2808 = LINE('',#2809,#2810);
#2809 = CARTESIAN_POINT('',(7.82,0.32,6.5));
#2810 = VECTOR('',#2811,1.);
#2811 = DIRECTION('',(-0.,0.,-1.));
#2812 = PLANE('',#2813);
#2813 = AXIS2_PLACEMENT_3D('',#2814,#2815,#2816);
#2814 = CARTESIAN_POINT('',(7.82,-3.453503973596E-16,1.55));
#2815 = DIRECTION('',(-1.,1.224646799147E-16,0.));
#2816 = DIRECTION('',(0.,0.,1.));
#2817 = ADVANCED_FACE('',(#2818),#2829,.F.);
#2818 = FACE_BOUND('',#2819,.F.);
#2819 = EDGE_LOOP('',(#2820,#2821,#2827,#2828));
#2820 = ORIENTED_EDGE('',*,*,#2807,.F.);
#2821 = ORIENTED_EDGE('',*,*,#2822,.T.);
#2822 = EDGE_CURVE('',#2800,#2752,#2823,.T.);
#2823 = LINE('',#2824,#2825);
#2824 = CARTESIAN_POINT('',(7.82,0.32,6.3));
#2825 = VECTOR('',#2826,1.);
#2826 = DIRECTION('',(-1.,1.224646799147E-16,0.));
#2827 = ORIENTED_EDGE('',*,*,#2759,.T.);
#2828 = ORIENTED_EDGE('',*,*,#1949,.T.);
#2829 = PLANE('',#2830);
#2830 = AXIS2_PLACEMENT_3D('',#2831,#2832,#2833);
#2831 = CARTESIAN_POINT('',(7.82,0.32,6.5));
#2832 = DIRECTION('',(-1.224646799147E-16,-1.,0.));
#2833 = DIRECTION('',(-0.,0.,-1.));
#2834 = ADVANCED_FACE('',(#2835),#2860,.F.);
#2835 = FACE_BOUND('',#2836,.F.);
#2836 = EDGE_LOOP('',(#2837,#2838,#2846,#2854));
#2837 = ORIENTED_EDGE('',*,*,#1973,.T.);
#2838 = ORIENTED_EDGE('',*,*,#2839,.T.);
#2839 = EDGE_CURVE('',#1976,#2840,#2842,.T.);
#2840 = VERTEX_POINT('',#2841);
#2841 = CARTESIAN_POINT('',(2.82,-0.32,6.3));
#2842 = LINE('',#2843,#2844);
#2843 = CARTESIAN_POINT('',(2.82,-0.32,-3.4));
#2844 = VECTOR('',#2845,1.);
#2845 = DIRECTION('',(0.,0.,1.));
#2846 = ORIENTED_EDGE('',*,*,#2847,.T.);
#2847 = EDGE_CURVE('',#2840,#2848,#2850,.T.);
#2848 = VERTEX_POINT('',#2849);
#2849 = CARTESIAN_POINT('',(2.82,0.32,6.3));
#2850 = LINE('',#2851,#2852);
#2851 = CARTESIAN_POINT('',(2.82,-0.32,6.3));
#2852 = VECTOR('',#2853,1.);
#2853 = DIRECTION('',(1.224646799147E-16,1.,0.));
#2854 = ORIENTED_EDGE('',*,*,#2855,.T.);
#2855 = EDGE_CURVE('',#2848,#1974,#2856,.T.);
#2856 = LINE('',#2857,#2858);
#2857 = CARTESIAN_POINT('',(2.82,0.32,6.5));
#2858 = VECTOR('',#2859,1.);
#2859 = DIRECTION('',(-0.,0.,-1.));
#2860 = PLANE('',#2861);
#2861 = AXIS2_PLACEMENT_3D('',#2862,#2863,#2864);
#2862 = CARTESIAN_POINT('',(2.82,2.669730022141E-16,1.55));
#2863 = DIRECTION('',(-1.,1.224646799147E-16,0.));
#2864 = DIRECTION('',(0.,0.,1.));
#2865 = ADVANCED_FACE('',(#2866),#2884,.F.);
#2866 = FACE_BOUND('',#2867,.F.);
#2867 = EDGE_LOOP('',(#2868,#2869,#2877,#2883));
#2868 = ORIENTED_EDGE('',*,*,#2855,.F.);
#2869 = ORIENTED_EDGE('',*,*,#2870,.T.);
#2870 = EDGE_CURVE('',#2848,#2871,#2873,.T.);
#2871 = VERTEX_POINT('',#2872);
#2872 = CARTESIAN_POINT('',(2.18,0.32,6.3));
#2873 = LINE('',#2874,#2875);
#2874 = CARTESIAN_POINT('',(2.82,0.32,6.3));
#2875 = VECTOR('',#2876,1.);
#2876 = DIRECTION('',(-1.,1.224646799147E-16,0.));
#2877 = ORIENTED_EDGE('',*,*,#2878,.T.);
#2878 = EDGE_CURVE('',#2871,#1992,#2879,.T.);
#2879 = LINE('',#2880,#2881);
#2880 = CARTESIAN_POINT('',(2.18,0.32,6.5));
#2881 = VECTOR('',#2882,1.);
#2882 = DIRECTION('',(-0.,0.,-1.));
#2883 = ORIENTED_EDGE('',*,*,#1999,.T.);
#2884 = PLANE('',#2885);
#2885 = AXIS2_PLACEMENT_3D('',#2886,#2887,#2888);
#2886 = CARTESIAN_POINT('',(2.82,0.32,6.5));
#2887 = DIRECTION('',(-1.224646799147E-16,-1.,0.));
#2888 = DIRECTION('',(-0.,0.,-1.));
#2889 = ADVANCED_FACE('',(#2890),#2908,.T.);
#2890 = FACE_BOUND('',#2891,.T.);
#2891 = EDGE_LOOP('',(#2892,#2893,#2901,#2907));
#2892 = ORIENTED_EDGE('',*,*,#1991,.T.);
#2893 = ORIENTED_EDGE('',*,*,#2894,.T.);
#2894 = EDGE_CURVE('',#1984,#2895,#2897,.T.);
#2895 = VERTEX_POINT('',#2896);
#2896 = CARTESIAN_POINT('',(2.18,-0.32,6.3));
#2897 = LINE('',#2898,#2899);
#2898 = CARTESIAN_POINT('',(2.18,-0.32,-3.4));
#2899 = VECTOR('',#2900,1.);
#2900 = DIRECTION('',(0.,0.,1.));
#2901 = ORIENTED_EDGE('',*,*,#2902,.T.);
#2902 = EDGE_CURVE('',#2895,#2871,#2903,.T.);
#2903 = LINE('',#2904,#2905);
#2904 = CARTESIAN_POINT('',(2.18,-0.32,6.3));
#2905 = VECTOR('',#2906,1.);
#2906 = DIRECTION('',(1.224646799147E-16,1.,0.));
#2907 = ORIENTED_EDGE('',*,*,#2878,.T.);
#2908 = PLANE('',#2909);
#2909 = AXIS2_PLACEMENT_3D('',#2910,#2911,#2912);
#2910 = CARTESIAN_POINT('',(2.18,3.453503973596E-16,1.55));
#2911 = DIRECTION('',(-1.,1.224646799147E-16,0.));
#2912 = DIRECTION('',(0.,0.,1.));
#2913 = ADVANCED_FACE('',(#2914),#2925,.F.);
#2914 = FACE_BOUND('',#2915,.F.);
#2915 = EDGE_LOOP('',(#2916,#2917,#2918,#2919));
#2916 = ORIENTED_EDGE('',*,*,#2839,.F.);
#2917 = ORIENTED_EDGE('',*,*,#1983,.T.);
#2918 = ORIENTED_EDGE('',*,*,#2894,.T.);
#2919 = ORIENTED_EDGE('',*,*,#2920,.F.);
#2920 = EDGE_CURVE('',#2840,#2895,#2921,.T.);
#2921 = LINE('',#2922,#2923);
#2922 = CARTESIAN_POINT('',(2.82,-0.32,6.3));
#2923 = VECTOR('',#2924,1.);
#2924 = DIRECTION('',(-1.,1.224646799147E-16,0.));
#2925 = PLANE('',#2926);
#2926 = AXIS2_PLACEMENT_3D('',#2927,#2928,#2929);
#2927 = CARTESIAN_POINT('',(2.82,-0.32,-3.4));
#2928 = DIRECTION('',(1.224646799147E-16,1.,0.));
#2929 = DIRECTION('',(0.,-0.,1.));
#2930 = ADVANCED_FACE('',(#2931),#2956,.F.);
#2931 = FACE_BOUND('',#2932,.F.);
#2932 = EDGE_LOOP('',(#2933,#2941,#2949,#2955));
#2933 = ORIENTED_EDGE('',*,*,#2934,.F.);
#2934 = EDGE_CURVE('',#2935,#2010,#2937,.T.);
#2935 = VERTEX_POINT('',#2936);
#2936 = CARTESIAN_POINT('',(10.32,0.32,6.3));
#2937 = LINE('',#2938,#2939);
#2938 = CARTESIAN_POINT('',(10.32,0.32,6.5));
#2939 = VECTOR('',#2940,1.);
#2940 = DIRECTION('',(-0.,0.,-1.));
#2941 = ORIENTED_EDGE('',*,*,#2942,.T.);
#2942 = EDGE_CURVE('',#2935,#2943,#2945,.T.);
#2943 = VERTEX_POINT('',#2944);
#2944 = CARTESIAN_POINT('',(9.68,0.32,6.3));
#2945 = LINE('',#2946,#2947);
#2946 = CARTESIAN_POINT('',(10.32,0.32,6.3));
#2947 = VECTOR('',#2948,1.);
#2948 = DIRECTION('',(-1.,1.224646799147E-16,0.));
#2949 = ORIENTED_EDGE('',*,*,#2950,.T.);
#2950 = EDGE_CURVE('',#2943,#2008,#2951,.T.);
#2951 = LINE('',#2952,#2953);
#2952 = CARTESIAN_POINT('',(9.68,0.32,6.5));
#2953 = VECTOR('',#2954,1.);
#2954 = DIRECTION('',(-0.,0.,-1.));
#2955 = ORIENTED_EDGE('',*,*,#2007,.T.);
#2956 = PLANE('',#2957);
#2957 = AXIS2_PLACEMENT_3D('',#2958,#2959,#2960);
#2958 = CARTESIAN_POINT('',(10.32,0.32,6.5));
#2959 = DIRECTION('',(-1.224646799147E-16,-1.,0.));
#2960 = DIRECTION('',(-0.,0.,-1.));
#2961 = ADVANCED_FACE('',(#2962),#2980,.T.);
#2962 = FACE_BOUND('',#2963,.T.);
#2963 = EDGE_LOOP('',(#2964,#2965,#2973,#2979));
#2964 = ORIENTED_EDGE('',*,*,#2033,.T.);
#2965 = ORIENTED_EDGE('',*,*,#2966,.T.);
#2966 = EDGE_CURVE('',#2026,#2967,#2969,.T.);
#2967 = VERTEX_POINT('',#2968);
#2968 = CARTESIAN_POINT('',(9.68,-0.32,6.3));
#2969 = LINE('',#2970,#2971);
#2970 = CARTESIAN_POINT('',(9.68,-0.32,-0.9));
#2971 = VECTOR('',#2972,1.);
#2972 = DIRECTION('',(0.,0.,1.));
#2973 = ORIENTED_EDGE('',*,*,#2974,.T.);
#2974 = EDGE_CURVE('',#2967,#2943,#2975,.T.);
#2975 = LINE('',#2976,#2977);
#2976 = CARTESIAN_POINT('',(9.68,-0.32,6.3));
#2977 = VECTOR('',#2978,1.);
#2978 = DIRECTION('',(1.224646799147E-16,1.,0.));
#2979 = ORIENTED_EDGE('',*,*,#2950,.T.);
#2980 = PLANE('',#2981);
#2981 = AXIS2_PLACEMENT_3D('',#2982,#2983,#2984);
#2982 = CARTESIAN_POINT('',(9.68,3.65940088399E-02,1.522832428212));
#2983 = DIRECTION('',(-1.,1.224646799147E-16,0.));
#2984 = DIRECTION('',(0.,0.,1.));
#2985 = ADVANCED_FACE('',(#2986),#3004,.F.);
#2986 = FACE_BOUND('',#2987,.F.);
#2987 = EDGE_LOOP('',(#2988,#2996,#2997,#2998));
#2988 = ORIENTED_EDGE('',*,*,#2989,.F.);
#2989 = EDGE_CURVE('',#2018,#2990,#2992,.T.);
#2990 = VERTEX_POINT('',#2991);
#2991 = CARTESIAN_POINT('',(10.32,-0.32,6.3));
#2992 = LINE('',#2993,#2994);
#2993 = CARTESIAN_POINT('',(10.32,-0.32,-0.9));
#2994 = VECTOR('',#2995,1.);
#2995 = DIRECTION('',(0.,0.,1.));
#2996 = ORIENTED_EDGE('',*,*,#2025,.T.);
#2997 = ORIENTED_EDGE('',*,*,#2966,.T.);
#2998 = ORIENTED_EDGE('',*,*,#2999,.F.);
#2999 = EDGE_CURVE('',#2990,#2967,#3000,.T.);
#3000 = LINE('',#3001,#3002);
#3001 = CARTESIAN_POINT('',(10.32,-0.32,6.3));
#3002 = VECTOR('',#3003,1.);
#3003 = DIRECTION('',(-1.,1.224646799147E-16,0.));
#3004 = PLANE('',#3005);
#3005 = AXIS2_PLACEMENT_3D('',#3006,#3007,#3008);
#3006 = CARTESIAN_POINT('',(10.32,-0.32,-0.9));
#3007 = DIRECTION('',(1.224646799147E-16,1.,0.));
#3008 = DIRECTION('',(0.,-0.,1.));
#3009 = ADVANCED_FACE('',(#3010),#3021,.F.);
#3010 = FACE_BOUND('',#3011,.F.);
#3011 = EDGE_LOOP('',(#3012,#3013,#3014,#3020));
#3012 = ORIENTED_EDGE('',*,*,#2017,.T.);
#3013 = ORIENTED_EDGE('',*,*,#2989,.T.);
#3014 = ORIENTED_EDGE('',*,*,#3015,.T.);
#3015 = EDGE_CURVE('',#2990,#2935,#3016,.T.);
#3016 = LINE('',#3017,#3018);
#3017 = CARTESIAN_POINT('',(10.32,-0.32,6.3));
#3018 = VECTOR('',#3019,1.);
#3019 = DIRECTION('',(1.224646799147E-16,1.,0.));
#3020 = ORIENTED_EDGE('',*,*,#2934,.T.);
#3021 = PLANE('',#3022);
#3022 = AXIS2_PLACEMENT_3D('',#3023,#3024,#3025);
#3023 = CARTESIAN_POINT('',(10.32,3.65940088399E-02,1.522832428212));
#3024 = DIRECTION('',(-1.,1.224646799147E-16,0.));
#3025 = DIRECTION('',(0.,0.,1.));
#3026 = ADVANCED_FACE('',(#3027),#3052,.T.);
#3027 = FACE_BOUND('',#3028,.T.);
#3028 = EDGE_LOOP('',(#3029,#3030,#3038,#3046));
#3029 = ORIENTED_EDGE('',*,*,#2041,.T.);
#3030 = ORIENTED_EDGE('',*,*,#3031,.T.);
#3031 = EDGE_CURVE('',#2044,#3032,#3034,.T.);
#3032 = VERTEX_POINT('',#3033);
#3033 = CARTESIAN_POINT('',(-0.32,-0.32,6.3));
#3034 = LINE('',#3035,#3036);
#3035 = CARTESIAN_POINT('',(-0.32,-0.32,-0.9));
#3036 = VECTOR('',#3037,1.);
#3037 = DIRECTION('',(0.,0.,1.));
#3038 = ORIENTED_EDGE('',*,*,#3039,.T.);
#3039 = EDGE_CURVE('',#3032,#3040,#3042,.T.);
#3040 = VERTEX_POINT('',#3041);
#3041 = CARTESIAN_POINT('',(-0.32,0.32,6.3));
#3042 = LINE('',#3043,#3044);
#3043 = CARTESIAN_POINT('',(-0.32,-0.32,6.3));
#3044 = VECTOR('',#3045,1.);
#3045 = DIRECTION('',(1.224646799147E-16,1.,0.));
#3046 = ORIENTED_EDGE('',*,*,#3047,.T.);
#3047 = EDGE_CURVE('',#3040,#2042,#3048,.T.);
#3048 = LINE('',#3049,#3050);
#3049 = CARTESIAN_POINT('',(-0.32,0.32,6.5));
#3050 = VECTOR('',#3051,1.);
#3051 = DIRECTION('',(-0.,0.,-1.));
#3052 = PLANE('',#3053);
#3053 = AXIS2_PLACEMENT_3D('',#3054,#3055,#3056);
#3054 = CARTESIAN_POINT('',(-0.32,3.65940088399E-02,1.522832428212));
#3055 = DIRECTION('',(-1.,1.224646799147E-16,0.));
#3056 = DIRECTION('',(0.,0.,1.));
#3057 = ADVANCED_FACE('',(#3058),#3076,.F.);
#3058 = FACE_BOUND('',#3059,.F.);
#3059 = EDGE_LOOP('',(#3060,#3068,#3069,#3070));
#3060 = ORIENTED_EDGE('',*,*,#3061,.F.);
#3061 = EDGE_CURVE('',#2060,#3062,#3064,.T.);
#3062 = VERTEX_POINT('',#3063);
#3063 = CARTESIAN_POINT('',(0.32,-0.32,6.3));
#3064 = LINE('',#3065,#3066);
#3065 = CARTESIAN_POINT('',(0.32,-0.32,-0.9));
#3066 = VECTOR('',#3067,1.);
#3067 = DIRECTION('',(0.,0.,1.));
#3068 = ORIENTED_EDGE('',*,*,#2067,.T.);
#3069 = ORIENTED_EDGE('',*,*,#3031,.T.);
#3070 = ORIENTED_EDGE('',*,*,#3071,.F.);
#3071 = EDGE_CURVE('',#3062,#3032,#3072,.T.);
#3072 = LINE('',#3073,#3074);
#3073 = CARTESIAN_POINT('',(0.32,-0.32,6.3));
#3074 = VECTOR('',#3075,1.);
#3075 = DIRECTION('',(-1.,1.224646799147E-16,0.));
#3076 = PLANE('',#3077);
#3077 = AXIS2_PLACEMENT_3D('',#3078,#3079,#3080);
#3078 = CARTESIAN_POINT('',(0.32,-0.32,-0.9));
#3079 = DIRECTION('',(1.224646799147E-16,1.,0.));
#3080 = DIRECTION('',(0.,-0.,1.));
#3081 = ADVANCED_FACE('',(#3082),#3100,.F.);
#3082 = FACE_BOUND('',#3083,.F.);
#3083 = EDGE_LOOP('',(#3084,#3085,#3086,#3094));
#3084 = ORIENTED_EDGE('',*,*,#2059,.T.);
#3085 = ORIENTED_EDGE('',*,*,#3061,.T.);
#3086 = ORIENTED_EDGE('',*,*,#3087,.T.);
#3087 = EDGE_CURVE('',#3062,#3088,#3090,.T.);
#3088 = VERTEX_POINT('',#3089);
#3089 = CARTESIAN_POINT('',(0.32,0.32,6.3));
#3090 = LINE('',#3091,#3092);
#3091 = CARTESIAN_POINT('',(0.32,-0.32,6.3));
#3092 = VECTOR('',#3093,1.);
#3093 = DIRECTION('',(1.224646799147E-16,1.,0.));
#3094 = ORIENTED_EDGE('',*,*,#3095,.T.);
#3095 = EDGE_CURVE('',#3088,#2052,#3096,.T.);
#3096 = LINE('',#3097,#3098);
#3097 = CARTESIAN_POINT('',(0.32,0.32,6.5));
#3098 = VECTOR('',#3099,1.);
#3099 = DIRECTION('',(-0.,0.,-1.));
#3100 = PLANE('',#3101);
#3101 = AXIS2_PLACEMENT_3D('',#3102,#3103,#3104);
#3102 = CARTESIAN_POINT('',(0.32,3.65940088399E-02,1.522832428212));
#3103 = DIRECTION('',(-1.,1.224646799147E-16,0.));
#3104 = DIRECTION('',(0.,0.,1.));
#3105 = ADVANCED_FACE('',(#3106),#3117,.F.);
#3106 = FACE_BOUND('',#3107,.F.);
#3107 = EDGE_LOOP('',(#3108,#3109,#3115,#3116));
#3108 = ORIENTED_EDGE('',*,*,#3095,.F.);
#3109 = ORIENTED_EDGE('',*,*,#3110,.T.);
#3110 = EDGE_CURVE('',#3088,#3040,#3111,.T.);
#3111 = LINE('',#3112,#3113);
#3112 = CARTESIAN_POINT('',(0.32,0.32,6.3));
#3113 = VECTOR('',#3114,1.);
#3114 = DIRECTION('',(-1.,1.224646799147E-16,0.));
#3115 = ORIENTED_EDGE('',*,*,#3047,.T.);
#3116 = ORIENTED_EDGE('',*,*,#2051,.T.);
#3117 = PLANE('',#3118);
#3118 = AXIS2_PLACEMENT_3D('',#3119,#3120,#3121);
#3119 = CARTESIAN_POINT('',(0.32,0.32,6.5));
#3120 = DIRECTION('',(-1.224646799147E-16,-1.,0.));
#3121 = DIRECTION('',(-0.,0.,-1.));
#3122 = ADVANCED_FACE('',(#3123),#3180,.T.);
#3123 = FACE_BOUND('',#3124,.T.);
#3124 = EDGE_LOOP('',(#3125,#3135,#3143,#3151,#3157,#3158,#3166,#3174));
#3125 = ORIENTED_EDGE('',*,*,#3126,.T.);
#3126 = EDGE_CURVE('',#3127,#3129,#3131,.T.);
#3127 = VERTEX_POINT('',#3128);
#3128 = CARTESIAN_POINT('',(-0.32,0.351578947368,-3.2));
#3129 = VERTEX_POINT('',#3130);
#3130 = CARTESIAN_POINT('',(-0.32,-0.288421052632,-3.2));
#3131 = LINE('',#3132,#3133);
#3132 = CARTESIAN_POINT('',(-0.32,0.32,-3.2));
#3133 = VECTOR('',#3134,1.);
#3134 = DIRECTION('',(-1.224646799147E-16,-1.,0.));
#3135 = ORIENTED_EDGE('',*,*,#3136,.T.);
#3136 = EDGE_CURVE('',#3129,#3137,#3139,.T.);
#3137 = VERTEX_POINT('',#3138);
#3138 = CARTESIAN_POINT('',(-0.32,-2.E-02,-1.5));
#3139 = LINE('',#3140,#3141);
#3140 = CARTESIAN_POINT('',(-0.32,-0.32,-3.4));
#3141 = VECTOR('',#3142,1.);
#3142 = DIRECTION('',(1.909990663905E-17,0.155962573473,0.987762965329)
  );
#3143 = ORIENTED_EDGE('',*,*,#3144,.T.);
#3144 = EDGE_CURVE('',#3137,#3145,#3147,.T.);
#3145 = VERTEX_POINT('',#3146);
#3146 = CARTESIAN_POINT('',(-0.32,-0.32,-0.9));
#3147 = LINE('',#3148,#3149);
#3148 = CARTESIAN_POINT('',(-0.32,-2.E-02,-1.5));
#3149 = VECTOR('',#3150,1.);
#3150 = DIRECTION('',(-5.476786982641E-17,-0.4472135955,0.894427191));
#3151 = ORIENTED_EDGE('',*,*,#3152,.T.);
#3152 = EDGE_CURVE('',#3145,#2425,#3153,.T.);
#3153 = LINE('',#3154,#3155);
#3154 = CARTESIAN_POINT('',(-0.32,-0.32,-0.9));
#3155 = VECTOR('',#3156,1.);
#3156 = DIRECTION('',(0.,0.,1.));
#3157 = ORIENTED_EDGE('',*,*,#2422,.F.);
#3158 = ORIENTED_EDGE('',*,*,#3159,.T.);
#3159 = EDGE_CURVE('',#2423,#3160,#3162,.T.);
#3160 = VERTEX_POINT('',#3161);
#3161 = CARTESIAN_POINT('',(-0.32,0.32,-0.9));
#3162 = LINE('',#3163,#3164);
#3163 = CARTESIAN_POINT('',(-0.32,0.32,6.5));
#3164 = VECTOR('',#3165,1.);
#3165 = DIRECTION('',(-0.,0.,-1.));
#3166 = ORIENTED_EDGE('',*,*,#3167,.T.);
#3167 = EDGE_CURVE('',#3160,#3168,#3170,.T.);
#3168 = VERTEX_POINT('',#3169);
#3169 = CARTESIAN_POINT('',(-0.32,0.62,-1.5));
#3170 = LINE('',#3171,#3172);
#3171 = CARTESIAN_POINT('',(-0.32,0.32,-0.9));
#3172 = VECTOR('',#3173,1.);
#3173 = DIRECTION('',(5.476786982641E-17,0.4472135955,-0.894427191));
#3174 = ORIENTED_EDGE('',*,*,#3175,.T.);
#3175 = EDGE_CURVE('',#3168,#3127,#3176,.T.);
#3176 = LINE('',#3177,#3178);
#3177 = CARTESIAN_POINT('',(-0.32,0.62,-1.5));
#3178 = VECTOR('',#3179,1.);
#3179 = DIRECTION('',(-1.909990663905E-17,-0.155962573473,
    -0.987762965329));
#3180 = PLANE('',#3181);
#3181 = AXIS2_PLACEMENT_3D('',#3182,#3183,#3184);
#3182 = CARTESIAN_POINT('',(-0.32,3.65940088399E-02,1.522832428212));
#3183 = DIRECTION('',(-1.,1.224646799147E-16,0.));
#3184 = DIRECTION('',(0.,0.,1.));
#3185 = ADVANCED_FACE('',(#3186),#3204,.F.);
#3186 = FACE_BOUND('',#3187,.F.);
#3187 = EDGE_LOOP('',(#3188,#3196,#3202,#3203));
#3188 = ORIENTED_EDGE('',*,*,#3189,.F.);
#3189 = EDGE_CURVE('',#3190,#2441,#3192,.T.);
#3190 = VERTEX_POINT('',#3191);
#3191 = CARTESIAN_POINT('',(0.32,-0.32,-0.9));
#3192 = LINE('',#3193,#3194);
#3193 = CARTESIAN_POINT('',(0.32,-0.32,-0.9));
#3194 = VECTOR('',#3195,1.);
#3195 = DIRECTION('',(0.,0.,1.));
#3196 = ORIENTED_EDGE('',*,*,#3197,.T.);
#3197 = EDGE_CURVE('',#3190,#3145,#3198,.T.);
#3198 = LINE('',#3199,#3200);
#3199 = CARTESIAN_POINT('',(0.32,-0.32,-0.9));
#3200 = VECTOR('',#3201,1.);
#3201 = DIRECTION('',(-1.,1.224646799147E-16,0.));
#3202 = ORIENTED_EDGE('',*,*,#3152,.T.);
#3203 = ORIENTED_EDGE('',*,*,#2448,.F.);
#3204 = PLANE('',#3205);
#3205 = AXIS2_PLACEMENT_3D('',#3206,#3207,#3208);
#3206 = CARTESIAN_POINT('',(0.32,-0.32,-0.9));
#3207 = DIRECTION('',(1.224646799147E-16,1.,0.));
#3208 = DIRECTION('',(0.,-0.,1.));
#3209 = ADVANCED_FACE('',(#3210),#3260,.F.);
#3210 = FACE_BOUND('',#3211,.F.);
#3211 = EDGE_LOOP('',(#3212,#3222,#3230,#3236,#3237,#3238,#3246,#3254));
#3212 = ORIENTED_EDGE('',*,*,#3213,.T.);
#3213 = EDGE_CURVE('',#3214,#3216,#3218,.T.);
#3214 = VERTEX_POINT('',#3215);
#3215 = CARTESIAN_POINT('',(0.32,0.351578947368,-3.2));
#3216 = VERTEX_POINT('',#3217);
#3217 = CARTESIAN_POINT('',(0.32,-0.288421052632,-3.2));
#3218 = LINE('',#3219,#3220);
#3219 = CARTESIAN_POINT('',(0.32,0.32,-3.2));
#3220 = VECTOR('',#3221,1.);
#3221 = DIRECTION('',(-1.224646799147E-16,-1.,0.));
#3222 = ORIENTED_EDGE('',*,*,#3223,.T.);
#3223 = EDGE_CURVE('',#3216,#3224,#3226,.T.);
#3224 = VERTEX_POINT('',#3225);
#3225 = CARTESIAN_POINT('',(0.32,-2.E-02,-1.5));
#3226 = LINE('',#3227,#3228);
#3227 = CARTESIAN_POINT('',(0.32,-0.32,-3.4));
#3228 = VECTOR('',#3229,1.);
#3229 = DIRECTION('',(1.909990663905E-17,0.155962573473,0.987762965329)
  );
#3230 = ORIENTED_EDGE('',*,*,#3231,.T.);
#3231 = EDGE_CURVE('',#3224,#3190,#3232,.T.);
#3232 = LINE('',#3233,#3234);
#3233 = CARTESIAN_POINT('',(0.32,-2.E-02,-1.5));
#3234 = VECTOR('',#3235,1.);
#3235 = DIRECTION('',(-5.476786982641E-17,-0.4472135955,0.894427191));
#3236 = ORIENTED_EDGE('',*,*,#3189,.T.);
#3237 = ORIENTED_EDGE('',*,*,#2440,.F.);
#3238 = ORIENTED_EDGE('',*,*,#3239,.T.);
#3239 = EDGE_CURVE('',#2433,#3240,#3242,.T.);
#3240 = VERTEX_POINT('',#3241);
#3241 = CARTESIAN_POINT('',(0.32,0.32,-0.9));
#3242 = LINE('',#3243,#3244);
#3243 = CARTESIAN_POINT('',(0.32,0.32,6.5));
#3244 = VECTOR('',#3245,1.);
#3245 = DIRECTION('',(-0.,0.,-1.));
#3246 = ORIENTED_EDGE('',*,*,#3247,.T.);
#3247 = EDGE_CURVE('',#3240,#3248,#3250,.T.);
#3248 = VERTEX_POINT('',#3249);
#3249 = CARTESIAN_POINT('',(0.32,0.62,-1.5));
#3250 = LINE('',#3251,#3252);
#3251 = CARTESIAN_POINT('',(0.32,0.32,-0.9));
#3252 = VECTOR('',#3253,1.);
#3253 = DIRECTION('',(5.476786982641E-17,0.4472135955,-0.894427191));
#3254 = ORIENTED_EDGE('',*,*,#3255,.T.);
#3255 = EDGE_CURVE('',#3248,#3214,#3256,.T.);
#3256 = LINE('',#3257,#3258);
#3257 = CARTESIAN_POINT('',(0.32,0.62,-1.5));
#3258 = VECTOR('',#3259,1.);
#3259 = DIRECTION('',(-1.909990663905E-17,-0.155962573473,
    -0.987762965329));
#3260 = PLANE('',#3261);
#3261 = AXIS2_PLACEMENT_3D('',#3262,#3263,#3264);
#3262 = CARTESIAN_POINT('',(0.32,3.65940088399E-02,1.522832428212));
#3263 = DIRECTION('',(-1.,1.224646799147E-16,0.));
#3264 = DIRECTION('',(0.,0.,1.));
#3265 = ADVANCED_FACE('',(#3266),#3277,.F.);
#3266 = FACE_BOUND('',#3267,.F.);
#3267 = EDGE_LOOP('',(#3268,#3269,#3270,#3271));
#3268 = ORIENTED_EDGE('',*,*,#3239,.F.);
#3269 = ORIENTED_EDGE('',*,*,#2432,.F.);
#3270 = ORIENTED_EDGE('',*,*,#3159,.T.);
#3271 = ORIENTED_EDGE('',*,*,#3272,.F.);
#3272 = EDGE_CURVE('',#3240,#3160,#3273,.T.);
#3273 = LINE('',#3274,#3275);
#3274 = CARTESIAN_POINT('',(0.32,0.32,-0.9));
#3275 = VECTOR('',#3276,1.);
#3276 = DIRECTION('',(-1.,1.224646799147E-16,0.));
#3277 = PLANE('',#3278);
#3278 = AXIS2_PLACEMENT_3D('',#3279,#3280,#3281);
#3279 = CARTESIAN_POINT('',(0.32,0.32,6.5));
#3280 = DIRECTION('',(-1.224646799147E-16,-1.,0.));
#3281 = DIRECTION('',(-0.,0.,-1.));
#3282 = ADVANCED_FACE('',(#3283),#3308,.F.);
#3283 = FACE_BOUND('',#3284,.F.);
#3284 = EDGE_LOOP('',(#3285,#3295,#3301,#3302));
#3285 = ORIENTED_EDGE('',*,*,#3286,.T.);
#3286 = EDGE_CURVE('',#3287,#3289,#3291,.T.);
#3287 = VERTEX_POINT('',#3288);
#3288 = CARTESIAN_POINT('',(2.82,0.32,-3.2));
#3289 = VERTEX_POINT('',#3290);
#3290 = CARTESIAN_POINT('',(2.82,-0.32,-3.2));
#3291 = LINE('',#3292,#3293);
#3292 = CARTESIAN_POINT('',(2.82,0.32,-3.2));
#3293 = VECTOR('',#3294,1.);
#3294 = DIRECTION('',(-1.224646799147E-16,-1.,0.));
#3295 = ORIENTED_EDGE('',*,*,#3296,.T.);
#3296 = EDGE_CURVE('',#3289,#2471,#3297,.T.);
#3297 = LINE('',#3298,#3299);
#3298 = CARTESIAN_POINT('',(2.82,-0.32,-3.4));
#3299 = VECTOR('',#3300,1.);
#3300 = DIRECTION('',(0.,0.,1.));
#3301 = ORIENTED_EDGE('',*,*,#2468,.F.);
#3302 = ORIENTED_EDGE('',*,*,#3303,.T.);
#3303 = EDGE_CURVE('',#2469,#3287,#3304,.T.);
#3304 = LINE('',#3305,#3306);
#3305 = CARTESIAN_POINT('',(2.82,0.32,6.5));
#3306 = VECTOR('',#3307,1.);
#3307 = DIRECTION('',(-0.,0.,-1.));
#3308 = PLANE('',#3309);
#3309 = AXIS2_PLACEMENT_3D('',#3310,#3311,#3312);
#3310 = CARTESIAN_POINT('',(2.82,2.669730022141E-16,1.55));
#3311 = DIRECTION('',(-1.,1.224646799147E-16,0.));
#3312 = DIRECTION('',(0.,0.,1.));
#3313 = ADVANCED_FACE('',(#3314),#3332,.F.);
#3314 = FACE_BOUND('',#3315,.F.);
#3315 = EDGE_LOOP('',(#3316,#3317,#3318,#3326));
#3316 = ORIENTED_EDGE('',*,*,#3303,.F.);
#3317 = ORIENTED_EDGE('',*,*,#2494,.F.);
#3318 = ORIENTED_EDGE('',*,*,#3319,.T.);
#3319 = EDGE_CURVE('',#2487,#3320,#3322,.T.);
#3320 = VERTEX_POINT('',#3321);
#3321 = CARTESIAN_POINT('',(2.18,0.32,-3.2));
#3322 = LINE('',#3323,#3324);
#3323 = CARTESIAN_POINT('',(2.18,0.32,6.5));
#3324 = VECTOR('',#3325,1.);
#3325 = DIRECTION('',(-0.,0.,-1.));
#3326 = ORIENTED_EDGE('',*,*,#3327,.F.);
#3327 = EDGE_CURVE('',#3287,#3320,#3328,.T.);
#3328 = LINE('',#3329,#3330);
#3329 = CARTESIAN_POINT('',(2.82,0.32,-3.2));
#3330 = VECTOR('',#3331,1.);
#3331 = DIRECTION('',(-1.,1.224646799147E-16,0.));
#3332 = PLANE('',#3333);
#3333 = AXIS2_PLACEMENT_3D('',#3334,#3335,#3336);
#3334 = CARTESIAN_POINT('',(2.82,0.32,6.5));
#3335 = DIRECTION('',(-1.224646799147E-16,-1.,0.));
#3336 = DIRECTION('',(-0.,0.,-1.));
#3337 = ADVANCED_FACE('',(#3338),#3356,.T.);
#3338 = FACE_BOUND('',#3339,.T.);
#3339 = EDGE_LOOP('',(#3340,#3348,#3354,#3355));
#3340 = ORIENTED_EDGE('',*,*,#3341,.T.);
#3341 = EDGE_CURVE('',#3320,#3342,#3344,.T.);
#3342 = VERTEX_POINT('',#3343);
#3343 = CARTESIAN_POINT('',(2.18,-0.32,-3.2));
#3344 = LINE('',#3345,#3346);
#3345 = CARTESIAN_POINT('',(2.18,0.32,-3.2));
#3346 = VECTOR('',#3347,1.);
#3347 = DIRECTION('',(-1.224646799147E-16,-1.,0.));
#3348 = ORIENTED_EDGE('',*,*,#3349,.T.);
#3349 = EDGE_CURVE('',#3342,#2479,#3350,.T.);
#3350 = LINE('',#3351,#3352);
#3351 = CARTESIAN_POINT('',(2.18,-0.32,-3.4));
#3352 = VECTOR('',#3353,1.);
#3353 = DIRECTION('',(0.,0.,1.));
#3354 = ORIENTED_EDGE('',*,*,#2486,.F.);
#3355 = ORIENTED_EDGE('',*,*,#3319,.T.);
#3356 = PLANE('',#3357);
#3357 = AXIS2_PLACEMENT_3D('',#3358,#3359,#3360);
#3358 = CARTESIAN_POINT('',(2.18,3.453503973596E-16,1.55));
#3359 = DIRECTION('',(-1.,1.224646799147E-16,0.));
#3360 = DIRECTION('',(0.,0.,1.));
#3361 = ADVANCED_FACE('',(#3362),#3373,.F.);
#3362 = FACE_BOUND('',#3363,.F.);
#3363 = EDGE_LOOP('',(#3364,#3365,#3371,#3372));
#3364 = ORIENTED_EDGE('',*,*,#3296,.F.);
#3365 = ORIENTED_EDGE('',*,*,#3366,.T.);
#3366 = EDGE_CURVE('',#3289,#3342,#3367,.T.);
#3367 = LINE('',#3368,#3369);
#3368 = CARTESIAN_POINT('',(2.82,-0.32,-3.2));
#3369 = VECTOR('',#3370,1.);
#3370 = DIRECTION('',(-1.,1.224646799147E-16,0.));
#3371 = ORIENTED_EDGE('',*,*,#3349,.T.);
#3372 = ORIENTED_EDGE('',*,*,#2478,.F.);
#3373 = PLANE('',#3374);
#3374 = AXIS2_PLACEMENT_3D('',#3375,#3376,#3377);
#3375 = CARTESIAN_POINT('',(2.82,-0.32,-3.4));
#3376 = DIRECTION('',(1.224646799147E-16,1.,0.));
#3377 = DIRECTION('',(0.,-0.,1.));
#3378 = ADVANCED_FACE('',(#3379),#3404,.F.);
#3379 = FACE_BOUND('',#3380,.F.);
#3380 = EDGE_LOOP('',(#3381,#3391,#3397,#3398));
#3381 = ORIENTED_EDGE('',*,*,#3382,.T.);
#3382 = EDGE_CURVE('',#3383,#3385,#3387,.T.);
#3383 = VERTEX_POINT('',#3384);
#3384 = CARTESIAN_POINT('',(5.32,0.32,-3.2));
#3385 = VERTEX_POINT('',#3386);
#3386 = CARTESIAN_POINT('',(5.32,-0.32,-3.2));
#3387 = LINE('',#3388,#3389);
#3388 = CARTESIAN_POINT('',(5.32,0.32,-3.2));
#3389 = VECTOR('',#3390,1.);
#3390 = DIRECTION('',(-1.224646799147E-16,-1.,0.));
#3391 = ORIENTED_EDGE('',*,*,#3392,.T.);
#3392 = EDGE_CURVE('',#3385,#2517,#3393,.T.);
#3393 = LINE('',#3394,#3395);
#3394 = CARTESIAN_POINT('',(5.32,-0.32,-3.4));
#3395 = VECTOR('',#3396,1.);
#3396 = DIRECTION('',(0.,0.,1.));
#3397 = ORIENTED_EDGE('',*,*,#2514,.F.);
#3398 = ORIENTED_EDGE('',*,*,#3399,.T.);
#3399 = EDGE_CURVE('',#2515,#3383,#3400,.T.);
#3400 = LINE('',#3401,#3402);
#3401 = CARTESIAN_POINT('',(5.32,0.32,6.5));
#3402 = VECTOR('',#3403,1.);
#3403 = DIRECTION('',(-0.,0.,-1.));
#3404 = PLANE('',#3405);
#3405 = AXIS2_PLACEMENT_3D('',#3406,#3407,#3408);
#3406 = CARTESIAN_POINT('',(5.32,-3.918869757272E-17,1.55));
#3407 = DIRECTION('',(-1.,1.224646799147E-16,0.));
#3408 = DIRECTION('',(0.,0.,1.));
#3409 = ADVANCED_FACE('',(#3410),#3428,.F.);
#3410 = FACE_BOUND('',#3411,.F.);
#3411 = EDGE_LOOP('',(#3412,#3413,#3414,#3422));
#3412 = ORIENTED_EDGE('',*,*,#3399,.F.);
#3413 = ORIENTED_EDGE('',*,*,#2540,.F.);
#3414 = ORIENTED_EDGE('',*,*,#3415,.T.);
#3415 = EDGE_CURVE('',#2533,#3416,#3418,.T.);
#3416 = VERTEX_POINT('',#3417);
#3417 = CARTESIAN_POINT('',(4.68,0.32,-3.2));
#3418 = LINE('',#3419,#3420);
#3419 = CARTESIAN_POINT('',(4.68,0.32,6.5));
#3420 = VECTOR('',#3421,1.);
#3421 = DIRECTION('',(-0.,0.,-1.));
#3422 = ORIENTED_EDGE('',*,*,#3423,.F.);
#3423 = EDGE_CURVE('',#3383,#3416,#3424,.T.);
#3424 = LINE('',#3425,#3426);
#3425 = CARTESIAN_POINT('',(5.32,0.32,-3.2));
#3426 = VECTOR('',#3427,1.);
#3427 = DIRECTION('',(-1.,1.224646799147E-16,0.));
#3428 = PLANE('',#3429);
#3429 = AXIS2_PLACEMENT_3D('',#3430,#3431,#3432);
#3430 = CARTESIAN_POINT('',(5.32,0.32,6.5));
#3431 = DIRECTION('',(-1.224646799147E-16,-1.,0.));
#3432 = DIRECTION('',(-0.,0.,-1.));
#3433 = ADVANCED_FACE('',(#3434),#3452,.T.);
#3434 = FACE_BOUND('',#3435,.T.);
#3435 = EDGE_LOOP('',(#3436,#3444,#3450,#3451));
#3436 = ORIENTED_EDGE('',*,*,#3437,.T.);
#3437 = EDGE_CURVE('',#3416,#3438,#3440,.T.);
#3438 = VERTEX_POINT('',#3439);
#3439 = CARTESIAN_POINT('',(4.68,-0.32,-3.2));
#3440 = LINE('',#3441,#3442);
#3441 = CARTESIAN_POINT('',(4.68,0.32,-3.2));
#3442 = VECTOR('',#3443,1.);
#3443 = DIRECTION('',(-1.224646799147E-16,-1.,0.));
#3444 = ORIENTED_EDGE('',*,*,#3445,.T.);
#3445 = EDGE_CURVE('',#3438,#2525,#3446,.T.);
#3446 = LINE('',#3447,#3448);
#3447 = CARTESIAN_POINT('',(4.68,-0.32,-3.4));
#3448 = VECTOR('',#3449,1.);
#3449 = DIRECTION('',(0.,0.,1.));
#3450 = ORIENTED_EDGE('',*,*,#2532,.F.);
#3451 = ORIENTED_EDGE('',*,*,#3415,.T.);
#3452 = PLANE('',#3453);
#3453 = AXIS2_PLACEMENT_3D('',#3454,#3455,#3456);
#3454 = CARTESIAN_POINT('',(4.68,3.918869757272E-17,1.55));
#3455 = DIRECTION('',(-1.,1.224646799147E-16,0.));
#3456 = DIRECTION('',(0.,0.,1.));
#3457 = ADVANCED_FACE('',(#3458),#3469,.F.);
#3458 = FACE_BOUND('',#3459,.F.);
#3459 = EDGE_LOOP('',(#3460,#3461,#3467,#3468));
#3460 = ORIENTED_EDGE('',*,*,#3392,.F.);
#3461 = ORIENTED_EDGE('',*,*,#3462,.T.);
#3462 = EDGE_CURVE('',#3385,#3438,#3463,.T.);
#3463 = LINE('',#3464,#3465);
#3464 = CARTESIAN_POINT('',(5.32,-0.32,-3.2));
#3465 = VECTOR('',#3466,1.);
#3466 = DIRECTION('',(-1.,1.224646799147E-16,0.));
#3467 = ORIENTED_EDGE('',*,*,#3445,.T.);
#3468 = ORIENTED_EDGE('',*,*,#2524,.F.);
#3469 = PLANE('',#3470);
#3470 = AXIS2_PLACEMENT_3D('',#3471,#3472,#3473);
#3471 = CARTESIAN_POINT('',(5.32,-0.32,-3.4));
#3472 = DIRECTION('',(1.224646799147E-16,1.,0.));
#3473 = DIRECTION('',(0.,-0.,1.));
#3474 = ADVANCED_FACE('',(#3475),#3500,.T.);
#3475 = FACE_BOUND('',#3476,.T.);
#3476 = EDGE_LOOP('',(#3477,#3487,#3493,#3494));
#3477 = ORIENTED_EDGE('',*,*,#3478,.T.);
#3478 = EDGE_CURVE('',#3479,#3481,#3483,.T.);
#3479 = VERTEX_POINT('',#3480);
#3480 = CARTESIAN_POINT('',(7.18,0.32,-3.2));
#3481 = VERTEX_POINT('',#3482);
#3482 = CARTESIAN_POINT('',(7.18,-0.32,-3.2));
#3483 = LINE('',#3484,#3485);
#3484 = CARTESIAN_POINT('',(7.18,0.32,-3.2));
#3485 = VECTOR('',#3486,1.);
#3486 = DIRECTION('',(-1.224646799147E-16,-1.,0.));
#3487 = ORIENTED_EDGE('',*,*,#3488,.T.);
#3488 = EDGE_CURVE('',#3481,#2563,#3489,.T.);
#3489 = LINE('',#3490,#3491);
#3490 = CARTESIAN_POINT('',(7.18,-0.32,-3.4));
#3491 = VECTOR('',#3492,1.);
#3492 = DIRECTION('',(0.,0.,1.));
#3493 = ORIENTED_EDGE('',*,*,#2560,.F.);
#3494 = ORIENTED_EDGE('',*,*,#3495,.T.);
#3495 = EDGE_CURVE('',#2561,#3479,#3496,.T.);
#3496 = LINE('',#3497,#3498);
#3497 = CARTESIAN_POINT('',(7.18,0.32,6.5));
#3498 = VECTOR('',#3499,1.);
#3499 = DIRECTION('',(-0.,0.,-1.));
#3500 = PLANE('',#3501);
#3501 = AXIS2_PLACEMENT_3D('',#3502,#3503,#3504);
#3502 = CARTESIAN_POINT('',(7.18,-2.669730022141E-16,1.55));
#3503 = DIRECTION('',(-1.,1.224646799147E-16,0.));
#3504 = DIRECTION('',(0.,0.,1.));
#3505 = ADVANCED_FACE('',(#3506),#3524,.F.);
#3506 = FACE_BOUND('',#3507,.F.);
#3507 = EDGE_LOOP('',(#3508,#3516,#3522,#3523));
#3508 = ORIENTED_EDGE('',*,*,#3509,.F.);
#3509 = EDGE_CURVE('',#3510,#2579,#3512,.T.);
#3510 = VERTEX_POINT('',#3511);
#3511 = CARTESIAN_POINT('',(7.82,-0.32,-3.2));
#3512 = LINE('',#3513,#3514);
#3513 = CARTESIAN_POINT('',(7.82,-0.32,-3.4));
#3514 = VECTOR('',#3515,1.);
#3515 = DIRECTION('',(0.,0.,1.));
#3516 = ORIENTED_EDGE('',*,*,#3517,.T.);
#3517 = EDGE_CURVE('',#3510,#3481,#3518,.T.);
#3518 = LINE('',#3519,#3520);
#3519 = CARTESIAN_POINT('',(7.82,-0.32,-3.2));
#3520 = VECTOR('',#3521,1.);
#3521 = DIRECTION('',(-1.,1.224646799147E-16,0.));
#3522 = ORIENTED_EDGE('',*,*,#3488,.T.);
#3523 = ORIENTED_EDGE('',*,*,#2586,.F.);
#3524 = PLANE('',#3525);
#3525 = AXIS2_PLACEMENT_3D('',#3526,#3527,#3528);
#3526 = CARTESIAN_POINT('',(7.82,-0.32,-3.4));
#3527 = DIRECTION('',(1.224646799147E-16,1.,0.));
#3528 = DIRECTION('',(0.,-0.,1.));
#3529 = ADVANCED_FACE('',(#3530),#3548,.F.);
#3530 = FACE_BOUND('',#3531,.F.);
#3531 = EDGE_LOOP('',(#3532,#3540,#3541,#3542));
#3532 = ORIENTED_EDGE('',*,*,#3533,.T.);
#3533 = EDGE_CURVE('',#3534,#3510,#3536,.T.);
#3534 = VERTEX_POINT('',#3535);
#3535 = CARTESIAN_POINT('',(7.82,0.32,-3.2));
#3536 = LINE('',#3537,#3538);
#3537 = CARTESIAN_POINT('',(7.82,0.32,-3.2));
#3538 = VECTOR('',#3539,1.);
#3539 = DIRECTION('',(-1.224646799147E-16,-1.,0.));
#3540 = ORIENTED_EDGE('',*,*,#3509,.T.);
#3541 = ORIENTED_EDGE('',*,*,#2578,.F.);
#3542 = ORIENTED_EDGE('',*,*,#3543,.T.);
#3543 = EDGE_CURVE('',#2571,#3534,#3544,.T.);
#3544 = LINE('',#3545,#3546);
#3545 = CARTESIAN_POINT('',(7.82,0.32,6.5));
#3546 = VECTOR('',#3547,1.);
#3547 = DIRECTION('',(-0.,0.,-1.));
#3548 = PLANE('',#3549);
#3549 = AXIS2_PLACEMENT_3D('',#3550,#3551,#3552);
#3550 = CARTESIAN_POINT('',(7.82,-3.453503973596E-16,1.55));
#3551 = DIRECTION('',(-1.,1.224646799147E-16,0.));
#3552 = DIRECTION('',(0.,0.,1.));
#3553 = ADVANCED_FACE('',(#3554),#3565,.F.);
#3554 = FACE_BOUND('',#3555,.F.);
#3555 = EDGE_LOOP('',(#3556,#3557,#3558,#3559));
#3556 = ORIENTED_EDGE('',*,*,#3543,.F.);
#3557 = ORIENTED_EDGE('',*,*,#2570,.F.);
#3558 = ORIENTED_EDGE('',*,*,#3495,.T.);
#3559 = ORIENTED_EDGE('',*,*,#3560,.F.);
#3560 = EDGE_CURVE('',#3534,#3479,#3561,.T.);
#3561 = LINE('',#3562,#3563);
#3562 = CARTESIAN_POINT('',(7.82,0.32,-3.2));
#3563 = VECTOR('',#3564,1.);
#3564 = DIRECTION('',(-1.,1.224646799147E-16,0.));
#3565 = PLANE('',#3566);
#3566 = AXIS2_PLACEMENT_3D('',#3567,#3568,#3569);
#3567 = CARTESIAN_POINT('',(7.82,0.32,6.5));
#3568 = DIRECTION('',(-1.224646799147E-16,-1.,0.));
#3569 = DIRECTION('',(-0.,0.,-1.));
#3570 = ADVANCED_FACE('',(#3571),#3596,.F.);
#3571 = FACE_BOUND('',#3572,.F.);
#3572 = EDGE_LOOP('',(#3573,#3581,#3582,#3590));
#3573 = ORIENTED_EDGE('',*,*,#3574,.F.);
#3574 = EDGE_CURVE('',#2609,#3575,#3577,.T.);
#3575 = VERTEX_POINT('',#3576);
#3576 = CARTESIAN_POINT('',(10.32,0.32,-0.9));
#3577 = LINE('',#3578,#3579);
#3578 = CARTESIAN_POINT('',(10.32,0.32,6.5));
#3579 = VECTOR('',#3580,1.);
#3580 = DIRECTION('',(-0.,0.,-1.));
#3581 = ORIENTED_EDGE('',*,*,#2606,.F.);
#3582 = ORIENTED_EDGE('',*,*,#3583,.T.);
#3583 = EDGE_CURVE('',#2607,#3584,#3586,.T.);
#3584 = VERTEX_POINT('',#3585);
#3585 = CARTESIAN_POINT('',(9.68,0.32,-0.9));
#3586 = LINE('',#3587,#3588);
#3587 = CARTESIAN_POINT('',(9.68,0.32,6.5));
#3588 = VECTOR('',#3589,1.);
#3589 = DIRECTION('',(-0.,0.,-1.));
#3590 = ORIENTED_EDGE('',*,*,#3591,.F.);
#3591 = EDGE_CURVE('',#3575,#3584,#3592,.T.);
#3592 = LINE('',#3593,#3594);
#3593 = CARTESIAN_POINT('',(10.32,0.32,-0.9));
#3594 = VECTOR('',#3595,1.);
#3595 = DIRECTION('',(-1.,1.224646799147E-16,0.));
#3596 = PLANE('',#3597);
#3597 = AXIS2_PLACEMENT_3D('',#3598,#3599,#3600);
#3598 = CARTESIAN_POINT('',(10.32,0.32,6.5));
#3599 = DIRECTION('',(-1.224646799147E-16,-1.,0.));
#3600 = DIRECTION('',(-0.,0.,-1.));
#3601 = ADVANCED_FACE('',(#3602),#3652,.T.);
#3602 = FACE_BOUND('',#3603,.T.);
#3603 = EDGE_LOOP('',(#3604,#3614,#3622,#3630,#3636,#3637,#3638,#3646));
#3604 = ORIENTED_EDGE('',*,*,#3605,.T.);
#3605 = EDGE_CURVE('',#3606,#3608,#3610,.T.);
#3606 = VERTEX_POINT('',#3607);
#3607 = CARTESIAN_POINT('',(9.68,0.351578947368,-3.2));
#3608 = VERTEX_POINT('',#3609);
#3609 = CARTESIAN_POINT('',(9.68,-0.288421052632,-3.2));
#3610 = LINE('',#3611,#3612);
#3611 = CARTESIAN_POINT('',(9.68,0.32,-3.2));
#3612 = VECTOR('',#3613,1.);
#3613 = DIRECTION('',(-1.224646799147E-16,-1.,0.));
#3614 = ORIENTED_EDGE('',*,*,#3615,.T.);
#3615 = EDGE_CURVE('',#3608,#3616,#3618,.T.);
#3616 = VERTEX_POINT('',#3617);
#3617 = CARTESIAN_POINT('',(9.68,-2.E-02,-1.5));
#3618 = LINE('',#3619,#3620);
#3619 = CARTESIAN_POINT('',(9.68,-0.32,-3.4));
#3620 = VECTOR('',#3621,1.);
#3621 = DIRECTION('',(1.909990663905E-17,0.155962573473,0.987762965329)
  );
#3622 = ORIENTED_EDGE('',*,*,#3623,.T.);
#3623 = EDGE_CURVE('',#3616,#3624,#3626,.T.);
#3624 = VERTEX_POINT('',#3625);
#3625 = CARTESIAN_POINT('',(9.68,-0.32,-0.9));
#3626 = LINE('',#3627,#3628);
#3627 = CARTESIAN_POINT('',(9.68,-2.E-02,-1.5));
#3628 = VECTOR('',#3629,1.);
#3629 = DIRECTION('',(-5.476786982641E-17,-0.4472135955,0.894427191));
#3630 = ORIENTED_EDGE('',*,*,#3631,.T.);
#3631 = EDGE_CURVE('',#3624,#2625,#3632,.T.);
#3632 = LINE('',#3633,#3634);
#3633 = CARTESIAN_POINT('',(9.68,-0.32,-0.9));
#3634 = VECTOR('',#3635,1.);
#3635 = DIRECTION('',(0.,0.,1.));
#3636 = ORIENTED_EDGE('',*,*,#2632,.F.);
#3637 = ORIENTED_EDGE('',*,*,#3583,.T.);
#3638 = ORIENTED_EDGE('',*,*,#3639,.T.);
#3639 = EDGE_CURVE('',#3584,#3640,#3642,.T.);
#3640 = VERTEX_POINT('',#3641);
#3641 = CARTESIAN_POINT('',(9.68,0.62,-1.5));
#3642 = LINE('',#3643,#3644);
#3643 = CARTESIAN_POINT('',(9.68,0.32,-0.9));
#3644 = VECTOR('',#3645,1.);
#3645 = DIRECTION('',(5.476786982641E-17,0.4472135955,-0.894427191));
#3646 = ORIENTED_EDGE('',*,*,#3647,.T.);
#3647 = EDGE_CURVE('',#3640,#3606,#3648,.T.);
#3648 = LINE('',#3649,#3650);
#3649 = CARTESIAN_POINT('',(9.68,0.62,-1.5));
#3650 = VECTOR('',#3651,1.);
#3651 = DIRECTION('',(-1.909990663905E-17,-0.155962573473,
    -0.987762965329));
#3652 = PLANE('',#3653);
#3653 = AXIS2_PLACEMENT_3D('',#3654,#3655,#3656);
#3654 = CARTESIAN_POINT('',(9.68,3.65940088399E-02,1.522832428212));
#3655 = DIRECTION('',(-1.,1.224646799147E-16,0.));
#3656 = DIRECTION('',(0.,0.,1.));
#3657 = ADVANCED_FACE('',(#3658),#3676,.F.);
#3658 = FACE_BOUND('',#3659,.F.);
#3659 = EDGE_LOOP('',(#3660,#3668,#3674,#3675));
#3660 = ORIENTED_EDGE('',*,*,#3661,.F.);
#3661 = EDGE_CURVE('',#3662,#2617,#3664,.T.);
#3662 = VERTEX_POINT('',#3663);
#3663 = CARTESIAN_POINT('',(10.32,-0.32,-0.9));
#3664 = LINE('',#3665,#3666);
#3665 = CARTESIAN_POINT('',(10.32,-0.32,-0.9));
#3666 = VECTOR('',#3667,1.);
#3667 = DIRECTION('',(0.,0.,1.));
#3668 = ORIENTED_EDGE('',*,*,#3669,.T.);
#3669 = EDGE_CURVE('',#3662,#3624,#3670,.T.);
#3670 = LINE('',#3671,#3672);
#3671 = CARTESIAN_POINT('',(10.32,-0.32,-0.9));
#3672 = VECTOR('',#3673,1.);
#3673 = DIRECTION('',(-1.,1.224646799147E-16,0.));
#3674 = ORIENTED_EDGE('',*,*,#3631,.T.);
#3675 = ORIENTED_EDGE('',*,*,#2624,.F.);
#3676 = PLANE('',#3677);
#3677 = AXIS2_PLACEMENT_3D('',#3678,#3679,#3680);
#3678 = CARTESIAN_POINT('',(10.32,-0.32,-0.9));
#3679 = DIRECTION('',(1.224646799147E-16,1.,0.));
#3680 = DIRECTION('',(0.,-0.,1.));
#3681 = ADVANCED_FACE('',(#3682),#3725,.F.);
#3682 = FACE_BOUND('',#3683,.F.);
#3683 = EDGE_LOOP('',(#3684,#3694,#3702,#3708,#3709,#3710,#3711,#3719));
#3684 = ORIENTED_EDGE('',*,*,#3685,.T.);
#3685 = EDGE_CURVE('',#3686,#3688,#3690,.T.);
#3686 = VERTEX_POINT('',#3687);
#3687 = CARTESIAN_POINT('',(10.32,0.351578947368,-3.2));
#3688 = VERTEX_POINT('',#3689);
#3689 = CARTESIAN_POINT('',(10.32,-0.288421052632,-3.2));
#3690 = LINE('',#3691,#3692);
#3691 = CARTESIAN_POINT('',(10.32,0.32,-3.2));
#3692 = VECTOR('',#3693,1.);
#3693 = DIRECTION('',(-1.224646799147E-16,-1.,0.));
#3694 = ORIENTED_EDGE('',*,*,#3695,.T.);
#3695 = EDGE_CURVE('',#3688,#3696,#3698,.T.);
#3696 = VERTEX_POINT('',#3697);
#3697 = CARTESIAN_POINT('',(10.32,-2.E-02,-1.5));
#3698 = LINE('',#3699,#3700);
#3699 = CARTESIAN_POINT('',(10.32,-0.32,-3.4));
#3700 = VECTOR('',#3701,1.);
#3701 = DIRECTION('',(1.909990663905E-17,0.155962573473,0.987762965329)
  );
#3702 = ORIENTED_EDGE('',*,*,#3703,.T.);
#3703 = EDGE_CURVE('',#3696,#3662,#3704,.T.);
#3704 = LINE('',#3705,#3706);
#3705 = CARTESIAN_POINT('',(10.32,-2.E-02,-1.5));
#3706 = VECTOR('',#3707,1.);
#3707 = DIRECTION('',(-5.476786982641E-17,-0.4472135955,0.894427191));
#3708 = ORIENTED_EDGE('',*,*,#3661,.T.);
#3709 = ORIENTED_EDGE('',*,*,#2616,.F.);
#3710 = ORIENTED_EDGE('',*,*,#3574,.T.);
#3711 = ORIENTED_EDGE('',*,*,#3712,.T.);
#3712 = EDGE_CURVE('',#3575,#3713,#3715,.T.);
#3713 = VERTEX_POINT('',#3714);
#3714 = CARTESIAN_POINT('',(10.32,0.62,-1.5));
#3715 = LINE('',#3716,#3717);
#3716 = CARTESIAN_POINT('',(10.32,0.32,-0.9));
#3717 = VECTOR('',#3718,1.);
#3718 = DIRECTION('',(5.476786982641E-17,0.4472135955,-0.894427191));
#3719 = ORIENTED_EDGE('',*,*,#3720,.T.);
#3720 = EDGE_CURVE('',#3713,#3686,#3721,.T.);
#3721 = LINE('',#3722,#3723);
#3722 = CARTESIAN_POINT('',(10.32,0.62,-1.5));
#3723 = VECTOR('',#3724,1.);
#3724 = DIRECTION('',(-1.909990663905E-17,-0.155962573473,
    -0.987762965329));
#3725 = PLANE('',#3726);
#3726 = AXIS2_PLACEMENT_3D('',#3727,#3728,#3729);
#3727 = CARTESIAN_POINT('',(10.32,3.65940088399E-02,1.522832428212));
#3728 = DIRECTION('',(-1.,1.224646799147E-16,0.));
#3729 = DIRECTION('',(0.,0.,1.));
#3730 = ADVANCED_FACE('',(#3731),#3756,.T.);
#3731 = FACE_BOUND('',#3732,.F.);
#3732 = EDGE_LOOP('',(#3733,#3741,#3749,#3755));
#3733 = ORIENTED_EDGE('',*,*,#3734,.T.);
#3734 = EDGE_CURVE('',#2648,#3735,#3737,.T.);
#3735 = VERTEX_POINT('',#3736);
#3736 = CARTESIAN_POINT('',(5.12,-0.12,6.5));
#3737 = LINE('',#3738,#3739);
#3738 = CARTESIAN_POINT('',(5.253333333333,-0.253333333333,
    6.366666666667));
#3739 = VECTOR('',#3740,1.);
#3740 = DIRECTION('',(-0.57735026919,0.57735026919,0.57735026919));
#3741 = ORIENTED_EDGE('',*,*,#3742,.T.);
#3742 = EDGE_CURVE('',#3735,#3743,#3745,.T.);
#3743 = VERTEX_POINT('',#3744);
#3744 = CARTESIAN_POINT('',(5.12,0.12,6.5));
#3745 = LINE('',#3746,#3747);
#3746 = CARTESIAN_POINT('',(5.12,-0.32,6.5));
#3747 = VECTOR('',#3748,1.);
#3748 = DIRECTION('',(1.224646799147E-16,1.,0.));
#3749 = ORIENTED_EDGE('',*,*,#3750,.T.);
#3750 = EDGE_CURVE('',#3743,#2656,#3751,.T.);
#3751 = LINE('',#3752,#3753);
#3752 = CARTESIAN_POINT('',(5.146666666667,0.146666666667,6.473333333333
    ));
#3753 = VECTOR('',#3754,1.);
#3754 = DIRECTION('',(0.57735026919,0.57735026919,-0.57735026919));
#3755 = ORIENTED_EDGE('',*,*,#2655,.F.);
#3756 = PLANE('',#3757);
#3757 = AXIS2_PLACEMENT_3D('',#3758,#3759,#3760);
#3758 = CARTESIAN_POINT('',(5.22,-0.32,6.4));
#3759 = DIRECTION('',(0.707106781187,-8.833102285013E-17,0.707106781187)
  );
#3760 = DIRECTION('',(-1.236918052038E-16,-1.,-1.227125289097E-18));
#3761 = ADVANCED_FACE('',(#3762),#3780,.T.);
#3762 = FACE_BOUND('',#3763,.F.);
#3763 = EDGE_LOOP('',(#3764,#3765,#3773,#3779));
#3764 = ORIENTED_EDGE('',*,*,#3750,.F.);
#3765 = ORIENTED_EDGE('',*,*,#3766,.T.);
#3766 = EDGE_CURVE('',#3743,#3767,#3769,.T.);
#3767 = VERTEX_POINT('',#3768);
#3768 = CARTESIAN_POINT('',(4.88,0.12,6.5));
#3769 = LINE('',#3770,#3771);
#3770 = CARTESIAN_POINT('',(5.32,0.12,6.5));
#3771 = VECTOR('',#3772,1.);
#3772 = DIRECTION('',(-1.,1.224646799147E-16,0.));
#3773 = ORIENTED_EDGE('',*,*,#3774,.T.);
#3774 = EDGE_CURVE('',#3767,#2679,#3775,.T.);
#3775 = LINE('',#3776,#3777);
#3776 = CARTESIAN_POINT('',(4.96,4.E-02,6.58));
#3777 = VECTOR('',#3778,1.);
#3778 = DIRECTION('',(-0.57735026919,0.57735026919,-0.57735026919));
#3779 = ORIENTED_EDGE('',*,*,#2678,.F.);
#3780 = PLANE('',#3781);
#3781 = AXIS2_PLACEMENT_3D('',#3782,#3783,#3784);
#3782 = CARTESIAN_POINT('',(5.32,0.22,6.4));
#3783 = DIRECTION('',(8.833102285013E-17,0.707106781187,0.707106781187)
  );
#3784 = DIRECTION('',(1.,-1.236918052038E-16,-1.227125289097E-18));
#3785 = ADVANCED_FACE('',(#3786),#3804,.F.);
#3786 = FACE_BOUND('',#3787,.T.);
#3787 = EDGE_LOOP('',(#3788,#3796,#3802,#3803));
#3788 = ORIENTED_EDGE('',*,*,#3789,.T.);
#3789 = EDGE_CURVE('',#2703,#3790,#3792,.T.);
#3790 = VERTEX_POINT('',#3791);
#3791 = CARTESIAN_POINT('',(4.88,-0.12,6.5));
#3792 = LINE('',#3793,#3794);
#3793 = CARTESIAN_POINT('',(4.853333333333,-0.146666666667,
    6.473333333333));
#3794 = VECTOR('',#3795,1.);
#3795 = DIRECTION('',(0.57735026919,0.57735026919,0.57735026919));
#3796 = ORIENTED_EDGE('',*,*,#3797,.T.);
#3797 = EDGE_CURVE('',#3790,#3767,#3798,.T.);
#3798 = LINE('',#3799,#3800);
#3799 = CARTESIAN_POINT('',(4.88,-0.32,6.5));
#3800 = VECTOR('',#3801,1.);
#3801 = DIRECTION('',(1.224646799147E-16,1.,0.));
#3802 = ORIENTED_EDGE('',*,*,#3774,.T.);
#3803 = ORIENTED_EDGE('',*,*,#2710,.F.);
#3804 = PLANE('',#3805);
#3805 = AXIS2_PLACEMENT_3D('',#3806,#3807,#3808);
#3806 = CARTESIAN_POINT('',(4.78,-0.32,6.4));
#3807 = DIRECTION('',(0.707106781187,-8.486018839685E-17,-0.707106781187
    ));
#3808 = DIRECTION('',(-1.212375546256E-16,-1.,-1.227125289196E-18));
#3809 = ADVANCED_FACE('',(#3810),#3821,.T.);
#3810 = FACE_BOUND('',#3811,.F.);
#3811 = EDGE_LOOP('',(#3812,#3813,#3814,#3815));
#3812 = ORIENTED_EDGE('',*,*,#3734,.F.);
#3813 = ORIENTED_EDGE('',*,*,#2728,.T.);
#3814 = ORIENTED_EDGE('',*,*,#3789,.T.);
#3815 = ORIENTED_EDGE('',*,*,#3816,.F.);
#3816 = EDGE_CURVE('',#3735,#3790,#3817,.T.);
#3817 = LINE('',#3818,#3819);
#3818 = CARTESIAN_POINT('',(5.32,-0.12,6.5));
#3819 = VECTOR('',#3820,1.);
#3820 = DIRECTION('',(-1.,1.224646799147E-16,0.));
#3821 = PLANE('',#3822);
#3822 = AXIS2_PLACEMENT_3D('',#3823,#3824,#3825);
#3823 = CARTESIAN_POINT('',(5.32,-0.22,6.4));
#3824 = DIRECTION('',(-8.833102285013E-17,-0.707106781187,0.707106781187
    ));
#3825 = DIRECTION('',(1.,-1.236918052038E-16,1.227125289097E-18));
#3826 = ADVANCED_FACE('',(#3827),#3852,.F.);
#3827 = FACE_BOUND('',#3828,.T.);
#3828 = EDGE_LOOP('',(#3829,#3837,#3845,#3851));
#3829 = ORIENTED_EDGE('',*,*,#3830,.T.);
#3830 = EDGE_CURVE('',#2744,#3831,#3833,.T.);
#3831 = VERTEX_POINT('',#3832);
#3832 = CARTESIAN_POINT('',(7.38,-0.12,6.5));
#3833 = LINE('',#3834,#3835);
#3834 = CARTESIAN_POINT('',(7.353333333333,-0.146666666667,
    6.473333333333));
#3835 = VECTOR('',#3836,1.);
#3836 = DIRECTION('',(0.57735026919,0.57735026919,0.57735026919));
#3837 = ORIENTED_EDGE('',*,*,#3838,.T.);
#3838 = EDGE_CURVE('',#3831,#3839,#3841,.T.);
#3839 = VERTEX_POINT('',#3840);
#3840 = CARTESIAN_POINT('',(7.38,0.12,6.5));
#3841 = LINE('',#3842,#3843);
#3842 = CARTESIAN_POINT('',(7.38,-0.32,6.5));
#3843 = VECTOR('',#3844,1.);
#3844 = DIRECTION('',(1.224646799147E-16,1.,0.));
#3845 = ORIENTED_EDGE('',*,*,#3846,.T.);
#3846 = EDGE_CURVE('',#3839,#2752,#3847,.T.);
#3847 = LINE('',#3848,#3849);
#3848 = CARTESIAN_POINT('',(7.46,4.E-02,6.58));
#3849 = VECTOR('',#3850,1.);
#3850 = DIRECTION('',(-0.57735026919,0.57735026919,-0.57735026919));
#3851 = ORIENTED_EDGE('',*,*,#2751,.F.);
#3852 = PLANE('',#3853);
#3853 = AXIS2_PLACEMENT_3D('',#3854,#3855,#3856);
#3854 = CARTESIAN_POINT('',(7.28,-0.32,6.4));
#3855 = DIRECTION('',(0.707106781187,-8.486018839685E-17,-0.707106781187
    ));
#3856 = DIRECTION('',(-1.212375546256E-16,-1.,-1.227125289196E-18));
#3857 = ADVANCED_FACE('',(#3858),#3876,.T.);
#3858 = FACE_BOUND('',#3859,.F.);
#3859 = EDGE_LOOP('',(#3860,#3868,#3869,#3870));
#3860 = ORIENTED_EDGE('',*,*,#3861,.F.);
#3861 = EDGE_CURVE('',#2774,#3862,#3864,.T.);
#3862 = VERTEX_POINT('',#3863);
#3863 = CARTESIAN_POINT('',(7.62,-0.12,6.5));
#3864 = LINE('',#3865,#3866);
#3865 = CARTESIAN_POINT('',(7.753333333333,-0.253333333333,
    6.366666666667));
#3866 = VECTOR('',#3867,1.);
#3867 = DIRECTION('',(-0.57735026919,0.57735026919,0.57735026919));
#3868 = ORIENTED_EDGE('',*,*,#2783,.T.);
#3869 = ORIENTED_EDGE('',*,*,#3830,.T.);
#3870 = ORIENTED_EDGE('',*,*,#3871,.F.);
#3871 = EDGE_CURVE('',#3862,#3831,#3872,.T.);
#3872 = LINE('',#3873,#3874);
#3873 = CARTESIAN_POINT('',(7.82,-0.12,6.5));
#3874 = VECTOR('',#3875,1.);
#3875 = DIRECTION('',(-1.,1.224646799147E-16,0.));
#3876 = PLANE('',#3877);
#3877 = AXIS2_PLACEMENT_3D('',#3878,#3879,#3880);
#3878 = CARTESIAN_POINT('',(7.82,-0.22,6.4));
#3879 = DIRECTION('',(-8.833102285013E-17,-0.707106781187,0.707106781187
    ));
#3880 = DIRECTION('',(1.,-1.236918052038E-16,1.227125289097E-18));
#3881 = ADVANCED_FACE('',(#3882),#3900,.T.);
#3882 = FACE_BOUND('',#3883,.F.);
#3883 = EDGE_LOOP('',(#3884,#3885,#3893,#3899));
#3884 = ORIENTED_EDGE('',*,*,#3861,.T.);
#3885 = ORIENTED_EDGE('',*,*,#3886,.T.);
#3886 = EDGE_CURVE('',#3862,#3887,#3889,.T.);
#3887 = VERTEX_POINT('',#3888);
#3888 = CARTESIAN_POINT('',(7.62,0.12,6.5));
#3889 = LINE('',#3890,#3891);
#3890 = CARTESIAN_POINT('',(7.62,-0.32,6.5));
#3891 = VECTOR('',#3892,1.);
#3892 = DIRECTION('',(1.224646799147E-16,1.,0.));
#3893 = ORIENTED_EDGE('',*,*,#3894,.T.);
#3894 = EDGE_CURVE('',#3887,#2800,#3895,.T.);
#3895 = LINE('',#3896,#3897);
#3896 = CARTESIAN_POINT('',(7.646666666667,0.146666666667,6.473333333333
    ));
#3897 = VECTOR('',#3898,1.);
#3898 = DIRECTION('',(0.57735026919,0.57735026919,-0.57735026919));
#3899 = ORIENTED_EDGE('',*,*,#2799,.F.);
#3900 = PLANE('',#3901);
#3901 = AXIS2_PLACEMENT_3D('',#3902,#3903,#3904);
#3902 = CARTESIAN_POINT('',(7.72,-0.32,6.4));
#3903 = DIRECTION('',(0.707106781187,-8.833102285013E-17,0.707106781187)
  );
#3904 = DIRECTION('',(-1.236918052038E-16,-1.,-1.227125289097E-18));
#3905 = ADVANCED_FACE('',(#3906),#3917,.T.);
#3906 = FACE_BOUND('',#3907,.F.);
#3907 = EDGE_LOOP('',(#3908,#3909,#3915,#3916));
#3908 = ORIENTED_EDGE('',*,*,#3894,.F.);
#3909 = ORIENTED_EDGE('',*,*,#3910,.T.);
#3910 = EDGE_CURVE('',#3887,#3839,#3911,.T.);
#3911 = LINE('',#3912,#3913);
#3912 = CARTESIAN_POINT('',(7.82,0.12,6.5));
#3913 = VECTOR('',#3914,1.);
#3914 = DIRECTION('',(-1.,1.224646799147E-16,0.));
#3915 = ORIENTED_EDGE('',*,*,#3846,.T.);
#3916 = ORIENTED_EDGE('',*,*,#2822,.F.);
#3917 = PLANE('',#3918);
#3918 = AXIS2_PLACEMENT_3D('',#3919,#3920,#3921);
#3919 = CARTESIAN_POINT('',(7.82,0.22,6.4));
#3920 = DIRECTION('',(8.833102285013E-17,0.707106781187,0.707106781187)
  );
#3921 = DIRECTION('',(1.,-1.236918052038E-16,-1.227125289097E-18));
#3922 = ADVANCED_FACE('',(#3923),#3948,.T.);
#3923 = FACE_BOUND('',#3924,.F.);
#3924 = EDGE_LOOP('',(#3925,#3933,#3941,#3947));
#3925 = ORIENTED_EDGE('',*,*,#3926,.T.);
#3926 = EDGE_CURVE('',#2840,#3927,#3929,.T.);
#3927 = VERTEX_POINT('',#3928);
#3928 = CARTESIAN_POINT('',(2.62,-0.12,6.5));
#3929 = LINE('',#3930,#3931);
#3930 = CARTESIAN_POINT('',(2.753333333333,-0.253333333333,
    6.366666666667));
#3931 = VECTOR('',#3932,1.);
#3932 = DIRECTION('',(-0.57735026919,0.57735026919,0.57735026919));
#3933 = ORIENTED_EDGE('',*,*,#3934,.T.);
#3934 = EDGE_CURVE('',#3927,#3935,#3937,.T.);
#3935 = VERTEX_POINT('',#3936);
#3936 = CARTESIAN_POINT('',(2.62,0.12,6.5));
#3937 = LINE('',#3938,#3939);
#3938 = CARTESIAN_POINT('',(2.62,-0.32,6.5));
#3939 = VECTOR('',#3940,1.);
#3940 = DIRECTION('',(1.224646799147E-16,1.,0.));
#3941 = ORIENTED_EDGE('',*,*,#3942,.T.);
#3942 = EDGE_CURVE('',#3935,#2848,#3943,.T.);
#3943 = LINE('',#3944,#3945);
#3944 = CARTESIAN_POINT('',(2.646666666667,0.146666666667,6.473333333333
    ));
#3945 = VECTOR('',#3946,1.);
#3946 = DIRECTION('',(0.57735026919,0.57735026919,-0.57735026919));
#3947 = ORIENTED_EDGE('',*,*,#2847,.F.);
#3948 = PLANE('',#3949);
#3949 = AXIS2_PLACEMENT_3D('',#3950,#3951,#3952);
#3950 = CARTESIAN_POINT('',(2.72,-0.32,6.4));
#3951 = DIRECTION('',(0.707106781187,-8.833102285013E-17,0.707106781187)
  );
#3952 = DIRECTION('',(-1.236918052038E-16,-1.,-1.227125289097E-18));
#3953 = ADVANCED_FACE('',(#3954),#3972,.T.);
#3954 = FACE_BOUND('',#3955,.F.);
#3955 = EDGE_LOOP('',(#3956,#3957,#3965,#3971));
#3956 = ORIENTED_EDGE('',*,*,#3942,.F.);
#3957 = ORIENTED_EDGE('',*,*,#3958,.T.);
#3958 = EDGE_CURVE('',#3935,#3959,#3961,.T.);
#3959 = VERTEX_POINT('',#3960);
#3960 = CARTESIAN_POINT('',(2.38,0.12,6.5));
#3961 = LINE('',#3962,#3963);
#3962 = CARTESIAN_POINT('',(2.82,0.12,6.5));
#3963 = VECTOR('',#3964,1.);
#3964 = DIRECTION('',(-1.,1.224646799147E-16,0.));
#3965 = ORIENTED_EDGE('',*,*,#3966,.T.);
#3966 = EDGE_CURVE('',#3959,#2871,#3967,.T.);
#3967 = LINE('',#3968,#3969);
#3968 = CARTESIAN_POINT('',(2.46,4.E-02,6.58));
#3969 = VECTOR('',#3970,1.);
#3970 = DIRECTION('',(-0.57735026919,0.57735026919,-0.57735026919));
#3971 = ORIENTED_EDGE('',*,*,#2870,.F.);
#3972 = PLANE('',#3973);
#3973 = AXIS2_PLACEMENT_3D('',#3974,#3975,#3976);
#3974 = CARTESIAN_POINT('',(2.82,0.22,6.4));
#3975 = DIRECTION('',(8.833102285013E-17,0.707106781187,0.707106781187)
  );
#3976 = DIRECTION('',(1.,-1.236918052038E-16,-1.227125289097E-18));
#3977 = ADVANCED_FACE('',(#3978),#3996,.F.);
#3978 = FACE_BOUND('',#3979,.T.);
#3979 = EDGE_LOOP('',(#3980,#3988,#3994,#3995));
#3980 = ORIENTED_EDGE('',*,*,#3981,.T.);
#3981 = EDGE_CURVE('',#2895,#3982,#3984,.T.);
#3982 = VERTEX_POINT('',#3983);
#3983 = CARTESIAN_POINT('',(2.38,-0.12,6.5));
#3984 = LINE('',#3985,#3986);
#3985 = CARTESIAN_POINT('',(2.353333333333,-0.146666666667,
    6.473333333333));
#3986 = VECTOR('',#3987,1.);
#3987 = DIRECTION('',(0.57735026919,0.57735026919,0.57735026919));
#3988 = ORIENTED_EDGE('',*,*,#3989,.T.);
#3989 = EDGE_CURVE('',#3982,#3959,#3990,.T.);
#3990 = LINE('',#3991,#3992);
#3991 = CARTESIAN_POINT('',(2.38,-0.32,6.5));
#3992 = VECTOR('',#3993,1.);
#3993 = DIRECTION('',(1.224646799147E-16,1.,0.));
#3994 = ORIENTED_EDGE('',*,*,#3966,.T.);
#3995 = ORIENTED_EDGE('',*,*,#2902,.F.);
#3996 = PLANE('',#3997);
#3997 = AXIS2_PLACEMENT_3D('',#3998,#3999,#4000);
#3998 = CARTESIAN_POINT('',(2.28,-0.32,6.4));
#3999 = DIRECTION('',(0.707106781187,-8.486018839685E-17,-0.707106781187
    ));
#4000 = DIRECTION('',(-1.212375546256E-16,-1.,-1.227125289196E-18));
#4001 = ADVANCED_FACE('',(#4002),#4013,.T.);
#4002 = FACE_BOUND('',#4003,.F.);
#4003 = EDGE_LOOP('',(#4004,#4005,#4006,#4007));
#4004 = ORIENTED_EDGE('',*,*,#3926,.F.);
#4005 = ORIENTED_EDGE('',*,*,#2920,.T.);
#4006 = ORIENTED_EDGE('',*,*,#3981,.T.);
#4007 = ORIENTED_EDGE('',*,*,#4008,.F.);
#4008 = EDGE_CURVE('',#3927,#3982,#4009,.T.);
#4009 = LINE('',#4010,#4011);
#4010 = CARTESIAN_POINT('',(2.82,-0.12,6.5));
#4011 = VECTOR('',#4012,1.);
#4012 = DIRECTION('',(-1.,1.224646799147E-16,0.));
#4013 = PLANE('',#4014);
#4014 = AXIS2_PLACEMENT_3D('',#4015,#4016,#4017);
#4015 = CARTESIAN_POINT('',(2.82,-0.22,6.4));
#4016 = DIRECTION('',(-8.833102285013E-17,-0.707106781187,0.707106781187
    ));
#4017 = DIRECTION('',(1.,-1.236918052038E-16,1.227125289097E-18));
#4018 = ADVANCED_FACE('',(#4019),#4044,.T.);
#4019 = FACE_BOUND('',#4020,.F.);
#4020 = EDGE_LOOP('',(#4021,#4029,#4037,#4043));
#4021 = ORIENTED_EDGE('',*,*,#4022,.F.);
#4022 = EDGE_CURVE('',#4023,#2935,#4025,.T.);
#4023 = VERTEX_POINT('',#4024);
#4024 = CARTESIAN_POINT('',(10.12,0.12,6.5));
#4025 = LINE('',#4026,#4027);
#4026 = CARTESIAN_POINT('',(10.146666666667,0.146666666667,
    6.473333333333));
#4027 = VECTOR('',#4028,1.);
#4028 = DIRECTION('',(0.57735026919,0.57735026919,-0.57735026919));
#4029 = ORIENTED_EDGE('',*,*,#4030,.T.);
#4030 = EDGE_CURVE('',#4023,#4031,#4033,.T.);
#4031 = VERTEX_POINT('',#4032);
#4032 = CARTESIAN_POINT('',(9.88,0.12,6.5));
#4033 = LINE('',#4034,#4035);
#4034 = CARTESIAN_POINT('',(10.32,0.12,6.5));
#4035 = VECTOR('',#4036,1.);
#4036 = DIRECTION('',(-1.,1.224646799147E-16,0.));
#4037 = ORIENTED_EDGE('',*,*,#4038,.T.);
#4038 = EDGE_CURVE('',#4031,#2943,#4039,.T.);
#4039 = LINE('',#4040,#4041);
#4040 = CARTESIAN_POINT('',(9.96,4.E-02,6.58));
#4041 = VECTOR('',#4042,1.);
#4042 = DIRECTION('',(-0.57735026919,0.57735026919,-0.57735026919));
#4043 = ORIENTED_EDGE('',*,*,#2942,.F.);
#4044 = PLANE('',#4045);
#4045 = AXIS2_PLACEMENT_3D('',#4046,#4047,#4048);
#4046 = CARTESIAN_POINT('',(10.32,0.22,6.4));
#4047 = DIRECTION('',(8.833102285013E-17,0.707106781187,0.707106781187)
  );
#4048 = DIRECTION('',(1.,-1.236918052038E-16,-1.227125289097E-18));
#4049 = ADVANCED_FACE('',(#4050),#4068,.F.);
#4050 = FACE_BOUND('',#4051,.T.);
#4051 = EDGE_LOOP('',(#4052,#4060,#4066,#4067));
#4052 = ORIENTED_EDGE('',*,*,#4053,.T.);
#4053 = EDGE_CURVE('',#2967,#4054,#4056,.T.);
#4054 = VERTEX_POINT('',#4055);
#4055 = CARTESIAN_POINT('',(9.88,-0.12,6.5));
#4056 = LINE('',#4057,#4058);
#4057 = CARTESIAN_POINT('',(9.853333333333,-0.146666666667,
    6.473333333333));
#4058 = VECTOR('',#4059,1.);
#4059 = DIRECTION('',(0.57735026919,0.57735026919,0.57735026919));
#4060 = ORIENTED_EDGE('',*,*,#4061,.T.);
#4061 = EDGE_CURVE('',#4054,#4031,#4062,.T.);
#4062 = LINE('',#4063,#4064);
#4063 = CARTESIAN_POINT('',(9.88,-0.32,6.5));
#4064 = VECTOR('',#4065,1.);
#4065 = DIRECTION('',(1.224646799147E-16,1.,0.));
#4066 = ORIENTED_EDGE('',*,*,#4038,.T.);
#4067 = ORIENTED_EDGE('',*,*,#2974,.F.);
#4068 = PLANE('',#4069);
#4069 = AXIS2_PLACEMENT_3D('',#4070,#4071,#4072);
#4070 = CARTESIAN_POINT('',(9.78,-0.32,6.4));
#4071 = DIRECTION('',(0.707106781187,-8.486018839685E-17,-0.707106781187
    ));
#4072 = DIRECTION('',(-1.212375546256E-16,-1.,-1.227125289196E-18));
#4073 = ADVANCED_FACE('',(#4074),#4092,.T.);
#4074 = FACE_BOUND('',#4075,.F.);
#4075 = EDGE_LOOP('',(#4076,#4084,#4085,#4086));
#4076 = ORIENTED_EDGE('',*,*,#4077,.F.);
#4077 = EDGE_CURVE('',#2990,#4078,#4080,.T.);
#4078 = VERTEX_POINT('',#4079);
#4079 = CARTESIAN_POINT('',(10.12,-0.12,6.5));
#4080 = LINE('',#4081,#4082);
#4081 = CARTESIAN_POINT('',(10.253333333333,-0.253333333333,
    6.366666666667));
#4082 = VECTOR('',#4083,1.);
#4083 = DIRECTION('',(-0.57735026919,0.57735026919,0.57735026919));
#4084 = ORIENTED_EDGE('',*,*,#2999,.T.);
#4085 = ORIENTED_EDGE('',*,*,#4053,.T.);
#4086 = ORIENTED_EDGE('',*,*,#4087,.F.);
#4087 = EDGE_CURVE('',#4078,#4054,#4088,.T.);
#4088 = LINE('',#4089,#4090);
#4089 = CARTESIAN_POINT('',(10.32,-0.12,6.5));
#4090 = VECTOR('',#4091,1.);
#4091 = DIRECTION('',(-1.,1.224646799147E-16,0.));
#4092 = PLANE('',#4093);
#4093 = AXIS2_PLACEMENT_3D('',#4094,#4095,#4096);
#4094 = CARTESIAN_POINT('',(10.32,-0.22,6.4));
#4095 = DIRECTION('',(-8.833102285013E-17,-0.707106781187,0.707106781187
    ));
#4096 = DIRECTION('',(1.,-1.236918052038E-16,1.227125289097E-18));
#4097 = ADVANCED_FACE('',(#4098),#4109,.T.);
#4098 = FACE_BOUND('',#4099,.F.);
#4099 = EDGE_LOOP('',(#4100,#4101,#4107,#4108));
#4100 = ORIENTED_EDGE('',*,*,#4077,.T.);
#4101 = ORIENTED_EDGE('',*,*,#4102,.T.);
#4102 = EDGE_CURVE('',#4078,#4023,#4103,.T.);
#4103 = LINE('',#4104,#4105);
#4104 = CARTESIAN_POINT('',(10.12,-0.32,6.5));
#4105 = VECTOR('',#4106,1.);
#4106 = DIRECTION('',(1.224646799147E-16,1.,0.));
#4107 = ORIENTED_EDGE('',*,*,#4022,.T.);
#4108 = ORIENTED_EDGE('',*,*,#3015,.F.);
#4109 = PLANE('',#4110);
#4110 = AXIS2_PLACEMENT_3D('',#4111,#4112,#4113);
#4111 = CARTESIAN_POINT('',(10.22,-0.32,6.4));
#4112 = DIRECTION('',(0.707106781187,-8.833102285013E-17,0.707106781187)
  );
#4113 = DIRECTION('',(-1.236918052038E-16,-1.,-1.227125289097E-18));
#4114 = ADVANCED_FACE('',(#4115),#4140,.F.);
#4115 = FACE_BOUND('',#4116,.T.);
#4116 = EDGE_LOOP('',(#4117,#4125,#4133,#4139));
#4117 = ORIENTED_EDGE('',*,*,#4118,.T.);
#4118 = EDGE_CURVE('',#3032,#4119,#4121,.T.);
#4119 = VERTEX_POINT('',#4120);
#4120 = CARTESIAN_POINT('',(-0.12,-0.12,6.5));
#4121 = LINE('',#4122,#4123);
#4122 = CARTESIAN_POINT('',(-0.146666666667,-0.146666666667,
    6.473333333333));
#4123 = VECTOR('',#4124,1.);
#4124 = DIRECTION('',(0.57735026919,0.57735026919,0.57735026919));
#4125 = ORIENTED_EDGE('',*,*,#4126,.T.);
#4126 = EDGE_CURVE('',#4119,#4127,#4129,.T.);
#4127 = VERTEX_POINT('',#4128);
#4128 = CARTESIAN_POINT('',(-0.12,0.12,6.5));
#4129 = LINE('',#4130,#4131);
#4130 = CARTESIAN_POINT('',(-0.12,-0.32,6.5));
#4131 = VECTOR('',#4132,1.);
#4132 = DIRECTION('',(1.224646799147E-16,1.,0.));
#4133 = ORIENTED_EDGE('',*,*,#4134,.T.);
#4134 = EDGE_CURVE('',#4127,#3040,#4135,.T.);
#4135 = LINE('',#4136,#4137);
#4136 = CARTESIAN_POINT('',(-4.E-02,4.E-02,6.58));
#4137 = VECTOR('',#4138,1.);
#4138 = DIRECTION('',(-0.57735026919,0.57735026919,-0.57735026919));
#4139 = ORIENTED_EDGE('',*,*,#3039,.F.);
#4140 = PLANE('',#4141);
#4141 = AXIS2_PLACEMENT_3D('',#4142,#4143,#4144);
#4142 = CARTESIAN_POINT('',(-0.22,-0.32,6.4));
#4143 = DIRECTION('',(0.707106781187,-8.486018839685E-17,-0.707106781187
    ));
#4144 = DIRECTION('',(-1.212375546256E-16,-1.,-1.227125289196E-18));
#4145 = ADVANCED_FACE('',(#4146),#4164,.T.);
#4146 = FACE_BOUND('',#4147,.F.);
#4147 = EDGE_LOOP('',(#4148,#4156,#4157,#4158));
#4148 = ORIENTED_EDGE('',*,*,#4149,.F.);
#4149 = EDGE_CURVE('',#3062,#4150,#4152,.T.);
#4150 = VERTEX_POINT('',#4151);
#4151 = CARTESIAN_POINT('',(0.12,-0.12,6.5));
#4152 = LINE('',#4153,#4154);
#4153 = CARTESIAN_POINT('',(0.253333333333,-0.253333333333,
    6.366666666667));
#4154 = VECTOR('',#4155,1.);
#4155 = DIRECTION('',(-0.57735026919,0.57735026919,0.57735026919));
#4156 = ORIENTED_EDGE('',*,*,#3071,.T.);
#4157 = ORIENTED_EDGE('',*,*,#4118,.T.);
#4158 = ORIENTED_EDGE('',*,*,#4159,.F.);
#4159 = EDGE_CURVE('',#4150,#4119,#4160,.T.);
#4160 = LINE('',#4161,#4162);
#4161 = CARTESIAN_POINT('',(0.32,-0.12,6.5));
#4162 = VECTOR('',#4163,1.);
#4163 = DIRECTION('',(-1.,1.224646799147E-16,0.));
#4164 = PLANE('',#4165);
#4165 = AXIS2_PLACEMENT_3D('',#4166,#4167,#4168);
#4166 = CARTESIAN_POINT('',(0.32,-0.22,6.4));
#4167 = DIRECTION('',(-8.833102285013E-17,-0.707106781187,0.707106781187
    ));
#4168 = DIRECTION('',(1.,-1.236918052038E-16,1.227125289097E-18));
#4169 = ADVANCED_FACE('',(#4170),#4188,.T.);
#4170 = FACE_BOUND('',#4171,.F.);
#4171 = EDGE_LOOP('',(#4172,#4173,#4181,#4187));
#4172 = ORIENTED_EDGE('',*,*,#4149,.T.);
#4173 = ORIENTED_EDGE('',*,*,#4174,.T.);
#4174 = EDGE_CURVE('',#4150,#4175,#4177,.T.);
#4175 = VERTEX_POINT('',#4176);
#4176 = CARTESIAN_POINT('',(0.12,0.12,6.5));
#4177 = LINE('',#4178,#4179);
#4178 = CARTESIAN_POINT('',(0.12,-0.32,6.5));
#4179 = VECTOR('',#4180,1.);
#4180 = DIRECTION('',(1.224646799147E-16,1.,0.));
#4181 = ORIENTED_EDGE('',*,*,#4182,.T.);
#4182 = EDGE_CURVE('',#4175,#3088,#4183,.T.);
#4183 = LINE('',#4184,#4185);
#4184 = CARTESIAN_POINT('',(0.146666666667,0.146666666667,6.473333333333
    ));
#4185 = VECTOR('',#4186,1.);
#4186 = DIRECTION('',(0.57735026919,0.57735026919,-0.57735026919));
#4187 = ORIENTED_EDGE('',*,*,#3087,.F.);
#4188 = PLANE('',#4189);
#4189 = AXIS2_PLACEMENT_3D('',#4190,#4191,#4192);
#4190 = CARTESIAN_POINT('',(0.22,-0.32,6.4));
#4191 = DIRECTION('',(0.707106781187,-8.833102285013E-17,0.707106781187)
  );
#4192 = DIRECTION('',(-1.236918052038E-16,-1.,-1.227125289097E-18));
#4193 = ADVANCED_FACE('',(#4194),#4205,.T.);
#4194 = FACE_BOUND('',#4195,.F.);
#4195 = EDGE_LOOP('',(#4196,#4197,#4203,#4204));
#4196 = ORIENTED_EDGE('',*,*,#4182,.F.);
#4197 = ORIENTED_EDGE('',*,*,#4198,.T.);
#4198 = EDGE_CURVE('',#4175,#4127,#4199,.T.);
#4199 = LINE('',#4200,#4201);
#4200 = CARTESIAN_POINT('',(0.32,0.12,6.5));
#4201 = VECTOR('',#4202,1.);
#4202 = DIRECTION('',(-1.,1.224646799147E-16,0.));
#4203 = ORIENTED_EDGE('',*,*,#4134,.T.);
#4204 = ORIENTED_EDGE('',*,*,#3110,.F.);
#4205 = PLANE('',#4206);
#4206 = AXIS2_PLACEMENT_3D('',#4207,#4208,#4209);
#4207 = CARTESIAN_POINT('',(0.32,0.22,6.4));
#4208 = DIRECTION('',(8.833102285013E-17,0.707106781187,0.707106781187)
  );
#4209 = DIRECTION('',(1.,-1.236918052038E-16,-1.227125289097E-18));
#4210 = ADVANCED_FACE('',(#4211),#4252,.F.);
#4211 = FACE_BOUND('',#4212,.T.);
#4212 = EDGE_LOOP('',(#4213,#4223,#4231,#4239,#4245,#4246));
#4213 = ORIENTED_EDGE('',*,*,#4214,.F.);
#4214 = EDGE_CURVE('',#4215,#4217,#4219,.T.);
#4215 = VERTEX_POINT('',#4216);
#4216 = CARTESIAN_POINT('',(-0.12,0.12,-3.4));
#4217 = VERTEX_POINT('',#4218);
#4218 = CARTESIAN_POINT('',(-0.317552593066,0.351192514695,
    -3.202447406934));
#4219 = LINE('',#4220,#4221);
#4220 = CARTESIAN_POINT('',(-0.153849098111,0.159613036666,
    -3.366150901889));
#4221 = VECTOR('',#4222,1.);
#4222 = DIRECTION('',(-0.544770019249,0.63753529491,0.544770019249));
#4223 = ORIENTED_EDGE('',*,*,#4224,.T.);
#4224 = EDGE_CURVE('',#4215,#4225,#4227,.T.);
#4225 = VERTEX_POINT('',#4226);
#4226 = CARTESIAN_POINT('',(-0.12,-0.12,-3.4));
#4227 = LINE('',#4228,#4229);
#4228 = CARTESIAN_POINT('',(-0.12,0.32,-3.4));
#4229 = VECTOR('',#4230,1.);
#4230 = DIRECTION('',(-1.224646799147E-16,-1.,0.));
#4231 = ORIENTED_EDGE('',*,*,#4232,.T.);
#4232 = EDGE_CURVE('',#4225,#4233,#4235,.T.);
#4233 = VERTEX_POINT('',#4234);
#4234 = CARTESIAN_POINT('',(-0.317552593066,-0.288807485305,
    -3.202447406934));
#4235 = LINE('',#4236,#4237);
#4236 = CARTESIAN_POINT('',(-3.848855660758E-02,-5.034896900541E-02,
    -3.481511443392));
#4237 = VECTOR('',#4238,1.);
#4238 = DIRECTION('',(-0.605209817607,-0.517148096144,0.605209817607));
#4239 = ORIENTED_EDGE('',*,*,#4240,.T.);
#4240 = EDGE_CURVE('',#4233,#3129,#4241,.T.);
#4241 = LINE('',#4242,#4243);
#4242 = CARTESIAN_POINT('',(-8.569083447332E-02,-0.325417236662,
    -3.434309165527));
#4243 = VECTOR('',#4244,1.);
#4244 = DIRECTION('',(-0.702740385383,0.110959008218,0.702740385383));
#4245 = ORIENTED_EDGE('',*,*,#3126,.F.);
#4246 = ORIENTED_EDGE('',*,*,#4247,.F.);
#4247 = EDGE_CURVE('',#4217,#3127,#4248,.T.);
#4248 = LINE('',#4249,#4250);
#4249 = CARTESIAN_POINT('',(-0.541586867305,0.386566347469,
    -2.978413132695));
#4250 = VECTOR('',#4251,1.);
#4251 = DIRECTION('',(-0.702740385383,0.110959008218,0.702740385383));
#4252 = PLANE('',#4253);
#4253 = AXIS2_PLACEMENT_3D('',#4254,#4255,#4256);
#4254 = CARTESIAN_POINT('',(-0.22,0.32,-3.3));
#4255 = DIRECTION('',(0.707106781187,-8.833102285013E-17,0.707106781187)
  );
#4256 = DIRECTION('',(1.236918052038E-16,1.,1.227125289097E-18));
#4257 = ADVANCED_FACE('',(#4258),#4283,.F.);
#4258 = FACE_BOUND('',#4259,.F.);
#4259 = EDGE_LOOP('',(#4260,#4261,#4267,#4268,#4269,#4277));
#4260 = ORIENTED_EDGE('',*,*,#3255,.F.);
#4261 = ORIENTED_EDGE('',*,*,#4262,.T.);
#4262 = EDGE_CURVE('',#3248,#3168,#4263,.T.);
#4263 = LINE('',#4264,#4265);
#4264 = CARTESIAN_POINT('',(0.32,0.62,-1.5));
#4265 = VECTOR('',#4266,1.);
#4266 = DIRECTION('',(-1.,1.224646799147E-16,0.));
#4267 = ORIENTED_EDGE('',*,*,#3175,.T.);
#4268 = ORIENTED_EDGE('',*,*,#4247,.F.);
#4269 = ORIENTED_EDGE('',*,*,#4270,.F.);
#4270 = EDGE_CURVE('',#4271,#4217,#4273,.T.);
#4271 = VERTEX_POINT('',#4272);
#4272 = CARTESIAN_POINT('',(0.317552593066,0.351192514695,
    -3.202447406934));
#4273 = LINE('',#4274,#4275);
#4274 = CARTESIAN_POINT('',(0.32,0.351192514695,-3.202447406934));
#4275 = VECTOR('',#4276,1.);
#4276 = DIRECTION('',(-1.,1.224646799147E-16,0.));
#4277 = ORIENTED_EDGE('',*,*,#4278,.T.);
#4278 = EDGE_CURVE('',#4271,#3214,#4279,.T.);
#4279 = LINE('',#4280,#4281);
#4280 = CARTESIAN_POINT('',(0.699616963064,0.411518467852,
    -2.820383036936));
#4281 = VECTOR('',#4282,1.);
#4282 = DIRECTION('',(0.702740385383,0.110959008218,0.702740385383));
#4283 = PLANE('',#4284);
#4284 = AXIS2_PLACEMENT_3D('',#4285,#4286,#4287);
#4285 = CARTESIAN_POINT('',(0.32,0.62,-1.5));
#4286 = DIRECTION('',(-1.209660753807E-16,-0.987762965329,0.155962573473
    ));
#4287 = DIRECTION('',(-1.909990663905E-17,-0.155962573473,
    -0.987762965329));
#4288 = ADVANCED_FACE('',(#4289),#4295,.F.);
#4289 = FACE_BOUND('',#4290,.F.);
#4290 = EDGE_LOOP('',(#4291,#4292,#4293,#4294));
#4291 = ORIENTED_EDGE('',*,*,#3272,.T.);
#4292 = ORIENTED_EDGE('',*,*,#3167,.T.);
#4293 = ORIENTED_EDGE('',*,*,#4262,.F.);
#4294 = ORIENTED_EDGE('',*,*,#3247,.F.);
#4295 = PLANE('',#4296);
#4296 = AXIS2_PLACEMENT_3D('',#4297,#4298,#4299);
#4297 = CARTESIAN_POINT('',(0.32,0.32,-0.9));
#4298 = DIRECTION('',(-1.095357396528E-16,-0.894427191,-0.4472135955));
#4299 = DIRECTION('',(5.476786982641E-17,0.4472135955,-0.894427191));
#4300 = ADVANCED_FACE('',(#4301),#4312,.F.);
#4301 = FACE_BOUND('',#4302,.F.);
#4302 = EDGE_LOOP('',(#4303,#4309,#4310,#4311));
#4303 = ORIENTED_EDGE('',*,*,#4304,.T.);
#4304 = EDGE_CURVE('',#3224,#3137,#4305,.T.);
#4305 = LINE('',#4306,#4307);
#4306 = CARTESIAN_POINT('',(0.32,-2.E-02,-1.5));
#4307 = VECTOR('',#4308,1.);
#4308 = DIRECTION('',(-1.,1.224646799147E-16,0.));
#4309 = ORIENTED_EDGE('',*,*,#3144,.T.);
#4310 = ORIENTED_EDGE('',*,*,#3197,.F.);
#4311 = ORIENTED_EDGE('',*,*,#3231,.F.);
#4312 = PLANE('',#4313);
#4313 = AXIS2_PLACEMENT_3D('',#4314,#4315,#4316);
#4314 = CARTESIAN_POINT('',(0.32,-2.E-02,-1.5));
#4315 = DIRECTION('',(1.095357396528E-16,0.894427191,0.4472135955));
#4316 = DIRECTION('',(-5.476786982641E-17,-0.4472135955,0.894427191));
#4317 = ADVANCED_FACE('',(#4318),#4338,.F.);
#4318 = FACE_BOUND('',#4319,.F.);
#4319 = EDGE_LOOP('',(#4320,#4321,#4329,#4335,#4336,#4337));
#4320 = ORIENTED_EDGE('',*,*,#3223,.F.);
#4321 = ORIENTED_EDGE('',*,*,#4322,.F.);
#4322 = EDGE_CURVE('',#4323,#3216,#4325,.T.);
#4323 = VERTEX_POINT('',#4324);
#4324 = CARTESIAN_POINT('',(0.317552593066,-0.288807485305,
    -3.202447406934));
#4325 = LINE('',#4326,#4327);
#4326 = CARTESIAN_POINT('',(0.243720930233,-0.300465116279,
    -3.276279069767));
#4327 = VECTOR('',#4328,1.);
#4328 = DIRECTION('',(0.702740385383,0.110959008218,0.702740385383));
#4329 = ORIENTED_EDGE('',*,*,#4330,.T.);
#4330 = EDGE_CURVE('',#4323,#4233,#4331,.T.);
#4331 = LINE('',#4332,#4333);
#4332 = CARTESIAN_POINT('',(0.32,-0.288807485305,-3.202447406934));
#4333 = VECTOR('',#4334,1.);
#4334 = DIRECTION('',(-1.,1.224646799147E-16,0.));
#4335 = ORIENTED_EDGE('',*,*,#4240,.T.);
#4336 = ORIENTED_EDGE('',*,*,#3136,.T.);
#4337 = ORIENTED_EDGE('',*,*,#4304,.F.);
#4338 = PLANE('',#4339);
#4339 = AXIS2_PLACEMENT_3D('',#4340,#4341,#4342);
#4340 = CARTESIAN_POINT('',(0.32,-0.32,-3.4));
#4341 = DIRECTION('',(1.209660753807E-16,0.987762965329,-0.155962573473)
  );
#4342 = DIRECTION('',(1.909990663905E-17,0.155962573473,0.987762965329)
  );
#4343 = ADVANCED_FACE('',(#4344),#4371,.T.);
#4344 = FACE_BOUND('',#4345,.F.);
#4345 = EDGE_LOOP('',(#4346,#4354,#4362,#4368,#4369,#4370));
#4346 = ORIENTED_EDGE('',*,*,#4347,.F.);
#4347 = EDGE_CURVE('',#4348,#4271,#4350,.T.);
#4348 = VERTEX_POINT('',#4349);
#4349 = CARTESIAN_POINT('',(0.12,0.12,-3.4));
#4350 = LINE('',#4351,#4352);
#4351 = CARTESIAN_POINT('',(0.24881689775,0.270752273427,-3.27118310225)
  );
#4352 = VECTOR('',#4353,1.);
#4353 = DIRECTION('',(0.544770019249,0.63753529491,0.544770019249));
#4354 = ORIENTED_EDGE('',*,*,#4355,.T.);
#4355 = EDGE_CURVE('',#4348,#4356,#4358,.T.);
#4356 = VERTEX_POINT('',#4357);
#4357 = CARTESIAN_POINT('',(0.12,-0.12,-3.4));
#4358 = LINE('',#4359,#4360);
#4359 = CARTESIAN_POINT('',(0.12,0.32,-3.4));
#4360 = VECTOR('',#4361,1.);
#4361 = DIRECTION('',(-1.224646799147E-16,-1.,0.));
#4362 = ORIENTED_EDGE('',*,*,#4363,.T.);
#4363 = EDGE_CURVE('',#4356,#4323,#4364,.T.);
#4364 = LINE('',#4365,#4366);
#4365 = CARTESIAN_POINT('',(0.155697812072,-0.150503562587,
    -3.364302187928));
#4366 = VECTOR('',#4367,1.);
#4367 = DIRECTION('',(0.605209817607,-0.517148096144,0.605209817607));
#4368 = ORIENTED_EDGE('',*,*,#4322,.T.);
#4369 = ORIENTED_EDGE('',*,*,#3213,.F.);
#4370 = ORIENTED_EDGE('',*,*,#4278,.F.);
#4371 = PLANE('',#4372);
#4372 = AXIS2_PLACEMENT_3D('',#4373,#4374,#4375);
#4373 = CARTESIAN_POINT('',(0.22,0.32,-3.3));
#4374 = DIRECTION('',(0.707106781187,-8.486018839685E-17,-0.707106781187
    ));
#4375 = DIRECTION('',(1.212375546256E-16,1.,1.227125289196E-18));
#4376 = ADVANCED_FACE('',(#4377),#4402,.T.);
#4377 = FACE_BOUND('',#4378,.F.);
#4378 = EDGE_LOOP('',(#4379,#4387,#4395,#4401));
#4379 = ORIENTED_EDGE('',*,*,#4380,.F.);
#4380 = EDGE_CURVE('',#4381,#3287,#4383,.T.);
#4381 = VERTEX_POINT('',#4382);
#4382 = CARTESIAN_POINT('',(2.62,0.12,-3.4));
#4383 = LINE('',#4384,#4385);
#4384 = CARTESIAN_POINT('',(2.753333333333,0.253333333333,
    -3.266666666667));
#4385 = VECTOR('',#4386,1.);
#4386 = DIRECTION('',(0.57735026919,0.57735026919,0.57735026919));
#4387 = ORIENTED_EDGE('',*,*,#4388,.T.);
#4388 = EDGE_CURVE('',#4381,#4389,#4391,.T.);
#4389 = VERTEX_POINT('',#4390);
#4390 = CARTESIAN_POINT('',(2.62,-0.12,-3.4));
#4391 = LINE('',#4392,#4393);
#4392 = CARTESIAN_POINT('',(2.62,0.32,-3.4));
#4393 = VECTOR('',#4394,1.);
#4394 = DIRECTION('',(-1.224646799147E-16,-1.,0.));
#4395 = ORIENTED_EDGE('',*,*,#4396,.T.);
#4396 = EDGE_CURVE('',#4389,#3289,#4397,.T.);
#4397 = LINE('',#4398,#4399);
#4398 = CARTESIAN_POINT('',(2.646666666667,-0.146666666667,
    -3.373333333333));
#4399 = VECTOR('',#4400,1.);
#4400 = DIRECTION('',(0.57735026919,-0.57735026919,0.57735026919));
#4401 = ORIENTED_EDGE('',*,*,#3286,.F.);
#4402 = PLANE('',#4403);
#4403 = AXIS2_PLACEMENT_3D('',#4404,#4405,#4406);
#4404 = CARTESIAN_POINT('',(2.72,0.32,-3.3));
#4405 = DIRECTION('',(0.707106781187,-8.486018839685E-17,-0.707106781187
    ));
#4406 = DIRECTION('',(1.212375546256E-16,1.,1.227125289196E-18));
#4407 = ADVANCED_FACE('',(#4408),#4426,.T.);
#4408 = FACE_BOUND('',#4409,.T.);
#4409 = EDGE_LOOP('',(#4410,#4411,#4419,#4425));
#4410 = ORIENTED_EDGE('',*,*,#4380,.F.);
#4411 = ORIENTED_EDGE('',*,*,#4412,.T.);
#4412 = EDGE_CURVE('',#4381,#4413,#4415,.T.);
#4413 = VERTEX_POINT('',#4414);
#4414 = CARTESIAN_POINT('',(2.38,0.12,-3.4));
#4415 = LINE('',#4416,#4417);
#4416 = CARTESIAN_POINT('',(2.82,0.12,-3.4));
#4417 = VECTOR('',#4418,1.);
#4418 = DIRECTION('',(-1.,1.224646799147E-16,0.));
#4419 = ORIENTED_EDGE('',*,*,#4420,.T.);
#4420 = EDGE_CURVE('',#4413,#3320,#4421,.T.);
#4421 = LINE('',#4422,#4423);
#4422 = CARTESIAN_POINT('',(2.353333333333,0.146666666667,
    -3.373333333333));
#4423 = VECTOR('',#4424,1.);
#4424 = DIRECTION('',(-0.57735026919,0.57735026919,0.57735026919));
#4425 = ORIENTED_EDGE('',*,*,#3327,.F.);
#4426 = PLANE('',#4427);
#4427 = AXIS2_PLACEMENT_3D('',#4428,#4429,#4430);
#4428 = CARTESIAN_POINT('',(2.82,0.22,-3.3));
#4429 = DIRECTION('',(8.486018839685E-17,0.707106781187,-0.707106781187)
  );
#4430 = DIRECTION('',(-1.,1.212375546256E-16,1.227125289196E-18));
#4431 = ADVANCED_FACE('',(#4432),#4450,.F.);
#4432 = FACE_BOUND('',#4433,.T.);
#4433 = EDGE_LOOP('',(#4434,#4435,#4443,#4449));
#4434 = ORIENTED_EDGE('',*,*,#4420,.F.);
#4435 = ORIENTED_EDGE('',*,*,#4436,.T.);
#4436 = EDGE_CURVE('',#4413,#4437,#4439,.T.);
#4437 = VERTEX_POINT('',#4438);
#4438 = CARTESIAN_POINT('',(2.38,-0.12,-3.4));
#4439 = LINE('',#4440,#4441);
#4440 = CARTESIAN_POINT('',(2.38,0.32,-3.4));
#4441 = VECTOR('',#4442,1.);
#4442 = DIRECTION('',(-1.224646799147E-16,-1.,0.));
#4443 = ORIENTED_EDGE('',*,*,#4444,.T.);
#4444 = EDGE_CURVE('',#4437,#3342,#4445,.T.);
#4445 = LINE('',#4446,#4447);
#4446 = CARTESIAN_POINT('',(2.46,-4.E-02,-3.48));
#4447 = VECTOR('',#4448,1.);
#4448 = DIRECTION('',(-0.57735026919,-0.57735026919,0.57735026919));
#4449 = ORIENTED_EDGE('',*,*,#3341,.F.);
#4450 = PLANE('',#4451);
#4451 = AXIS2_PLACEMENT_3D('',#4452,#4453,#4454);
#4452 = CARTESIAN_POINT('',(2.28,0.32,-3.3));
#4453 = DIRECTION('',(0.707106781187,-8.833102285013E-17,0.707106781187)
  );
#4454 = DIRECTION('',(1.236918052038E-16,1.,1.227125289097E-18));
#4455 = ADVANCED_FACE('',(#4456),#4467,.T.);
#4456 = FACE_BOUND('',#4457,.F.);
#4457 = EDGE_LOOP('',(#4458,#4459,#4465,#4466));
#4458 = ORIENTED_EDGE('',*,*,#4396,.F.);
#4459 = ORIENTED_EDGE('',*,*,#4460,.T.);
#4460 = EDGE_CURVE('',#4389,#4437,#4461,.T.);
#4461 = LINE('',#4462,#4463);
#4462 = CARTESIAN_POINT('',(2.82,-0.12,-3.4));
#4463 = VECTOR('',#4464,1.);
#4464 = DIRECTION('',(-1.,1.224646799147E-16,0.));
#4465 = ORIENTED_EDGE('',*,*,#4444,.T.);
#4466 = ORIENTED_EDGE('',*,*,#3366,.F.);
#4467 = PLANE('',#4468);
#4468 = AXIS2_PLACEMENT_3D('',#4469,#4470,#4471);
#4469 = CARTESIAN_POINT('',(2.82,-0.22,-3.3));
#4470 = DIRECTION('',(-8.486018839685E-17,-0.707106781187,
    -0.707106781187));
#4471 = DIRECTION('',(1.,-1.212375546256E-16,1.227125289196E-18));
#4472 = ADVANCED_FACE('',(#4473),#4498,.T.);
#4473 = FACE_BOUND('',#4474,.F.);
#4474 = EDGE_LOOP('',(#4475,#4483,#4491,#4497));
#4475 = ORIENTED_EDGE('',*,*,#4476,.F.);
#4476 = EDGE_CURVE('',#4477,#3383,#4479,.T.);
#4477 = VERTEX_POINT('',#4478);
#4478 = CARTESIAN_POINT('',(5.12,0.12,-3.4));
#4479 = LINE('',#4480,#4481);
#4480 = CARTESIAN_POINT('',(5.253333333333,0.253333333333,
    -3.266666666667));
#4481 = VECTOR('',#4482,1.);
#4482 = DIRECTION('',(0.57735026919,0.57735026919,0.57735026919));
#4483 = ORIENTED_EDGE('',*,*,#4484,.T.);
#4484 = EDGE_CURVE('',#4477,#4485,#4487,.T.);
#4485 = VERTEX_POINT('',#4486);
#4486 = CARTESIAN_POINT('',(5.12,-0.12,-3.4));
#4487 = LINE('',#4488,#4489);
#4488 = CARTESIAN_POINT('',(5.12,0.32,-3.4));
#4489 = VECTOR('',#4490,1.);
#4490 = DIRECTION('',(-1.224646799147E-16,-1.,0.));
#4491 = ORIENTED_EDGE('',*,*,#4492,.T.);
#4492 = EDGE_CURVE('',#4485,#3385,#4493,.T.);
#4493 = LINE('',#4494,#4495);
#4494 = CARTESIAN_POINT('',(5.146666666667,-0.146666666667,
    -3.373333333333));
#4495 = VECTOR('',#4496,1.);
#4496 = DIRECTION('',(0.57735026919,-0.57735026919,0.57735026919));
#4497 = ORIENTED_EDGE('',*,*,#3382,.F.);
#4498 = PLANE('',#4499);
#4499 = AXIS2_PLACEMENT_3D('',#4500,#4501,#4502);
#4500 = CARTESIAN_POINT('',(5.22,0.32,-3.3));
#4501 = DIRECTION('',(0.707106781187,-8.486018839685E-17,-0.707106781187
    ));
#4502 = DIRECTION('',(1.212375546256E-16,1.,1.227125289196E-18));
#4503 = ADVANCED_FACE('',(#4504),#4522,.T.);
#4504 = FACE_BOUND('',#4505,.T.);
#4505 = EDGE_LOOP('',(#4506,#4507,#4515,#4521));
#4506 = ORIENTED_EDGE('',*,*,#4476,.F.);
#4507 = ORIENTED_EDGE('',*,*,#4508,.T.);
#4508 = EDGE_CURVE('',#4477,#4509,#4511,.T.);
#4509 = VERTEX_POINT('',#4510);
#4510 = CARTESIAN_POINT('',(4.88,0.12,-3.4));
#4511 = LINE('',#4512,#4513);
#4512 = CARTESIAN_POINT('',(5.32,0.12,-3.4));
#4513 = VECTOR('',#4514,1.);
#4514 = DIRECTION('',(-1.,1.224646799147E-16,0.));
#4515 = ORIENTED_EDGE('',*,*,#4516,.T.);
#4516 = EDGE_CURVE('',#4509,#3416,#4517,.T.);
#4517 = LINE('',#4518,#4519);
#4518 = CARTESIAN_POINT('',(4.853333333333,0.146666666667,
    -3.373333333333));
#4519 = VECTOR('',#4520,1.);
#4520 = DIRECTION('',(-0.57735026919,0.57735026919,0.57735026919));
#4521 = ORIENTED_EDGE('',*,*,#3423,.F.);
#4522 = PLANE('',#4523);
#4523 = AXIS2_PLACEMENT_3D('',#4524,#4525,#4526);
#4524 = CARTESIAN_POINT('',(5.32,0.22,-3.3));
#4525 = DIRECTION('',(8.486018839685E-17,0.707106781187,-0.707106781187)
  );
#4526 = DIRECTION('',(-1.,1.212375546256E-16,1.227125289196E-18));
#4527 = ADVANCED_FACE('',(#4528),#4546,.F.);
#4528 = FACE_BOUND('',#4529,.T.);
#4529 = EDGE_LOOP('',(#4530,#4531,#4539,#4545));
#4530 = ORIENTED_EDGE('',*,*,#4516,.F.);
#4531 = ORIENTED_EDGE('',*,*,#4532,.T.);
#4532 = EDGE_CURVE('',#4509,#4533,#4535,.T.);
#4533 = VERTEX_POINT('',#4534);
#4534 = CARTESIAN_POINT('',(4.88,-0.12,-3.4));
#4535 = LINE('',#4536,#4537);
#4536 = CARTESIAN_POINT('',(4.88,0.32,-3.4));
#4537 = VECTOR('',#4538,1.);
#4538 = DIRECTION('',(-1.224646799147E-16,-1.,0.));
#4539 = ORIENTED_EDGE('',*,*,#4540,.T.);
#4540 = EDGE_CURVE('',#4533,#3438,#4541,.T.);
#4541 = LINE('',#4542,#4543);
#4542 = CARTESIAN_POINT('',(4.96,-4.E-02,-3.48));
#4543 = VECTOR('',#4544,1.);
#4544 = DIRECTION('',(-0.57735026919,-0.57735026919,0.57735026919));
#4545 = ORIENTED_EDGE('',*,*,#3437,.F.);
#4546 = PLANE('',#4547);
#4547 = AXIS2_PLACEMENT_3D('',#4548,#4549,#4550);
#4548 = CARTESIAN_POINT('',(4.78,0.32,-3.3));
#4549 = DIRECTION('',(0.707106781187,-8.833102285013E-17,0.707106781187)
  );
#4550 = DIRECTION('',(1.236918052038E-16,1.,1.227125289097E-18));
#4551 = ADVANCED_FACE('',(#4552),#4563,.T.);
#4552 = FACE_BOUND('',#4553,.F.);
#4553 = EDGE_LOOP('',(#4554,#4555,#4561,#4562));
#4554 = ORIENTED_EDGE('',*,*,#4492,.F.);
#4555 = ORIENTED_EDGE('',*,*,#4556,.T.);
#4556 = EDGE_CURVE('',#4485,#4533,#4557,.T.);
#4557 = LINE('',#4558,#4559);
#4558 = CARTESIAN_POINT('',(5.32,-0.12,-3.4));
#4559 = VECTOR('',#4560,1.);
#4560 = DIRECTION('',(-1.,1.224646799147E-16,0.));
#4561 = ORIENTED_EDGE('',*,*,#4540,.T.);
#4562 = ORIENTED_EDGE('',*,*,#3462,.F.);
#4563 = PLANE('',#4564);
#4564 = AXIS2_PLACEMENT_3D('',#4565,#4566,#4567);
#4565 = CARTESIAN_POINT('',(5.32,-0.22,-3.3));
#4566 = DIRECTION('',(-8.486018839685E-17,-0.707106781187,
    -0.707106781187));
#4567 = DIRECTION('',(1.,-1.212375546256E-16,1.227125289196E-18));
#4568 = ADVANCED_FACE('',(#4569),#4594,.F.);
#4569 = FACE_BOUND('',#4570,.T.);
#4570 = EDGE_LOOP('',(#4571,#4579,#4587,#4593));
#4571 = ORIENTED_EDGE('',*,*,#4572,.F.);
#4572 = EDGE_CURVE('',#4573,#3479,#4575,.T.);
#4573 = VERTEX_POINT('',#4574);
#4574 = CARTESIAN_POINT('',(7.38,0.12,-3.4));
#4575 = LINE('',#4576,#4577);
#4576 = CARTESIAN_POINT('',(7.353333333333,0.146666666667,
    -3.373333333333));
#4577 = VECTOR('',#4578,1.);
#4578 = DIRECTION('',(-0.57735026919,0.57735026919,0.57735026919));
#4579 = ORIENTED_EDGE('',*,*,#4580,.T.);
#4580 = EDGE_CURVE('',#4573,#4581,#4583,.T.);
#4581 = VERTEX_POINT('',#4582);
#4582 = CARTESIAN_POINT('',(7.38,-0.12,-3.4));
#4583 = LINE('',#4584,#4585);
#4584 = CARTESIAN_POINT('',(7.38,0.32,-3.4));
#4585 = VECTOR('',#4586,1.);
#4586 = DIRECTION('',(-1.224646799147E-16,-1.,0.));
#4587 = ORIENTED_EDGE('',*,*,#4588,.T.);
#4588 = EDGE_CURVE('',#4581,#3481,#4589,.T.);
#4589 = LINE('',#4590,#4591);
#4590 = CARTESIAN_POINT('',(7.46,-4.E-02,-3.48));
#4591 = VECTOR('',#4592,1.);
#4592 = DIRECTION('',(-0.57735026919,-0.57735026919,0.57735026919));
#4593 = ORIENTED_EDGE('',*,*,#3478,.F.);
#4594 = PLANE('',#4595);
#4595 = AXIS2_PLACEMENT_3D('',#4596,#4597,#4598);
#4596 = CARTESIAN_POINT('',(7.28,0.32,-3.3));
#4597 = DIRECTION('',(0.707106781187,-8.833102285013E-17,0.707106781187)
  );
#4598 = DIRECTION('',(1.236918052038E-16,1.,1.227125289097E-18));
#4599 = ADVANCED_FACE('',(#4600),#4618,.T.);
#4600 = FACE_BOUND('',#4601,.F.);
#4601 = EDGE_LOOP('',(#4602,#4610,#4616,#4617));
#4602 = ORIENTED_EDGE('',*,*,#4603,.F.);
#4603 = EDGE_CURVE('',#4604,#3510,#4606,.T.);
#4604 = VERTEX_POINT('',#4605);
#4605 = CARTESIAN_POINT('',(7.62,-0.12,-3.4));
#4606 = LINE('',#4607,#4608);
#4607 = CARTESIAN_POINT('',(7.646666666667,-0.146666666667,
    -3.373333333333));
#4608 = VECTOR('',#4609,1.);
#4609 = DIRECTION('',(0.57735026919,-0.57735026919,0.57735026919));
#4610 = ORIENTED_EDGE('',*,*,#4611,.T.);
#4611 = EDGE_CURVE('',#4604,#4581,#4612,.T.);
#4612 = LINE('',#4613,#4614);
#4613 = CARTESIAN_POINT('',(7.82,-0.12,-3.4));
#4614 = VECTOR('',#4615,1.);
#4615 = DIRECTION('',(-1.,1.224646799147E-16,0.));
#4616 = ORIENTED_EDGE('',*,*,#4588,.T.);
#4617 = ORIENTED_EDGE('',*,*,#3517,.F.);
#4618 = PLANE('',#4619);
#4619 = AXIS2_PLACEMENT_3D('',#4620,#4621,#4622);
#4620 = CARTESIAN_POINT('',(7.82,-0.22,-3.3));
#4621 = DIRECTION('',(-8.486018839685E-17,-0.707106781187,
    -0.707106781187));
#4622 = DIRECTION('',(1.,-1.212375546256E-16,1.227125289196E-18));
#4623 = ADVANCED_FACE('',(#4624),#4642,.T.);
#4624 = FACE_BOUND('',#4625,.F.);
#4625 = EDGE_LOOP('',(#4626,#4634,#4640,#4641));
#4626 = ORIENTED_EDGE('',*,*,#4627,.F.);
#4627 = EDGE_CURVE('',#4628,#3534,#4630,.T.);
#4628 = VERTEX_POINT('',#4629);
#4629 = CARTESIAN_POINT('',(7.62,0.12,-3.4));
#4630 = LINE('',#4631,#4632);
#4631 = CARTESIAN_POINT('',(7.753333333333,0.253333333333,
    -3.266666666667));
#4632 = VECTOR('',#4633,1.);
#4633 = DIRECTION('',(0.57735026919,0.57735026919,0.57735026919));
#4634 = ORIENTED_EDGE('',*,*,#4635,.T.);
#4635 = EDGE_CURVE('',#4628,#4604,#4636,.T.);
#4636 = LINE('',#4637,#4638);
#4637 = CARTESIAN_POINT('',(7.62,0.32,-3.4));
#4638 = VECTOR('',#4639,1.);
#4639 = DIRECTION('',(-1.224646799147E-16,-1.,0.));
#4640 = ORIENTED_EDGE('',*,*,#4603,.T.);
#4641 = ORIENTED_EDGE('',*,*,#3533,.F.);
#4642 = PLANE('',#4643);
#4643 = AXIS2_PLACEMENT_3D('',#4644,#4645,#4646);
#4644 = CARTESIAN_POINT('',(7.72,0.32,-3.3));
#4645 = DIRECTION('',(0.707106781187,-8.486018839685E-17,-0.707106781187
    ));
#4646 = DIRECTION('',(1.212375546256E-16,1.,1.227125289196E-18));
#4647 = ADVANCED_FACE('',(#4648),#4659,.T.);
#4648 = FACE_BOUND('',#4649,.T.);
#4649 = EDGE_LOOP('',(#4650,#4651,#4657,#4658));
#4650 = ORIENTED_EDGE('',*,*,#4627,.F.);
#4651 = ORIENTED_EDGE('',*,*,#4652,.T.);
#4652 = EDGE_CURVE('',#4628,#4573,#4653,.T.);
#4653 = LINE('',#4654,#4655);
#4654 = CARTESIAN_POINT('',(7.82,0.12,-3.4));
#4655 = VECTOR('',#4656,1.);
#4656 = DIRECTION('',(-1.,1.224646799147E-16,0.));
#4657 = ORIENTED_EDGE('',*,*,#4572,.T.);
#4658 = ORIENTED_EDGE('',*,*,#3560,.F.);
#4659 = PLANE('',#4660);
#4660 = AXIS2_PLACEMENT_3D('',#4661,#4662,#4663);
#4661 = CARTESIAN_POINT('',(7.82,0.22,-3.3));
#4662 = DIRECTION('',(8.486018839685E-17,0.707106781187,-0.707106781187)
  );
#4663 = DIRECTION('',(-1.,1.212375546256E-16,1.227125289196E-18));
#4664 = ADVANCED_FACE('',(#4665),#4676,.F.);
#4665 = FACE_BOUND('',#4666,.F.);
#4666 = EDGE_LOOP('',(#4667,#4668,#4669,#4675));
#4667 = ORIENTED_EDGE('',*,*,#3591,.T.);
#4668 = ORIENTED_EDGE('',*,*,#3639,.T.);
#4669 = ORIENTED_EDGE('',*,*,#4670,.F.);
#4670 = EDGE_CURVE('',#3713,#3640,#4671,.T.);
#4671 = LINE('',#4672,#4673);
#4672 = CARTESIAN_POINT('',(10.32,0.62,-1.5));
#4673 = VECTOR('',#4674,1.);
#4674 = DIRECTION('',(-1.,1.224646799147E-16,0.));
#4675 = ORIENTED_EDGE('',*,*,#3712,.F.);
#4676 = PLANE('',#4677);
#4677 = AXIS2_PLACEMENT_3D('',#4678,#4679,#4680);
#4678 = CARTESIAN_POINT('',(10.32,0.32,-0.9));
#4679 = DIRECTION('',(-1.095357396528E-16,-0.894427191,-0.4472135955));
#4680 = DIRECTION('',(5.476786982641E-17,0.4472135955,-0.894427191));
#4681 = ADVANCED_FACE('',(#4682),#4723,.F.);
#4682 = FACE_BOUND('',#4683,.T.);
#4683 = EDGE_LOOP('',(#4684,#4694,#4702,#4710,#4716,#4717));
#4684 = ORIENTED_EDGE('',*,*,#4685,.F.);
#4685 = EDGE_CURVE('',#4686,#4688,#4690,.T.);
#4686 = VERTEX_POINT('',#4687);
#4687 = CARTESIAN_POINT('',(9.88,0.12,-3.4));
#4688 = VERTEX_POINT('',#4689);
#4689 = CARTESIAN_POINT('',(9.682447406934,0.351192514695,
    -3.202447406934));
#4690 = LINE('',#4691,#4692);
#4691 = CARTESIAN_POINT('',(9.846150901889,0.159613036666,
    -3.366150901889));
#4692 = VECTOR('',#4693,1.);
#4693 = DIRECTION('',(-0.544770019249,0.63753529491,0.544770019249));
#4694 = ORIENTED_EDGE('',*,*,#4695,.T.);
#4695 = EDGE_CURVE('',#4686,#4696,#4698,.T.);
#4696 = VERTEX_POINT('',#4697);
#4697 = CARTESIAN_POINT('',(9.88,-0.12,-3.4));
#4698 = LINE('',#4699,#4700);
#4699 = CARTESIAN_POINT('',(9.88,0.32,-3.4));
#4700 = VECTOR('',#4701,1.);
#4701 = DIRECTION('',(-1.224646799147E-16,-1.,0.));
#4702 = ORIENTED_EDGE('',*,*,#4703,.T.);
#4703 = EDGE_CURVE('',#4696,#4704,#4706,.T.);
#4704 = VERTEX_POINT('',#4705);
#4705 = CARTESIAN_POINT('',(9.682447406934,-0.288807485305,
    -3.202447406934));
#4706 = LINE('',#4707,#4708);
#4707 = CARTESIAN_POINT('',(9.961511443392,-5.034896900541E-02,
    -3.481511443392));
#4708 = VECTOR('',#4709,1.);
#4709 = DIRECTION('',(-0.605209817607,-0.517148096144,0.605209817607));
#4710 = ORIENTED_EDGE('',*,*,#4711,.T.);
#4711 = EDGE_CURVE('',#4704,#3608,#4712,.T.);
#4712 = LINE('',#4713,#4714);
#4713 = CARTESIAN_POINT('',(9.914309165527,-0.325417236662,
    -3.434309165527));
#4714 = VECTOR('',#4715,1.);
#4715 = DIRECTION('',(-0.702740385383,0.110959008218,0.702740385383));
#4716 = ORIENTED_EDGE('',*,*,#3605,.F.);
#4717 = ORIENTED_EDGE('',*,*,#4718,.F.);
#4718 = EDGE_CURVE('',#4688,#3606,#4719,.T.);
#4719 = LINE('',#4720,#4721);
#4720 = CARTESIAN_POINT('',(9.458413132695,0.386566347469,
    -2.978413132695));
#4721 = VECTOR('',#4722,1.);
#4722 = DIRECTION('',(-0.702740385383,0.110959008218,0.702740385383));
#4723 = PLANE('',#4724);
#4724 = AXIS2_PLACEMENT_3D('',#4725,#4726,#4727);
#4725 = CARTESIAN_POINT('',(9.78,0.32,-3.3));
#4726 = DIRECTION('',(0.707106781187,-8.833102285013E-17,0.707106781187)
  );
#4727 = DIRECTION('',(1.236918052038E-16,1.,1.227125289097E-18));
#4728 = ADVANCED_FACE('',(#4729),#4749,.F.);
#4729 = FACE_BOUND('',#4730,.F.);
#4730 = EDGE_LOOP('',(#4731,#4732,#4733,#4734,#4735,#4743));
#4731 = ORIENTED_EDGE('',*,*,#3720,.F.);
#4732 = ORIENTED_EDGE('',*,*,#4670,.T.);
#4733 = ORIENTED_EDGE('',*,*,#3647,.T.);
#4734 = ORIENTED_EDGE('',*,*,#4718,.F.);
#4735 = ORIENTED_EDGE('',*,*,#4736,.F.);
#4736 = EDGE_CURVE('',#4737,#4688,#4739,.T.);
#4737 = VERTEX_POINT('',#4738);
#4738 = CARTESIAN_POINT('',(10.317552593066,0.351192514695,
    -3.202447406934));
#4739 = LINE('',#4740,#4741);
#4740 = CARTESIAN_POINT('',(10.32,0.351192514695,-3.202447406934));
#4741 = VECTOR('',#4742,1.);
#4742 = DIRECTION('',(-1.,1.224646799147E-16,0.));
#4743 = ORIENTED_EDGE('',*,*,#4744,.T.);
#4744 = EDGE_CURVE('',#4737,#3686,#4745,.T.);
#4745 = LINE('',#4746,#4747);
#4746 = CARTESIAN_POINT('',(10.699616963064,0.411518467852,
    -2.820383036936));
#4747 = VECTOR('',#4748,1.);
#4748 = DIRECTION('',(0.702740385383,0.110959008218,0.702740385383));
#4749 = PLANE('',#4750);
#4750 = AXIS2_PLACEMENT_3D('',#4751,#4752,#4753);
#4751 = CARTESIAN_POINT('',(10.32,0.62,-1.5));
#4752 = DIRECTION('',(-1.209660753807E-16,-0.987762965329,0.155962573473
    ));
#4753 = DIRECTION('',(-1.909990663905E-17,-0.155962573473,
    -0.987762965329));
#4754 = ADVANCED_FACE('',(#4755),#4766,.F.);
#4755 = FACE_BOUND('',#4756,.F.);
#4756 = EDGE_LOOP('',(#4757,#4763,#4764,#4765));
#4757 = ORIENTED_EDGE('',*,*,#4758,.T.);
#4758 = EDGE_CURVE('',#3696,#3616,#4759,.T.);
#4759 = LINE('',#4760,#4761);
#4760 = CARTESIAN_POINT('',(10.32,-2.E-02,-1.5));
#4761 = VECTOR('',#4762,1.);
#4762 = DIRECTION('',(-1.,1.224646799147E-16,0.));
#4763 = ORIENTED_EDGE('',*,*,#3623,.T.);
#4764 = ORIENTED_EDGE('',*,*,#3669,.F.);
#4765 = ORIENTED_EDGE('',*,*,#3703,.F.);
#4766 = PLANE('',#4767);
#4767 = AXIS2_PLACEMENT_3D('',#4768,#4769,#4770);
#4768 = CARTESIAN_POINT('',(10.32,-2.E-02,-1.5));
#4769 = DIRECTION('',(1.095357396528E-16,0.894427191,0.4472135955));
#4770 = DIRECTION('',(-5.476786982641E-17,-0.4472135955,0.894427191));
#4771 = ADVANCED_FACE('',(#4772),#4792,.F.);
#4772 = FACE_BOUND('',#4773,.F.);
#4773 = EDGE_LOOP('',(#4774,#4775,#4783,#4789,#4790,#4791));
#4774 = ORIENTED_EDGE('',*,*,#3695,.F.);
#4775 = ORIENTED_EDGE('',*,*,#4776,.F.);
#4776 = EDGE_CURVE('',#4777,#3688,#4779,.T.);
#4777 = VERTEX_POINT('',#4778);
#4778 = CARTESIAN_POINT('',(10.317552593066,-0.288807485305,
    -3.202447406934));
#4779 = LINE('',#4780,#4781);
#4780 = CARTESIAN_POINT('',(10.243720930233,-0.300465116279,
    -3.276279069767));
#4781 = VECTOR('',#4782,1.);
#4782 = DIRECTION('',(0.702740385383,0.110959008218,0.702740385383));
#4783 = ORIENTED_EDGE('',*,*,#4784,.T.);
#4784 = EDGE_CURVE('',#4777,#4704,#4785,.T.);
#4785 = LINE('',#4786,#4787);
#4786 = CARTESIAN_POINT('',(10.32,-0.288807485305,-3.202447406934));
#4787 = VECTOR('',#4788,1.);
#4788 = DIRECTION('',(-1.,1.224646799147E-16,0.));
#4789 = ORIENTED_EDGE('',*,*,#4711,.T.);
#4790 = ORIENTED_EDGE('',*,*,#3615,.T.);
#4791 = ORIENTED_EDGE('',*,*,#4758,.F.);
#4792 = PLANE('',#4793);
#4793 = AXIS2_PLACEMENT_3D('',#4794,#4795,#4796);
#4794 = CARTESIAN_POINT('',(10.32,-0.32,-3.4));
#4795 = DIRECTION('',(1.209660753807E-16,0.987762965329,-0.155962573473)
  );
#4796 = DIRECTION('',(1.909990663905E-17,0.155962573473,0.987762965329)
  );
#4797 = ADVANCED_FACE('',(#4798),#4825,.T.);
#4798 = FACE_BOUND('',#4799,.F.);
#4799 = EDGE_LOOP('',(#4800,#4808,#4816,#4822,#4823,#4824));
#4800 = ORIENTED_EDGE('',*,*,#4801,.F.);
#4801 = EDGE_CURVE('',#4802,#4737,#4804,.T.);
#4802 = VERTEX_POINT('',#4803);
#4803 = CARTESIAN_POINT('',(10.12,0.12,-3.4));
#4804 = LINE('',#4805,#4806);
#4805 = CARTESIAN_POINT('',(10.24881689775,0.270752273427,-3.27118310225
    ));
#4806 = VECTOR('',#4807,1.);
#4807 = DIRECTION('',(0.544770019249,0.63753529491,0.544770019249));
#4808 = ORIENTED_EDGE('',*,*,#4809,.T.);
#4809 = EDGE_CURVE('',#4802,#4810,#4812,.T.);
#4810 = VERTEX_POINT('',#4811);
#4811 = CARTESIAN_POINT('',(10.12,-0.12,-3.4));
#4812 = LINE('',#4813,#4814);
#4813 = CARTESIAN_POINT('',(10.12,0.32,-3.4));
#4814 = VECTOR('',#4815,1.);
#4815 = DIRECTION('',(-1.224646799147E-16,-1.,0.));
#4816 = ORIENTED_EDGE('',*,*,#4817,.T.);
#4817 = EDGE_CURVE('',#4810,#4777,#4818,.T.);
#4818 = LINE('',#4819,#4820);
#4819 = CARTESIAN_POINT('',(10.155697812072,-0.150503562587,
    -3.364302187928));
#4820 = VECTOR('',#4821,1.);
#4821 = DIRECTION('',(0.605209817607,-0.517148096144,0.605209817607));
#4822 = ORIENTED_EDGE('',*,*,#4776,.T.);
#4823 = ORIENTED_EDGE('',*,*,#3685,.F.);
#4824 = ORIENTED_EDGE('',*,*,#4744,.F.);
#4825 = PLANE('',#4826);
#4826 = AXIS2_PLACEMENT_3D('',#4827,#4828,#4829);
#4827 = CARTESIAN_POINT('',(10.22,0.32,-3.3));
#4828 = DIRECTION('',(0.707106781187,-8.486018839685E-17,-0.707106781187
    ));
#4829 = DIRECTION('',(1.212375546256E-16,1.,1.227125289196E-18));
#4830 = ADVANCED_FACE('',(#4831),#4837,.F.);
#4831 = FACE_BOUND('',#4832,.F.);
#4832 = EDGE_LOOP('',(#4833,#4834,#4835,#4836));
#4833 = ORIENTED_EDGE('',*,*,#3766,.F.);
#4834 = ORIENTED_EDGE('',*,*,#3742,.F.);
#4835 = ORIENTED_EDGE('',*,*,#3816,.T.);
#4836 = ORIENTED_EDGE('',*,*,#3797,.T.);
#4837 = PLANE('',#4838);
#4838 = AXIS2_PLACEMENT_3D('',#4839,#4840,#4841);
#4839 = CARTESIAN_POINT('',(5.32,-0.32,6.5));
#4840 = DIRECTION('',(-0.,0.,-1.));
#4841 = DIRECTION('',(1.224646799147E-16,1.,0.));
#4842 = ADVANCED_FACE('',(#4843),#4849,.F.);
#4843 = FACE_BOUND('',#4844,.F.);
#4844 = EDGE_LOOP('',(#4845,#4846,#4847,#4848));
#4845 = ORIENTED_EDGE('',*,*,#3910,.F.);
#4846 = ORIENTED_EDGE('',*,*,#3886,.F.);
#4847 = ORIENTED_EDGE('',*,*,#3871,.T.);
#4848 = ORIENTED_EDGE('',*,*,#3838,.T.);
#4849 = PLANE('',#4850);
#4850 = AXIS2_PLACEMENT_3D('',#4851,#4852,#4853);
#4851 = CARTESIAN_POINT('',(7.82,-0.32,6.5));
#4852 = DIRECTION('',(-0.,0.,-1.));
#4853 = DIRECTION('',(1.224646799147E-16,1.,0.));
#4854 = ADVANCED_FACE('',(#4855),#4861,.F.);
#4855 = FACE_BOUND('',#4856,.F.);
#4856 = EDGE_LOOP('',(#4857,#4858,#4859,#4860));
#4857 = ORIENTED_EDGE('',*,*,#3958,.F.);
#4858 = ORIENTED_EDGE('',*,*,#3934,.F.);
#4859 = ORIENTED_EDGE('',*,*,#4008,.T.);
#4860 = ORIENTED_EDGE('',*,*,#3989,.T.);
#4861 = PLANE('',#4862);
#4862 = AXIS2_PLACEMENT_3D('',#4863,#4864,#4865);
#4863 = CARTESIAN_POINT('',(2.82,-0.32,6.5));
#4864 = DIRECTION('',(-0.,0.,-1.));
#4865 = DIRECTION('',(1.224646799147E-16,1.,0.));
#4866 = ADVANCED_FACE('',(#4867),#4873,.F.);
#4867 = FACE_BOUND('',#4868,.F.);
#4868 = EDGE_LOOP('',(#4869,#4870,#4871,#4872));
#4869 = ORIENTED_EDGE('',*,*,#4087,.T.);
#4870 = ORIENTED_EDGE('',*,*,#4061,.T.);
#4871 = ORIENTED_EDGE('',*,*,#4030,.F.);
#4872 = ORIENTED_EDGE('',*,*,#4102,.F.);
#4873 = PLANE('',#4874);
#4874 = AXIS2_PLACEMENT_3D('',#4875,#4876,#4877);
#4875 = CARTESIAN_POINT('',(10.32,-0.32,6.5));
#4876 = DIRECTION('',(-0.,0.,-1.));
#4877 = DIRECTION('',(1.224646799147E-16,1.,0.));
#4878 = ADVANCED_FACE('',(#4879),#4885,.F.);
#4879 = FACE_BOUND('',#4880,.F.);
#4880 = EDGE_LOOP('',(#4881,#4882,#4883,#4884));
#4881 = ORIENTED_EDGE('',*,*,#4159,.T.);
#4882 = ORIENTED_EDGE('',*,*,#4126,.T.);
#4883 = ORIENTED_EDGE('',*,*,#4198,.F.);
#4884 = ORIENTED_EDGE('',*,*,#4174,.F.);
#4885 = PLANE('',#4886);
#4886 = AXIS2_PLACEMENT_3D('',#4887,#4888,#4889);
#4887 = CARTESIAN_POINT('',(0.32,-0.32,6.5));
#4888 = DIRECTION('',(-0.,0.,-1.));
#4889 = DIRECTION('',(1.224646799147E-16,1.,0.));
#4890 = ADVANCED_FACE('',(#4891),#4902,.T.);
#4891 = FACE_BOUND('',#4892,.T.);
#4892 = EDGE_LOOP('',(#4893,#4894,#4900,#4901));
#4893 = ORIENTED_EDGE('',*,*,#4347,.F.);
#4894 = ORIENTED_EDGE('',*,*,#4895,.T.);
#4895 = EDGE_CURVE('',#4348,#4215,#4896,.T.);
#4896 = LINE('',#4897,#4898);
#4897 = CARTESIAN_POINT('',(0.32,0.12,-3.4));
#4898 = VECTOR('',#4899,1.);
#4899 = DIRECTION('',(-1.,1.224646799147E-16,0.));
#4900 = ORIENTED_EDGE('',*,*,#4214,.T.);
#4901 = ORIENTED_EDGE('',*,*,#4270,.F.);
#4902 = PLANE('',#4903);
#4903 = AXIS2_PLACEMENT_3D('',#4904,#4905,#4906);
#4904 = CARTESIAN_POINT('',(0.32,0.235596257347,-3.301223703467));
#4905 = DIRECTION('',(8.302774088379E-17,0.64962967394,-0.760250805153)
  );
#4906 = DIRECTION('',(-1.,1.247195775152E-16,-2.638869166629E-18));
#4907 = ADVANCED_FACE('',(#4908),#4919,.F.);
#4908 = FACE_BOUND('',#4909,.F.);
#4909 = EDGE_LOOP('',(#4910,#4911,#4912,#4913));
#4910 = ORIENTED_EDGE('',*,*,#4355,.F.);
#4911 = ORIENTED_EDGE('',*,*,#4895,.T.);
#4912 = ORIENTED_EDGE('',*,*,#4224,.T.);
#4913 = ORIENTED_EDGE('',*,*,#4914,.F.);
#4914 = EDGE_CURVE('',#4356,#4225,#4915,.T.);
#4915 = LINE('',#4916,#4917);
#4916 = CARTESIAN_POINT('',(0.32,-0.12,-3.4));
#4917 = VECTOR('',#4918,1.);
#4918 = DIRECTION('',(-1.,1.224646799147E-16,0.));
#4919 = PLANE('',#4920);
#4920 = AXIS2_PLACEMENT_3D('',#4921,#4922,#4923);
#4921 = CARTESIAN_POINT('',(0.32,0.32,-3.4));
#4922 = DIRECTION('',(0.,0.,1.));
#4923 = DIRECTION('',(-1.224646799147E-16,-1.,0.));
#4924 = ADVANCED_FACE('',(#4925),#4931,.T.);
#4925 = FACE_BOUND('',#4926,.F.);
#4926 = EDGE_LOOP('',(#4927,#4928,#4929,#4930));
#4927 = ORIENTED_EDGE('',*,*,#4363,.F.);
#4928 = ORIENTED_EDGE('',*,*,#4914,.T.);
#4929 = ORIENTED_EDGE('',*,*,#4232,.T.);
#4930 = ORIENTED_EDGE('',*,*,#4330,.F.);
#4931 = PLANE('',#4932);
#4932 = AXIS2_PLACEMENT_3D('',#4933,#4934,#4935);
#4933 = CARTESIAN_POINT('',(0.32,-0.204403742653,-3.301223703467));
#4934 = DIRECTION('',(-9.310387150808E-17,-0.760250805153,-0.64962967394
    ));
#4935 = DIRECTION('',(1.,-1.224646799148E-16,-5.515485002448E-29));
#4936 = ADVANCED_FACE('',(#4937),#4943,.F.);
#4937 = FACE_BOUND('',#4938,.F.);
#4938 = EDGE_LOOP('',(#4939,#4940,#4941,#4942));
#4939 = ORIENTED_EDGE('',*,*,#4412,.T.);
#4940 = ORIENTED_EDGE('',*,*,#4436,.T.);
#4941 = ORIENTED_EDGE('',*,*,#4460,.F.);
#4942 = ORIENTED_EDGE('',*,*,#4388,.F.);
#4943 = PLANE('',#4944);
#4944 = AXIS2_PLACEMENT_3D('',#4945,#4946,#4947);
#4945 = CARTESIAN_POINT('',(2.82,0.32,-3.4));
#4946 = DIRECTION('',(0.,0.,1.));
#4947 = DIRECTION('',(-1.224646799147E-16,-1.,0.));
#4948 = ADVANCED_FACE('',(#4949),#4955,.F.);
#4949 = FACE_BOUND('',#4950,.F.);
#4950 = EDGE_LOOP('',(#4951,#4952,#4953,#4954));
#4951 = ORIENTED_EDGE('',*,*,#4508,.T.);
#4952 = ORIENTED_EDGE('',*,*,#4532,.T.);
#4953 = ORIENTED_EDGE('',*,*,#4556,.F.);
#4954 = ORIENTED_EDGE('',*,*,#4484,.F.);
#4955 = PLANE('',#4956);
#4956 = AXIS2_PLACEMENT_3D('',#4957,#4958,#4959);
#4957 = CARTESIAN_POINT('',(5.32,0.32,-3.4));
#4958 = DIRECTION('',(0.,0.,1.));
#4959 = DIRECTION('',(-1.224646799147E-16,-1.,0.));
#4960 = ADVANCED_FACE('',(#4961),#4967,.F.);
#4961 = FACE_BOUND('',#4962,.F.);
#4962 = EDGE_LOOP('',(#4963,#4964,#4965,#4966));
#4963 = ORIENTED_EDGE('',*,*,#4652,.T.);
#4964 = ORIENTED_EDGE('',*,*,#4580,.T.);
#4965 = ORIENTED_EDGE('',*,*,#4611,.F.);
#4966 = ORIENTED_EDGE('',*,*,#4635,.F.);
#4967 = PLANE('',#4968);
#4968 = AXIS2_PLACEMENT_3D('',#4969,#4970,#4971);
#4969 = CARTESIAN_POINT('',(7.82,0.32,-3.4));
#4970 = DIRECTION('',(0.,0.,1.));
#4971 = DIRECTION('',(-1.224646799147E-16,-1.,0.));
#4972 = ADVANCED_FACE('',(#4973),#4984,.T.);
#4973 = FACE_BOUND('',#4974,.T.);
#4974 = EDGE_LOOP('',(#4975,#4976,#4982,#4983));
#4975 = ORIENTED_EDGE('',*,*,#4801,.F.);
#4976 = ORIENTED_EDGE('',*,*,#4977,.T.);
#4977 = EDGE_CURVE('',#4802,#4686,#4978,.T.);
#4978 = LINE('',#4979,#4980);
#4979 = CARTESIAN_POINT('',(10.32,0.12,-3.4));
#4980 = VECTOR('',#4981,1.);
#4981 = DIRECTION('',(-1.,1.224646799147E-16,0.));
#4982 = ORIENTED_EDGE('',*,*,#4685,.T.);
#4983 = ORIENTED_EDGE('',*,*,#4736,.F.);
#4984 = PLANE('',#4985);
#4985 = AXIS2_PLACEMENT_3D('',#4986,#4987,#4988);
#4986 = CARTESIAN_POINT('',(10.32,0.235596257347,-3.301223703467));
#4987 = DIRECTION('',(8.302774088379E-17,0.64962967394,-0.760250805153)
  );
#4988 = DIRECTION('',(-1.,1.247195775152E-16,-2.638869166629E-18));
#4989 = ADVANCED_FACE('',(#4990),#5001,.F.);
#4990 = FACE_BOUND('',#4991,.F.);
#4991 = EDGE_LOOP('',(#4992,#4993,#4994,#4995));
#4992 = ORIENTED_EDGE('',*,*,#4809,.F.);
#4993 = ORIENTED_EDGE('',*,*,#4977,.T.);
#4994 = ORIENTED_EDGE('',*,*,#4695,.T.);
#4995 = ORIENTED_EDGE('',*,*,#4996,.F.);
#4996 = EDGE_CURVE('',#4810,#4696,#4997,.T.);
#4997 = LINE('',#4998,#4999);
#4998 = CARTESIAN_POINT('',(10.32,-0.12,-3.4));
#4999 = VECTOR('',#5000,1.);
#5000 = DIRECTION('',(-1.,1.224646799147E-16,0.));
#5001 = PLANE('',#5002);
#5002 = AXIS2_PLACEMENT_3D('',#5003,#5004,#5005);
#5003 = CARTESIAN_POINT('',(10.32,0.32,-3.4));
#5004 = DIRECTION('',(0.,0.,1.));
#5005 = DIRECTION('',(-1.224646799147E-16,-1.,0.));
#5006 = ADVANCED_FACE('',(#5007),#5013,.T.);
#5007 = FACE_BOUND('',#5008,.F.);
#5008 = EDGE_LOOP('',(#5009,#5010,#5011,#5012));
#5009 = ORIENTED_EDGE('',*,*,#4817,.F.);
#5010 = ORIENTED_EDGE('',*,*,#4996,.T.);
#5011 = ORIENTED_EDGE('',*,*,#4703,.T.);
#5012 = ORIENTED_EDGE('',*,*,#4784,.F.);
#5013 = PLANE('',#5014);
#5014 = AXIS2_PLACEMENT_3D('',#5015,#5016,#5017);
#5015 = CARTESIAN_POINT('',(10.32,-0.204403742653,-3.301223703467));
#5016 = DIRECTION('',(-9.310387150808E-17,-0.760250805153,-0.64962967394
    ));
#5017 = DIRECTION('',(1.,-1.224646799148E-16,-5.515485002448E-29));
#5018 = ( GEOMETRIC_REPRESENTATION_CONTEXT(3) 
GLOBAL_UNCERTAINTY_ASSIGNED_CONTEXT((#5022)) 
GLOBAL_UNIT_ASSIGNED_CONTEXT((#5019,#5020,#5021)) REPRESENTATION_CONTEXT
('Context #1','3D Context with UNIT and UNCERTAINTY') );
#5019 = ( LENGTH_UNIT() NAMED_UNIT(*) SI_UNIT(.MILLI.,.METRE.) );
#5020 = ( NAMED_UNIT(*) PLANE_ANGLE_UNIT() SI_UNIT($,.RADIAN.) );
#5021 = ( NAMED_UNIT(*) SI_UNIT($,.STERADIAN.) SOLID_ANGLE_UNIT() );
#5022 = UNCERTAINTY_MEASURE_WITH_UNIT(LENGTH_MEASURE(1.E-07),#5019,
  'distance_accuracy_value','confusion accuracy');
#5023 = CONTEXT_DEPENDENT_SHAPE_REPRESENTATION(#5024,#5026);
#5024 = ( REPRESENTATION_RELATIONSHIP('','',#148,#10) 
REPRESENTATION_RELATIONSHIP_WITH_TRANSFORMATION(#5025) 
SHAPE_REPRESENTATION_RELATIONSHIP() );
#5025 = ITEM_DEFINED_TRANSFORMATION('','',#11,#15);
#5026 = PRODUCT_DEFINITION_SHAPE('Placement','Placement of an item',
  #5027);
#5027 = NEXT_ASSEMBLY_USAGE_OCCURRENCE('1','J5','',#5,#143,$);
#5028 = PRODUCT_RELATED_PRODUCT_CATEGORY('part',$,(#145));
#5029 = SHAPE_DEFINITION_REPRESENTATION(#5030,#5036);
#5030 = PRODUCT_DEFINITION_SHAPE('','',#5031);
#5031 = PRODUCT_DEFINITION('design','',#5032,#5035);
#5032 = PRODUCT_DEFINITION_FORMATION('','',#5033);
#5033 = PRODUCT('C_0603_1608Metric','C_0603_1608Metric','',(#5034));
#5034 = PRODUCT_CONTEXT('',#2,'mechanical');
#5035 = PRODUCT_DEFINITION_CONTEXT('part definition',#2,'design');
#5036 = ADVANCED_BREP_SHAPE_REPRESENTATION('',(#11,#5037),#5891);
#5037 = MANIFOLD_SOLID_BREP('',#5038);
#5038 = CLOSED_SHELL('',(#5039,#5115,#5146,#5171,#5196,#5220,#5244,#5269
    ,#5294,#5311,#5397,#5429,#5453,#5478,#5502,#5527,#5551,#5576,#5593,
    #5679,#5710,#5735,#5760,#5784,#5808,#5833,#5858,#5875));
#5039 = ADVANCED_FACE('',(#5040),#5110,.F.);
#5040 = FACE_BOUND('',#5041,.F.);
#5041 = EDGE_LOOP('',(#5042,#5052,#5061,#5069,#5078,#5086,#5095,#5103));
#5042 = ORIENTED_EDGE('',*,*,#5043,.F.);
#5043 = EDGE_CURVE('',#5044,#5046,#5048,.T.);
#5044 = VERTEX_POINT('',#5045);
#5045 = CARTESIAN_POINT('',(-0.8,-0.4,3.E-02));
#5046 = VERTEX_POINT('',#5047);
#5047 = CARTESIAN_POINT('',(-0.8,-0.4,0.77));
#5048 = LINE('',#5049,#5050);
#5049 = CARTESIAN_POINT('',(-0.8,-0.4,0.));
#5050 = VECTOR('',#5051,1.);
#5051 = DIRECTION('',(0.,0.,1.));
#5052 = ORIENTED_EDGE('',*,*,#5053,.T.);
#5053 = EDGE_CURVE('',#5044,#5054,#5056,.T.);
#5054 = VERTEX_POINT('',#5055);
#5055 = CARTESIAN_POINT('',(-0.8,-0.37,0.));
#5056 = CIRCLE('',#5057,3.E-02);
#5057 = AXIS2_PLACEMENT_3D('',#5058,#5059,#5060);
#5058 = CARTESIAN_POINT('',(-0.8,-0.37,3.E-02));
#5059 = DIRECTION('',(1.,0.,-0.));
#5060 = DIRECTION('',(0.,0.,1.));
#5061 = ORIENTED_EDGE('',*,*,#5062,.T.);
#5062 = EDGE_CURVE('',#5054,#5063,#5065,.T.);
#5063 = VERTEX_POINT('',#5064);
#5064 = CARTESIAN_POINT('',(-0.8,0.37,0.));
#5065 = LINE('',#5066,#5067);
#5066 = CARTESIAN_POINT('',(-0.8,-0.4,0.));
#5067 = VECTOR('',#5068,1.);
#5068 = DIRECTION('',(0.,1.,0.));
#5069 = ORIENTED_EDGE('',*,*,#5070,.F.);
#5070 = EDGE_CURVE('',#5071,#5063,#5073,.T.);
#5071 = VERTEX_POINT('',#5072);
#5072 = CARTESIAN_POINT('',(-0.8,0.4,3.E-02));
#5073 = CIRCLE('',#5074,3.E-02);
#5074 = AXIS2_PLACEMENT_3D('',#5075,#5076,#5077);
#5075 = CARTESIAN_POINT('',(-0.8,0.37,3.E-02));
#5076 = DIRECTION('',(-1.,0.,0.));
#5077 = DIRECTION('',(0.,0.,1.));
#5078 = ORIENTED_EDGE('',*,*,#5079,.T.);
#5079 = EDGE_CURVE('',#5071,#5080,#5082,.T.);
#5080 = VERTEX_POINT('',#5081);
#5081 = CARTESIAN_POINT('',(-0.8,0.4,0.77));
#5082 = LINE('',#5083,#5084);
#5083 = CARTESIAN_POINT('',(-0.8,0.4,0.));
#5084 = VECTOR('',#5085,1.);
#5085 = DIRECTION('',(0.,0.,1.));
#5086 = ORIENTED_EDGE('',*,*,#5087,.T.);
#5087 = EDGE_CURVE('',#5080,#5088,#5090,.T.);
#5088 = VERTEX_POINT('',#5089);
#5089 = CARTESIAN_POINT('',(-0.8,0.37,0.8));
#5090 = CIRCLE('',#5091,3.E-02);
#5091 = AXIS2_PLACEMENT_3D('',#5092,#5093,#5094);
#5092 = CARTESIAN_POINT('',(-0.8,0.37,0.77));
#5093 = DIRECTION('',(1.,0.,-0.));
#5094 = DIRECTION('',(0.,0.,1.));
#5095 = ORIENTED_EDGE('',*,*,#5096,.F.);
#5096 = EDGE_CURVE('',#5097,#5088,#5099,.T.);
#5097 = VERTEX_POINT('',#5098);
#5098 = CARTESIAN_POINT('',(-0.8,-0.37,0.8));
#5099 = LINE('',#5100,#5101);
#5100 = CARTESIAN_POINT('',(-0.8,-0.4,0.8));
#5101 = VECTOR('',#5102,1.);
#5102 = DIRECTION('',(0.,1.,0.));
#5103 = ORIENTED_EDGE('',*,*,#5104,.F.);
#5104 = EDGE_CURVE('',#5046,#5097,#5105,.T.);
#5105 = CIRCLE('',#5106,3.E-02);
#5106 = AXIS2_PLACEMENT_3D('',#5107,#5108,#5109);
#5107 = CARTESIAN_POINT('',(-0.8,-0.37,0.77));
#5108 = DIRECTION('',(-1.,0.,0.));
#5109 = DIRECTION('',(0.,0.,1.));
#5110 = PLANE('',#5111);
#5111 = AXIS2_PLACEMENT_3D('',#5112,#5113,#5114);
#5112 = CARTESIAN_POINT('',(-0.8,-0.4,0.));
#5113 = DIRECTION('',(1.,0.,0.));
#5114 = DIRECTION('',(0.,0.,1.));
#5115 = ADVANCED_FACE('',(#5116),#5141,.F.);
#5116 = FACE_BOUND('',#5117,.F.);
#5117 = EDGE_LOOP('',(#5118,#5128,#5134,#5135));
#5118 = ORIENTED_EDGE('',*,*,#5119,.F.);
#5119 = EDGE_CURVE('',#5120,#5122,#5124,.T.);
#5120 = VERTEX_POINT('',#5121);
#5121 = CARTESIAN_POINT('',(-0.5,-0.4,3.E-02));
#5122 = VERTEX_POINT('',#5123);
#5123 = CARTESIAN_POINT('',(-0.5,-0.4,0.77));
#5124 = LINE('',#5125,#5126);
#5125 = CARTESIAN_POINT('',(-0.5,-0.4,0.));
#5126 = VECTOR('',#5127,1.);
#5127 = DIRECTION('',(0.,0.,1.));
#5128 = ORIENTED_EDGE('',*,*,#5129,.F.);
#5129 = EDGE_CURVE('',#5044,#5120,#5130,.T.);
#5130 = LINE('',#5131,#5132);
#5131 = CARTESIAN_POINT('',(-0.8,-0.4,3.E-02));
#5132 = VECTOR('',#5133,1.);
#5133 = DIRECTION('',(1.,0.,0.));
#5134 = ORIENTED_EDGE('',*,*,#5043,.T.);
#5135 = ORIENTED_EDGE('',*,*,#5136,.T.);
#5136 = EDGE_CURVE('',#5046,#5122,#5137,.T.);
#5137 = LINE('',#5138,#5139);
#5138 = CARTESIAN_POINT('',(-0.8,-0.4,0.77));
#5139 = VECTOR('',#5140,1.);
#5140 = DIRECTION('',(1.,0.,0.));
#5141 = PLANE('',#5142);
#5142 = AXIS2_PLACEMENT_3D('',#5143,#5144,#5145);
#5143 = CARTESIAN_POINT('',(-0.8,-0.4,0.));
#5144 = DIRECTION('',(0.,1.,0.));
#5145 = DIRECTION('',(0.,-0.,1.));
#5146 = ADVANCED_FACE('',(#5147),#5166,.T.);
#5147 = FACE_BOUND('',#5148,.T.);
#5148 = EDGE_LOOP('',(#5149,#5150,#5158,#5165));
#5149 = ORIENTED_EDGE('',*,*,#5053,.T.);
#5150 = ORIENTED_EDGE('',*,*,#5151,.T.);
#5151 = EDGE_CURVE('',#5054,#5152,#5154,.T.);
#5152 = VERTEX_POINT('',#5153);
#5153 = CARTESIAN_POINT('',(-0.5,-0.37,0.));
#5154 = LINE('',#5155,#5156);
#5155 = CARTESIAN_POINT('',(-0.8,-0.37,0.));
#5156 = VECTOR('',#5157,1.);
#5157 = DIRECTION('',(1.,0.,0.));
#5158 = ORIENTED_EDGE('',*,*,#5159,.F.);
#5159 = EDGE_CURVE('',#5120,#5152,#5160,.T.);
#5160 = CIRCLE('',#5161,3.E-02);
#5161 = AXIS2_PLACEMENT_3D('',#5162,#5163,#5164);
#5162 = CARTESIAN_POINT('',(-0.5,-0.37,3.E-02));
#5163 = DIRECTION('',(1.,0.,-0.));
#5164 = DIRECTION('',(0.,0.,1.));
#5165 = ORIENTED_EDGE('',*,*,#5129,.F.);
#5166 = CYLINDRICAL_SURFACE('',#5167,3.E-02);
#5167 = AXIS2_PLACEMENT_3D('',#5168,#5169,#5170);
#5168 = CARTESIAN_POINT('',(-0.8,-0.37,3.E-02));
#5169 = DIRECTION('',(1.,0.,0.));
#5170 = DIRECTION('',(0.,-1.,0.));
#5171 = ADVANCED_FACE('',(#5172),#5191,.T.);
#5172 = FACE_BOUND('',#5173,.T.);
#5173 = EDGE_LOOP('',(#5174,#5175,#5184,#5190));
#5174 = ORIENTED_EDGE('',*,*,#5136,.T.);
#5175 = ORIENTED_EDGE('',*,*,#5176,.T.);
#5176 = EDGE_CURVE('',#5122,#5177,#5179,.T.);
#5177 = VERTEX_POINT('',#5178);
#5178 = CARTESIAN_POINT('',(-0.5,-0.37,0.8));
#5179 = CIRCLE('',#5180,3.E-02);
#5180 = AXIS2_PLACEMENT_3D('',#5181,#5182,#5183);
#5181 = CARTESIAN_POINT('',(-0.5,-0.37,0.77));
#5182 = DIRECTION('',(-1.,0.,0.));
#5183 = DIRECTION('',(0.,0.,1.));
#5184 = ORIENTED_EDGE('',*,*,#5185,.F.);
#5185 = EDGE_CURVE('',#5097,#5177,#5186,.T.);
#5186 = LINE('',#5187,#5188);
#5187 = CARTESIAN_POINT('',(-0.8,-0.37,0.8));
#5188 = VECTOR('',#5189,1.);
#5189 = DIRECTION('',(1.,0.,0.));
#5190 = ORIENTED_EDGE('',*,*,#5104,.F.);
#5191 = CYLINDRICAL_SURFACE('',#5192,3.E-02);
#5192 = AXIS2_PLACEMENT_3D('',#5193,#5194,#5195);
#5193 = CARTESIAN_POINT('',(-0.8,-0.37,0.77));
#5194 = DIRECTION('',(1.,0.,0.));
#5195 = DIRECTION('',(0.,-1.,0.));
#5196 = ADVANCED_FACE('',(#5197),#5215,.F.);
#5197 = FACE_BOUND('',#5198,.F.);
#5198 = EDGE_LOOP('',(#5199,#5200,#5201,#5209));
#5199 = ORIENTED_EDGE('',*,*,#5062,.F.);
#5200 = ORIENTED_EDGE('',*,*,#5151,.T.);
#5201 = ORIENTED_EDGE('',*,*,#5202,.T.);
#5202 = EDGE_CURVE('',#5152,#5203,#5205,.T.);
#5203 = VERTEX_POINT('',#5204);
#5204 = CARTESIAN_POINT('',(-0.5,0.37,0.));
#5205 = LINE('',#5206,#5207);
#5206 = CARTESIAN_POINT('',(-0.5,-0.4,0.));
#5207 = VECTOR('',#5208,1.);
#5208 = DIRECTION('',(0.,1.,0.));
#5209 = ORIENTED_EDGE('',*,*,#5210,.F.);
#5210 = EDGE_CURVE('',#5063,#5203,#5211,.T.);
#5211 = LINE('',#5212,#5213);
#5212 = CARTESIAN_POINT('',(-0.8,0.37,0.));
#5213 = VECTOR('',#5214,1.);
#5214 = DIRECTION('',(1.,0.,0.));
#5215 = PLANE('',#5216);
#5216 = AXIS2_PLACEMENT_3D('',#5217,#5218,#5219);
#5217 = CARTESIAN_POINT('',(-0.8,-0.4,0.));
#5218 = DIRECTION('',(0.,0.,1.));
#5219 = DIRECTION('',(1.,0.,-0.));
#5220 = ADVANCED_FACE('',(#5221),#5239,.T.);
#5221 = FACE_BOUND('',#5222,.T.);
#5222 = EDGE_LOOP('',(#5223,#5224,#5225,#5233));
#5223 = ORIENTED_EDGE('',*,*,#5096,.F.);
#5224 = ORIENTED_EDGE('',*,*,#5185,.T.);
#5225 = ORIENTED_EDGE('',*,*,#5226,.T.);
#5226 = EDGE_CURVE('',#5177,#5227,#5229,.T.);
#5227 = VERTEX_POINT('',#5228);
#5228 = CARTESIAN_POINT('',(-0.5,0.37,0.8));
#5229 = LINE('',#5230,#5231);
#5230 = CARTESIAN_POINT('',(-0.5,-0.4,0.8));
#5231 = VECTOR('',#5232,1.);
#5232 = DIRECTION('',(0.,1.,0.));
#5233 = ORIENTED_EDGE('',*,*,#5234,.F.);
#5234 = EDGE_CURVE('',#5088,#5227,#5235,.T.);
#5235 = LINE('',#5236,#5237);
#5236 = CARTESIAN_POINT('',(-0.8,0.37,0.8));
#5237 = VECTOR('',#5238,1.);
#5238 = DIRECTION('',(1.,0.,0.));
#5239 = PLANE('',#5240);
#5240 = AXIS2_PLACEMENT_3D('',#5241,#5242,#5243);
#5241 = CARTESIAN_POINT('',(-0.8,-0.4,0.8));
#5242 = DIRECTION('',(0.,0.,1.));
#5243 = DIRECTION('',(1.,0.,-0.));
#5244 = ADVANCED_FACE('',(#5245),#5264,.T.);
#5245 = FACE_BOUND('',#5246,.T.);
#5246 = EDGE_LOOP('',(#5247,#5255,#5262,#5263));
#5247 = ORIENTED_EDGE('',*,*,#5248,.T.);
#5248 = EDGE_CURVE('',#5071,#5249,#5251,.T.);
#5249 = VERTEX_POINT('',#5250);
#5250 = CARTESIAN_POINT('',(-0.5,0.4,3.E-02));
#5251 = LINE('',#5252,#5253);
#5252 = CARTESIAN_POINT('',(-0.8,0.4,3.E-02));
#5253 = VECTOR('',#5254,1.);
#5254 = DIRECTION('',(1.,0.,0.));
#5255 = ORIENTED_EDGE('',*,*,#5256,.T.);
#5256 = EDGE_CURVE('',#5249,#5203,#5257,.T.);
#5257 = CIRCLE('',#5258,3.E-02);
#5258 = AXIS2_PLACEMENT_3D('',#5259,#5260,#5261);
#5259 = CARTESIAN_POINT('',(-0.5,0.37,3.E-02));
#5260 = DIRECTION('',(-1.,0.,0.));
#5261 = DIRECTION('',(0.,0.,1.));
#5262 = ORIENTED_EDGE('',*,*,#5210,.F.);
#5263 = ORIENTED_EDGE('',*,*,#5070,.F.);
#5264 = CYLINDRICAL_SURFACE('',#5265,3.E-02);
#5265 = AXIS2_PLACEMENT_3D('',#5266,#5267,#5268);
#5266 = CARTESIAN_POINT('',(-0.8,0.37,3.E-02));
#5267 = DIRECTION('',(1.,0.,0.));
#5268 = DIRECTION('',(-0.,1.,0.));
#5269 = ADVANCED_FACE('',(#5270),#5289,.T.);
#5270 = FACE_BOUND('',#5271,.T.);
#5271 = EDGE_LOOP('',(#5272,#5273,#5274,#5283));
#5272 = ORIENTED_EDGE('',*,*,#5087,.T.);
#5273 = ORIENTED_EDGE('',*,*,#5234,.T.);
#5274 = ORIENTED_EDGE('',*,*,#5275,.F.);
#5275 = EDGE_CURVE('',#5276,#5227,#5278,.T.);
#5276 = VERTEX_POINT('',#5277);
#5277 = CARTESIAN_POINT('',(-0.5,0.4,0.77));
#5278 = CIRCLE('',#5279,3.E-02);
#5279 = AXIS2_PLACEMENT_3D('',#5280,#5281,#5282);
#5280 = CARTESIAN_POINT('',(-0.5,0.37,0.77));
#5281 = DIRECTION('',(1.,0.,-0.));
#5282 = DIRECTION('',(0.,0.,1.));
#5283 = ORIENTED_EDGE('',*,*,#5284,.F.);
#5284 = EDGE_CURVE('',#5080,#5276,#5285,.T.);
#5285 = LINE('',#5286,#5287);
#5286 = CARTESIAN_POINT('',(-0.8,0.4,0.77));
#5287 = VECTOR('',#5288,1.);
#5288 = DIRECTION('',(1.,0.,0.));
#5289 = CYLINDRICAL_SURFACE('',#5290,3.E-02);
#5290 = AXIS2_PLACEMENT_3D('',#5291,#5292,#5293);
#5291 = CARTESIAN_POINT('',(-0.8,0.37,0.77));
#5292 = DIRECTION('',(1.,0.,0.));
#5293 = DIRECTION('',(-0.,1.,0.));
#5294 = ADVANCED_FACE('',(#5295),#5306,.T.);
#5295 = FACE_BOUND('',#5296,.T.);
#5296 = EDGE_LOOP('',(#5297,#5303,#5304,#5305));
#5297 = ORIENTED_EDGE('',*,*,#5298,.F.);
#5298 = EDGE_CURVE('',#5249,#5276,#5299,.T.);
#5299 = LINE('',#5300,#5301);
#5300 = CARTESIAN_POINT('',(-0.5,0.4,0.));
#5301 = VECTOR('',#5302,1.);
#5302 = DIRECTION('',(0.,0.,1.));
#5303 = ORIENTED_EDGE('',*,*,#5248,.F.);
#5304 = ORIENTED_EDGE('',*,*,#5079,.T.);
#5305 = ORIENTED_EDGE('',*,*,#5284,.T.);
#5306 = PLANE('',#5307);
#5307 = AXIS2_PLACEMENT_3D('',#5308,#5309,#5310);
#5308 = CARTESIAN_POINT('',(-0.8,0.4,0.));
#5309 = DIRECTION('',(0.,1.,0.));
#5310 = DIRECTION('',(0.,-0.,1.));
#5311 = ADVANCED_FACE('',(#5312,#5322),#5392,.T.);
#5312 = FACE_BOUND('',#5313,.T.);
#5313 = EDGE_LOOP('',(#5314,#5315,#5316,#5317,#5318,#5319,#5320,#5321));
#5314 = ORIENTED_EDGE('',*,*,#5119,.F.);
#5315 = ORIENTED_EDGE('',*,*,#5159,.T.);
#5316 = ORIENTED_EDGE('',*,*,#5202,.T.);
#5317 = ORIENTED_EDGE('',*,*,#5256,.F.);
#5318 = ORIENTED_EDGE('',*,*,#5298,.T.);
#5319 = ORIENTED_EDGE('',*,*,#5275,.T.);
#5320 = ORIENTED_EDGE('',*,*,#5226,.F.);
#5321 = ORIENTED_EDGE('',*,*,#5176,.F.);
#5322 = FACE_BOUND('',#5323,.T.);
#5323 = EDGE_LOOP('',(#5324,#5335,#5343,#5352,#5360,#5369,#5377,#5386));
#5324 = ORIENTED_EDGE('',*,*,#5325,.F.);
#5325 = EDGE_CURVE('',#5326,#5328,#5330,.T.);
#5326 = VERTEX_POINT('',#5327);
#5327 = CARTESIAN_POINT('',(-0.5,-0.37,6.E-02));
#5328 = VERTEX_POINT('',#5329);
#5329 = CARTESIAN_POINT('',(-0.5,-0.34,3.E-02));
#5330 = CIRCLE('',#5331,3.E-02);
#5331 = AXIS2_PLACEMENT_3D('',#5332,#5333,#5334);
#5332 = CARTESIAN_POINT('',(-0.5,-0.34,6.E-02));
#5333 = DIRECTION('',(1.,0.,-0.));
#5334 = DIRECTION('',(0.,0.,1.));
#5335 = ORIENTED_EDGE('',*,*,#5336,.T.);
#5336 = EDGE_CURVE('',#5326,#5337,#5339,.T.);
#5337 = VERTEX_POINT('',#5338);
#5338 = CARTESIAN_POINT('',(-0.5,-0.37,0.74));
#5339 = LINE('',#5340,#5341);
#5340 = CARTESIAN_POINT('',(-0.5,-0.37,3.E-02));
#5341 = VECTOR('',#5342,1.);
#5342 = DIRECTION('',(0.,0.,1.));
#5343 = ORIENTED_EDGE('',*,*,#5344,.T.);
#5344 = EDGE_CURVE('',#5337,#5345,#5347,.T.);
#5345 = VERTEX_POINT('',#5346);
#5346 = CARTESIAN_POINT('',(-0.5,-0.34,0.77));
#5347 = CIRCLE('',#5348,3.E-02);
#5348 = AXIS2_PLACEMENT_3D('',#5349,#5350,#5351);
#5349 = CARTESIAN_POINT('',(-0.5,-0.34,0.74));
#5350 = DIRECTION('',(-1.,0.,0.));
#5351 = DIRECTION('',(0.,0.,1.));
#5352 = ORIENTED_EDGE('',*,*,#5353,.T.);
#5353 = EDGE_CURVE('',#5345,#5354,#5356,.T.);
#5354 = VERTEX_POINT('',#5355);
#5355 = CARTESIAN_POINT('',(-0.5,0.34,0.77));
#5356 = LINE('',#5357,#5358);
#5357 = CARTESIAN_POINT('',(-0.5,-0.37,0.77));
#5358 = VECTOR('',#5359,1.);
#5359 = DIRECTION('',(0.,1.,0.));
#5360 = ORIENTED_EDGE('',*,*,#5361,.F.);
#5361 = EDGE_CURVE('',#5362,#5354,#5364,.T.);
#5362 = VERTEX_POINT('',#5363);
#5363 = CARTESIAN_POINT('',(-0.5,0.37,0.74));
#5364 = CIRCLE('',#5365,3.E-02);
#5365 = AXIS2_PLACEMENT_3D('',#5366,#5367,#5368);
#5366 = CARTESIAN_POINT('',(-0.5,0.34,0.74));
#5367 = DIRECTION('',(1.,0.,-0.));
#5368 = DIRECTION('',(0.,0.,1.));
#5369 = ORIENTED_EDGE('',*,*,#5370,.F.);
#5370 = EDGE_CURVE('',#5371,#5362,#5373,.T.);
#5371 = VERTEX_POINT('',#5372);
#5372 = CARTESIAN_POINT('',(-0.5,0.37,6.E-02));
#5373 = LINE('',#5374,#5375);
#5374 = CARTESIAN_POINT('',(-0.5,0.37,3.E-02));
#5375 = VECTOR('',#5376,1.);
#5376 = DIRECTION('',(0.,0.,1.));
#5377 = ORIENTED_EDGE('',*,*,#5378,.T.);
#5378 = EDGE_CURVE('',#5371,#5379,#5381,.T.);
#5379 = VERTEX_POINT('',#5380);
#5380 = CARTESIAN_POINT('',(-0.5,0.34,3.E-02));
#5381 = CIRCLE('',#5382,3.E-02);
#5382 = AXIS2_PLACEMENT_3D('',#5383,#5384,#5385);
#5383 = CARTESIAN_POINT('',(-0.5,0.34,6.E-02));
#5384 = DIRECTION('',(-1.,0.,0.));
#5385 = DIRECTION('',(0.,0.,1.));
#5386 = ORIENTED_EDGE('',*,*,#5387,.F.);
#5387 = EDGE_CURVE('',#5328,#5379,#5388,.T.);
#5388 = LINE('',#5389,#5390);
#5389 = CARTESIAN_POINT('',(-0.5,-0.37,3.E-02));
#5390 = VECTOR('',#5391,1.);
#5391 = DIRECTION('',(0.,1.,0.));
#5392 = PLANE('',#5393);
#5393 = AXIS2_PLACEMENT_3D('',#5394,#5395,#5396);
#5394 = CARTESIAN_POINT('',(-0.5,-0.4,0.));
#5395 = DIRECTION('',(1.,0.,0.));
#5396 = DIRECTION('',(0.,0.,1.));
#5397 = ADVANCED_FACE('',(#5398),#5424,.T.);
#5398 = FACE_BOUND('',#5399,.T.);
#5399 = EDGE_LOOP('',(#5400,#5401,#5409,#5418));
#5400 = ORIENTED_EDGE('',*,*,#5325,.T.);
#5401 = ORIENTED_EDGE('',*,*,#5402,.T.);
#5402 = EDGE_CURVE('',#5328,#5403,#5405,.T.);
#5403 = VERTEX_POINT('',#5404);
#5404 = CARTESIAN_POINT('',(0.5,-0.34,3.E-02));
#5405 = LINE('',#5406,#5407);
#5406 = CARTESIAN_POINT('',(-0.5,-0.34,3.E-02));
#5407 = VECTOR('',#5408,1.);
#5408 = DIRECTION('',(1.,0.,0.));
#5409 = ORIENTED_EDGE('',*,*,#5410,.F.);
#5410 = EDGE_CURVE('',#5411,#5403,#5413,.T.);
#5411 = VERTEX_POINT('',#5412);
#5412 = CARTESIAN_POINT('',(0.5,-0.37,6.E-02));
#5413 = CIRCLE('',#5414,3.E-02);
#5414 = AXIS2_PLACEMENT_3D('',#5415,#5416,#5417);
#5415 = CARTESIAN_POINT('',(0.5,-0.34,6.E-02));
#5416 = DIRECTION('',(1.,0.,-0.));
#5417 = DIRECTION('',(0.,0.,1.));
#5418 = ORIENTED_EDGE('',*,*,#5419,.F.);
#5419 = EDGE_CURVE('',#5326,#5411,#5420,.T.);
#5420 = LINE('',#5421,#5422);
#5421 = CARTESIAN_POINT('',(-0.5,-0.37,6.E-02));
#5422 = VECTOR('',#5423,1.);
#5423 = DIRECTION('',(1.,0.,0.));
#5424 = CYLINDRICAL_SURFACE('',#5425,3.E-02);
#5425 = AXIS2_PLACEMENT_3D('',#5426,#5427,#5428);
#5426 = CARTESIAN_POINT('',(-0.5,-0.34,6.E-02));
#5427 = DIRECTION('',(1.,0.,0.));
#5428 = DIRECTION('',(0.,-1.,0.));
#5429 = ADVANCED_FACE('',(#5430),#5448,.F.);
#5430 = FACE_BOUND('',#5431,.F.);
#5431 = EDGE_LOOP('',(#5432,#5433,#5434,#5442));
#5432 = ORIENTED_EDGE('',*,*,#5387,.F.);
#5433 = ORIENTED_EDGE('',*,*,#5402,.T.);
#5434 = ORIENTED_EDGE('',*,*,#5435,.T.);
#5435 = EDGE_CURVE('',#5403,#5436,#5438,.T.);
#5436 = VERTEX_POINT('',#5437);
#5437 = CARTESIAN_POINT('',(0.5,0.34,3.E-02));
#5438 = LINE('',#5439,#5440);
#5439 = CARTESIAN_POINT('',(0.5,-0.37,3.E-02));
#5440 = VECTOR('',#5441,1.);
#5441 = DIRECTION('',(0.,1.,0.));
#5442 = ORIENTED_EDGE('',*,*,#5443,.F.);
#5443 = EDGE_CURVE('',#5379,#5436,#5444,.T.);
#5444 = LINE('',#5445,#5446);
#5445 = CARTESIAN_POINT('',(-0.5,0.34,3.E-02));
#5446 = VECTOR('',#5447,1.);
#5447 = DIRECTION('',(1.,0.,0.));
#5448 = PLANE('',#5449);
#5449 = AXIS2_PLACEMENT_3D('',#5450,#5451,#5452);
#5450 = CARTESIAN_POINT('',(-0.5,-0.37,3.E-02));
#5451 = DIRECTION('',(0.,0.,1.));
#5452 = DIRECTION('',(1.,0.,-0.));
#5453 = ADVANCED_FACE('',(#5454),#5473,.T.);
#5454 = FACE_BOUND('',#5455,.T.);
#5455 = EDGE_LOOP('',(#5456,#5464,#5471,#5472));
#5456 = ORIENTED_EDGE('',*,*,#5457,.T.);
#5457 = EDGE_CURVE('',#5371,#5458,#5460,.T.);
#5458 = VERTEX_POINT('',#5459);
#5459 = CARTESIAN_POINT('',(0.5,0.37,6.E-02));
#5460 = LINE('',#5461,#5462);
#5461 = CARTESIAN_POINT('',(-0.5,0.37,6.E-02));
#5462 = VECTOR('',#5463,1.);
#5463 = DIRECTION('',(1.,0.,0.));
#5464 = ORIENTED_EDGE('',*,*,#5465,.T.);
#5465 = EDGE_CURVE('',#5458,#5436,#5466,.T.);
#5466 = CIRCLE('',#5467,3.E-02);
#5467 = AXIS2_PLACEMENT_3D('',#5468,#5469,#5470);
#5468 = CARTESIAN_POINT('',(0.5,0.34,6.E-02));
#5469 = DIRECTION('',(-1.,0.,0.));
#5470 = DIRECTION('',(0.,0.,1.));
#5471 = ORIENTED_EDGE('',*,*,#5443,.F.);
#5472 = ORIENTED_EDGE('',*,*,#5378,.F.);
#5473 = CYLINDRICAL_SURFACE('',#5474,3.E-02);
#5474 = AXIS2_PLACEMENT_3D('',#5475,#5476,#5477);
#5475 = CARTESIAN_POINT('',(-0.5,0.34,6.E-02));
#5476 = DIRECTION('',(1.,0.,0.));
#5477 = DIRECTION('',(-0.,1.,0.));
#5478 = ADVANCED_FACE('',(#5479),#5497,.T.);
#5479 = FACE_BOUND('',#5480,.T.);
#5480 = EDGE_LOOP('',(#5481,#5489,#5490,#5491));
#5481 = ORIENTED_EDGE('',*,*,#5482,.F.);
#5482 = EDGE_CURVE('',#5458,#5483,#5485,.T.);
#5483 = VERTEX_POINT('',#5484);
#5484 = CARTESIAN_POINT('',(0.5,0.37,0.74));
#5485 = LINE('',#5486,#5487);
#5486 = CARTESIAN_POINT('',(0.5,0.37,3.E-02));
#5487 = VECTOR('',#5488,1.);
#5488 = DIRECTION('',(0.,0.,1.));
#5489 = ORIENTED_EDGE('',*,*,#5457,.F.);
#5490 = ORIENTED_EDGE('',*,*,#5370,.T.);
#5491 = ORIENTED_EDGE('',*,*,#5492,.T.);
#5492 = EDGE_CURVE('',#5362,#5483,#5493,.T.);
#5493 = LINE('',#5494,#5495);
#5494 = CARTESIAN_POINT('',(-0.5,0.37,0.74));
#5495 = VECTOR('',#5496,1.);
#5496 = DIRECTION('',(1.,0.,0.));
#5497 = PLANE('',#5498);
#5498 = AXIS2_PLACEMENT_3D('',#5499,#5500,#5501);
#5499 = CARTESIAN_POINT('',(-0.5,0.37,3.E-02));
#5500 = DIRECTION('',(0.,1.,0.));
#5501 = DIRECTION('',(0.,-0.,1.));
#5502 = ADVANCED_FACE('',(#5503),#5522,.T.);
#5503 = FACE_BOUND('',#5504,.T.);
#5504 = EDGE_LOOP('',(#5505,#5506,#5514,#5521));
#5505 = ORIENTED_EDGE('',*,*,#5361,.T.);
#5506 = ORIENTED_EDGE('',*,*,#5507,.T.);
#5507 = EDGE_CURVE('',#5354,#5508,#5510,.T.);
#5508 = VERTEX_POINT('',#5509);
#5509 = CARTESIAN_POINT('',(0.5,0.34,0.77));
#5510 = LINE('',#5511,#5512);
#5511 = CARTESIAN_POINT('',(-0.5,0.34,0.77));
#5512 = VECTOR('',#5513,1.);
#5513 = DIRECTION('',(1.,0.,0.));
#5514 = ORIENTED_EDGE('',*,*,#5515,.F.);
#5515 = EDGE_CURVE('',#5483,#5508,#5516,.T.);
#5516 = CIRCLE('',#5517,3.E-02);
#5517 = AXIS2_PLACEMENT_3D('',#5518,#5519,#5520);
#5518 = CARTESIAN_POINT('',(0.5,0.34,0.74));
#5519 = DIRECTION('',(1.,0.,-0.));
#5520 = DIRECTION('',(0.,0.,1.));
#5521 = ORIENTED_EDGE('',*,*,#5492,.F.);
#5522 = CYLINDRICAL_SURFACE('',#5523,3.E-02);
#5523 = AXIS2_PLACEMENT_3D('',#5524,#5525,#5526);
#5524 = CARTESIAN_POINT('',(-0.5,0.34,0.74));
#5525 = DIRECTION('',(1.,0.,0.));
#5526 = DIRECTION('',(-0.,1.,0.));
#5527 = ADVANCED_FACE('',(#5528),#5546,.T.);
#5528 = FACE_BOUND('',#5529,.T.);
#5529 = EDGE_LOOP('',(#5530,#5531,#5539,#5545));
#5530 = ORIENTED_EDGE('',*,*,#5353,.F.);
#5531 = ORIENTED_EDGE('',*,*,#5532,.T.);
#5532 = EDGE_CURVE('',#5345,#5533,#5535,.T.);
#5533 = VERTEX_POINT('',#5534);
#5534 = CARTESIAN_POINT('',(0.5,-0.34,0.77));
#5535 = LINE('',#5536,#5537);
#5536 = CARTESIAN_POINT('',(-0.5,-0.34,0.77));
#5537 = VECTOR('',#5538,1.);
#5538 = DIRECTION('',(1.,0.,0.));
#5539 = ORIENTED_EDGE('',*,*,#5540,.T.);
#5540 = EDGE_CURVE('',#5533,#5508,#5541,.T.);
#5541 = LINE('',#5542,#5543);
#5542 = CARTESIAN_POINT('',(0.5,-0.37,0.77));
#5543 = VECTOR('',#5544,1.);
#5544 = DIRECTION('',(0.,1.,0.));
#5545 = ORIENTED_EDGE('',*,*,#5507,.F.);
#5546 = PLANE('',#5547);
#5547 = AXIS2_PLACEMENT_3D('',#5548,#5549,#5550);
#5548 = CARTESIAN_POINT('',(-0.5,-0.37,0.77));
#5549 = DIRECTION('',(0.,0.,1.));
#5550 = DIRECTION('',(1.,0.,-0.));
#5551 = ADVANCED_FACE('',(#5552),#5571,.T.);
#5552 = FACE_BOUND('',#5553,.T.);
#5553 = EDGE_LOOP('',(#5554,#5562,#5569,#5570));
#5554 = ORIENTED_EDGE('',*,*,#5555,.T.);
#5555 = EDGE_CURVE('',#5337,#5556,#5558,.T.);
#5556 = VERTEX_POINT('',#5557);
#5557 = CARTESIAN_POINT('',(0.5,-0.37,0.74));
#5558 = LINE('',#5559,#5560);
#5559 = CARTESIAN_POINT('',(-0.5,-0.37,0.74));
#5560 = VECTOR('',#5561,1.);
#5561 = DIRECTION('',(1.,0.,0.));
#5562 = ORIENTED_EDGE('',*,*,#5563,.T.);
#5563 = EDGE_CURVE('',#5556,#5533,#5564,.T.);
#5564 = CIRCLE('',#5565,3.E-02);
#5565 = AXIS2_PLACEMENT_3D('',#5566,#5567,#5568);
#5566 = CARTESIAN_POINT('',(0.5,-0.34,0.74));
#5567 = DIRECTION('',(-1.,0.,0.));
#5568 = DIRECTION('',(0.,0.,1.));
#5569 = ORIENTED_EDGE('',*,*,#5532,.F.);
#5570 = ORIENTED_EDGE('',*,*,#5344,.F.);
#5571 = CYLINDRICAL_SURFACE('',#5572,3.E-02);
#5572 = AXIS2_PLACEMENT_3D('',#5573,#5574,#5575);
#5573 = CARTESIAN_POINT('',(-0.5,-0.34,0.74));
#5574 = DIRECTION('',(1.,0.,0.));
#5575 = DIRECTION('',(0.,-1.,0.));
#5576 = ADVANCED_FACE('',(#5577),#5588,.F.);
#5577 = FACE_BOUND('',#5578,.F.);
#5578 = EDGE_LOOP('',(#5579,#5585,#5586,#5587));
#5579 = ORIENTED_EDGE('',*,*,#5580,.F.);
#5580 = EDGE_CURVE('',#5411,#5556,#5581,.T.);
#5581 = LINE('',#5582,#5583);
#5582 = CARTESIAN_POINT('',(0.5,-0.37,3.E-02));
#5583 = VECTOR('',#5584,1.);
#5584 = DIRECTION('',(0.,0.,1.));
#5585 = ORIENTED_EDGE('',*,*,#5419,.F.);
#5586 = ORIENTED_EDGE('',*,*,#5336,.T.);
#5587 = ORIENTED_EDGE('',*,*,#5555,.T.);
#5588 = PLANE('',#5589);
#5589 = AXIS2_PLACEMENT_3D('',#5590,#5591,#5592);
#5590 = CARTESIAN_POINT('',(-0.5,-0.37,3.E-02));
#5591 = DIRECTION('',(0.,1.,0.));
#5592 = DIRECTION('',(0.,-0.,1.));
#5593 = ADVANCED_FACE('',(#5594,#5664),#5674,.F.);
#5594 = FACE_BOUND('',#5595,.F.);
#5595 = EDGE_LOOP('',(#5596,#5606,#5615,#5623,#5632,#5640,#5649,#5657));
#5596 = ORIENTED_EDGE('',*,*,#5597,.F.);
#5597 = EDGE_CURVE('',#5598,#5600,#5602,.T.);
#5598 = VERTEX_POINT('',#5599);
#5599 = CARTESIAN_POINT('',(0.5,-0.4,3.E-02));
#5600 = VERTEX_POINT('',#5601);
#5601 = CARTESIAN_POINT('',(0.5,-0.4,0.77));
#5602 = LINE('',#5603,#5604);
#5603 = CARTESIAN_POINT('',(0.5,-0.4,0.));
#5604 = VECTOR('',#5605,1.);
#5605 = DIRECTION('',(0.,0.,1.));
#5606 = ORIENTED_EDGE('',*,*,#5607,.T.);
#5607 = EDGE_CURVE('',#5598,#5608,#5610,.T.);
#5608 = VERTEX_POINT('',#5609);
#5609 = CARTESIAN_POINT('',(0.5,-0.37,0.));
#5610 = CIRCLE('',#5611,3.E-02);
#5611 = AXIS2_PLACEMENT_3D('',#5612,#5613,#5614);
#5612 = CARTESIAN_POINT('',(0.5,-0.37,3.E-02));
#5613 = DIRECTION('',(1.,0.,-0.));
#5614 = DIRECTION('',(0.,0.,1.));
#5615 = ORIENTED_EDGE('',*,*,#5616,.T.);
#5616 = EDGE_CURVE('',#5608,#5617,#5619,.T.);
#5617 = VERTEX_POINT('',#5618);
#5618 = CARTESIAN_POINT('',(0.5,0.37,0.));
#5619 = LINE('',#5620,#5621);
#5620 = CARTESIAN_POINT('',(0.5,-0.4,0.));
#5621 = VECTOR('',#5622,1.);
#5622 = DIRECTION('',(0.,1.,0.));
#5623 = ORIENTED_EDGE('',*,*,#5624,.F.);
#5624 = EDGE_CURVE('',#5625,#5617,#5627,.T.);
#5625 = VERTEX_POINT('',#5626);
#5626 = CARTESIAN_POINT('',(0.5,0.4,3.E-02));
#5627 = CIRCLE('',#5628,3.E-02);
#5628 = AXIS2_PLACEMENT_3D('',#5629,#5630,#5631);
#5629 = CARTESIAN_POINT('',(0.5,0.37,3.E-02));
#5630 = DIRECTION('',(-1.,0.,0.));
#5631 = DIRECTION('',(0.,0.,1.));
#5632 = ORIENTED_EDGE('',*,*,#5633,.T.);
#5633 = EDGE_CURVE('',#5625,#5634,#5636,.T.);
#5634 = VERTEX_POINT('',#5635);
#5635 = CARTESIAN_POINT('',(0.5,0.4,0.77));
#5636 = LINE('',#5637,#5638);
#5637 = CARTESIAN_POINT('',(0.5,0.4,0.));
#5638 = VECTOR('',#5639,1.);
#5639 = DIRECTION('',(0.,0.,1.));
#5640 = ORIENTED_EDGE('',*,*,#5641,.T.);
#5641 = EDGE_CURVE('',#5634,#5642,#5644,.T.);
#5642 = VERTEX_POINT('',#5643);
#5643 = CARTESIAN_POINT('',(0.5,0.37,0.8));
#5644 = CIRCLE('',#5645,3.E-02);
#5645 = AXIS2_PLACEMENT_3D('',#5646,#5647,#5648);
#5646 = CARTESIAN_POINT('',(0.5,0.37,0.77));
#5647 = DIRECTION('',(1.,0.,-0.));
#5648 = DIRECTION('',(0.,0.,1.));
#5649 = ORIENTED_EDGE('',*,*,#5650,.F.);
#5650 = EDGE_CURVE('',#5651,#5642,#5653,.T.);
#5651 = VERTEX_POINT('',#5652);
#5652 = CARTESIAN_POINT('',(0.5,-0.37,0.8));
#5653 = LINE('',#5654,#5655);
#5654 = CARTESIAN_POINT('',(0.5,-0.4,0.8));
#5655 = VECTOR('',#5656,1.);
#5656 = DIRECTION('',(0.,1.,0.));
#5657 = ORIENTED_EDGE('',*,*,#5658,.F.);
#5658 = EDGE_CURVE('',#5600,#5651,#5659,.T.);
#5659 = CIRCLE('',#5660,3.E-02);
#5660 = AXIS2_PLACEMENT_3D('',#5661,#5662,#5663);
#5661 = CARTESIAN_POINT('',(0.5,-0.37,0.77));
#5662 = DIRECTION('',(-1.,0.,0.));
#5663 = DIRECTION('',(0.,0.,1.));
#5664 = FACE_BOUND('',#5665,.F.);
#5665 = EDGE_LOOP('',(#5666,#5667,#5668,#5669,#5670,#5671,#5672,#5673));
#5666 = ORIENTED_EDGE('',*,*,#5410,.F.);
#5667 = ORIENTED_EDGE('',*,*,#5580,.T.);
#5668 = ORIENTED_EDGE('',*,*,#5563,.T.);
#5669 = ORIENTED_EDGE('',*,*,#5540,.T.);
#5670 = ORIENTED_EDGE('',*,*,#5515,.F.);
#5671 = ORIENTED_EDGE('',*,*,#5482,.F.);
#5672 = ORIENTED_EDGE('',*,*,#5465,.T.);
#5673 = ORIENTED_EDGE('',*,*,#5435,.F.);
#5674 = PLANE('',#5675);
#5675 = AXIS2_PLACEMENT_3D('',#5676,#5677,#5678);
#5676 = CARTESIAN_POINT('',(0.5,-0.4,0.));
#5677 = DIRECTION('',(1.,0.,0.));
#5678 = DIRECTION('',(0.,0.,1.));
#5679 = ADVANCED_FACE('',(#5680),#5705,.F.);
#5680 = FACE_BOUND('',#5681,.F.);
#5681 = EDGE_LOOP('',(#5682,#5692,#5698,#5699));
#5682 = ORIENTED_EDGE('',*,*,#5683,.F.);
#5683 = EDGE_CURVE('',#5684,#5686,#5688,.T.);
#5684 = VERTEX_POINT('',#5685);
#5685 = CARTESIAN_POINT('',(0.8,-0.4,3.E-02));
#5686 = VERTEX_POINT('',#5687);
#5687 = CARTESIAN_POINT('',(0.8,-0.4,0.77));
#5688 = LINE('',#5689,#5690);
#5689 = CARTESIAN_POINT('',(0.8,-0.4,0.));
#5690 = VECTOR('',#5691,1.);
#5691 = DIRECTION('',(0.,0.,1.));
#5692 = ORIENTED_EDGE('',*,*,#5693,.F.);
#5693 = EDGE_CURVE('',#5598,#5684,#5694,.T.);
#5694 = LINE('',#5695,#5696);
#5695 = CARTESIAN_POINT('',(0.5,-0.4,3.E-02));
#5696 = VECTOR('',#5697,1.);
#5697 = DIRECTION('',(1.,0.,0.));
#5698 = ORIENTED_EDGE('',*,*,#5597,.T.);
#5699 = ORIENTED_EDGE('',*,*,#5700,.T.);
#5700 = EDGE_CURVE('',#5600,#5686,#5701,.T.);
#5701 = LINE('',#5702,#5703);
#5702 = CARTESIAN_POINT('',(0.5,-0.4,0.77));
#5703 = VECTOR('',#5704,1.);
#5704 = DIRECTION('',(1.,0.,0.));
#5705 = PLANE('',#5706);
#5706 = AXIS2_PLACEMENT_3D('',#5707,#5708,#5709);
#5707 = CARTESIAN_POINT('',(0.5,-0.4,0.));
#5708 = DIRECTION('',(0.,1.,0.));
#5709 = DIRECTION('',(0.,-0.,1.));
#5710 = ADVANCED_FACE('',(#5711),#5730,.T.);
#5711 = FACE_BOUND('',#5712,.T.);
#5712 = EDGE_LOOP('',(#5713,#5714,#5722,#5729));
#5713 = ORIENTED_EDGE('',*,*,#5607,.T.);
#5714 = ORIENTED_EDGE('',*,*,#5715,.T.);
#5715 = EDGE_CURVE('',#5608,#5716,#5718,.T.);
#5716 = VERTEX_POINT('',#5717);
#5717 = CARTESIAN_POINT('',(0.8,-0.37,0.));
#5718 = LINE('',#5719,#5720);
#5719 = CARTESIAN_POINT('',(0.5,-0.37,0.));
#5720 = VECTOR('',#5721,1.);
#5721 = DIRECTION('',(1.,0.,0.));
#5722 = ORIENTED_EDGE('',*,*,#5723,.F.);
#5723 = EDGE_CURVE('',#5684,#5716,#5724,.T.);
#5724 = CIRCLE('',#5725,3.E-02);
#5725 = AXIS2_PLACEMENT_3D('',#5726,#5727,#5728);
#5726 = CARTESIAN_POINT('',(0.8,-0.37,3.E-02));
#5727 = DIRECTION('',(1.,0.,-0.));
#5728 = DIRECTION('',(0.,0.,1.));
#5729 = ORIENTED_EDGE('',*,*,#5693,.F.);
#5730 = CYLINDRICAL_SURFACE('',#5731,3.E-02);
#5731 = AXIS2_PLACEMENT_3D('',#5732,#5733,#5734);
#5732 = CARTESIAN_POINT('',(0.5,-0.37,3.E-02));
#5733 = DIRECTION('',(1.,0.,0.));
#5734 = DIRECTION('',(0.,-1.,0.));
#5735 = ADVANCED_FACE('',(#5736),#5755,.T.);
#5736 = FACE_BOUND('',#5737,.T.);
#5737 = EDGE_LOOP('',(#5738,#5739,#5748,#5754));
#5738 = ORIENTED_EDGE('',*,*,#5700,.T.);
#5739 = ORIENTED_EDGE('',*,*,#5740,.T.);
#5740 = EDGE_CURVE('',#5686,#5741,#5743,.T.);
#5741 = VERTEX_POINT('',#5742);
#5742 = CARTESIAN_POINT('',(0.8,-0.37,0.8));
#5743 = CIRCLE('',#5744,3.E-02);
#5744 = AXIS2_PLACEMENT_3D('',#5745,#5746,#5747);
#5745 = CARTESIAN_POINT('',(0.8,-0.37,0.77));
#5746 = DIRECTION('',(-1.,0.,0.));
#5747 = DIRECTION('',(0.,0.,1.));
#5748 = ORIENTED_EDGE('',*,*,#5749,.F.);
#5749 = EDGE_CURVE('',#5651,#5741,#5750,.T.);
#5750 = LINE('',#5751,#5752);
#5751 = CARTESIAN_POINT('',(0.5,-0.37,0.8));
#5752 = VECTOR('',#5753,1.);
#5753 = DIRECTION('',(1.,0.,0.));
#5754 = ORIENTED_EDGE('',*,*,#5658,.F.);
#5755 = CYLINDRICAL_SURFACE('',#5756,3.E-02);
#5756 = AXIS2_PLACEMENT_3D('',#5757,#5758,#5759);
#5757 = CARTESIAN_POINT('',(0.5,-0.37,0.77));
#5758 = DIRECTION('',(1.,0.,0.));
#5759 = DIRECTION('',(0.,-1.,0.));
#5760 = ADVANCED_FACE('',(#5761),#5779,.F.);
#5761 = FACE_BOUND('',#5762,.F.);
#5762 = EDGE_LOOP('',(#5763,#5764,#5765,#5773));
#5763 = ORIENTED_EDGE('',*,*,#5616,.F.);
#5764 = ORIENTED_EDGE('',*,*,#5715,.T.);
#5765 = ORIENTED_EDGE('',*,*,#5766,.T.);
#5766 = EDGE_CURVE('',#5716,#5767,#5769,.T.);
#5767 = VERTEX_POINT('',#5768);
#5768 = CARTESIAN_POINT('',(0.8,0.37,0.));
#5769 = LINE('',#5770,#5771);
#5770 = CARTESIAN_POINT('',(0.8,-0.4,0.));
#5771 = VECTOR('',#5772,1.);
#5772 = DIRECTION('',(0.,1.,0.));
#5773 = ORIENTED_EDGE('',*,*,#5774,.F.);
#5774 = EDGE_CURVE('',#5617,#5767,#5775,.T.);
#5775 = LINE('',#5776,#5777);
#5776 = CARTESIAN_POINT('',(0.5,0.37,0.));
#5777 = VECTOR('',#5778,1.);
#5778 = DIRECTION('',(1.,0.,0.));
#5779 = PLANE('',#5780);
#5780 = AXIS2_PLACEMENT_3D('',#5781,#5782,#5783);
#5781 = CARTESIAN_POINT('',(0.5,-0.4,0.));
#5782 = DIRECTION('',(0.,0.,1.));
#5783 = DIRECTION('',(1.,0.,-0.));
#5784 = ADVANCED_FACE('',(#5785),#5803,.T.);
#5785 = FACE_BOUND('',#5786,.T.);
#5786 = EDGE_LOOP('',(#5787,#5788,#5789,#5797));
#5787 = ORIENTED_EDGE('',*,*,#5650,.F.);
#5788 = ORIENTED_EDGE('',*,*,#5749,.T.);
#5789 = ORIENTED_EDGE('',*,*,#5790,.T.);
#5790 = EDGE_CURVE('',#5741,#5791,#5793,.T.);
#5791 = VERTEX_POINT('',#5792);
#5792 = CARTESIAN_POINT('',(0.8,0.37,0.8));
#5793 = LINE('',#5794,#5795);
#5794 = CARTESIAN_POINT('',(0.8,-0.4,0.8));
#5795 = VECTOR('',#5796,1.);
#5796 = DIRECTION('',(0.,1.,0.));
#5797 = ORIENTED_EDGE('',*,*,#5798,.F.);
#5798 = EDGE_CURVE('',#5642,#5791,#5799,.T.);
#5799 = LINE('',#5800,#5801);
#5800 = CARTESIAN_POINT('',(0.5,0.37,0.8));
#5801 = VECTOR('',#5802,1.);
#5802 = DIRECTION('',(1.,0.,0.));
#5803 = PLANE('',#5804);
#5804 = AXIS2_PLACEMENT_3D('',#5805,#5806,#5807);
#5805 = CARTESIAN_POINT('',(0.5,-0.4,0.8));
#5806 = DIRECTION('',(0.,0.,1.));
#5807 = DIRECTION('',(1.,0.,-0.));
#5808 = ADVANCED_FACE('',(#5809),#5828,.T.);
#5809 = FACE_BOUND('',#5810,.T.);
#5810 = EDGE_LOOP('',(#5811,#5819,#5826,#5827));
#5811 = ORIENTED_EDGE('',*,*,#5812,.T.);
#5812 = EDGE_CURVE('',#5625,#5813,#5815,.T.);
#5813 = VERTEX_POINT('',#5814);
#5814 = CARTESIAN_POINT('',(0.8,0.4,3.E-02));
#5815 = LINE('',#5816,#5817);
#5816 = CARTESIAN_POINT('',(0.5,0.4,3.E-02));
#5817 = VECTOR('',#5818,1.);
#5818 = DIRECTION('',(1.,0.,0.));
#5819 = ORIENTED_EDGE('',*,*,#5820,.T.);
#5820 = EDGE_CURVE('',#5813,#5767,#5821,.T.);
#5821 = CIRCLE('',#5822,3.E-02);
#5822 = AXIS2_PLACEMENT_3D('',#5823,#5824,#5825);
#5823 = CARTESIAN_POINT('',(0.8,0.37,3.E-02));
#5824 = DIRECTION('',(-1.,0.,0.));
#5825 = DIRECTION('',(0.,0.,1.));
#5826 = ORIENTED_EDGE('',*,*,#5774,.F.);
#5827 = ORIENTED_EDGE('',*,*,#5624,.F.);
#5828 = CYLINDRICAL_SURFACE('',#5829,3.E-02);
#5829 = AXIS2_PLACEMENT_3D('',#5830,#5831,#5832);
#5830 = CARTESIAN_POINT('',(0.5,0.37,3.E-02));
#5831 = DIRECTION('',(1.,0.,0.));
#5832 = DIRECTION('',(-0.,1.,0.));
#5833 = ADVANCED_FACE('',(#5834),#5853,.T.);
#5834 = FACE_BOUND('',#5835,.T.);
#5835 = EDGE_LOOP('',(#5836,#5837,#5838,#5847));
#5836 = ORIENTED_EDGE('',*,*,#5641,.T.);
#5837 = ORIENTED_EDGE('',*,*,#5798,.T.);
#5838 = ORIENTED_EDGE('',*,*,#5839,.F.);
#5839 = EDGE_CURVE('',#5840,#5791,#5842,.T.);
#5840 = VERTEX_POINT('',#5841);
#5841 = CARTESIAN_POINT('',(0.8,0.4,0.77));
#5842 = CIRCLE('',#5843,3.E-02);
#5843 = AXIS2_PLACEMENT_3D('',#5844,#5845,#5846);
#5844 = CARTESIAN_POINT('',(0.8,0.37,0.77));
#5845 = DIRECTION('',(1.,0.,-0.));
#5846 = DIRECTION('',(0.,0.,1.));
#5847 = ORIENTED_EDGE('',*,*,#5848,.F.);
#5848 = EDGE_CURVE('',#5634,#5840,#5849,.T.);
#5849 = LINE('',#5850,#5851);
#5850 = CARTESIAN_POINT('',(0.5,0.4,0.77));
#5851 = VECTOR('',#5852,1.);
#5852 = DIRECTION('',(1.,0.,0.));
#5853 = CYLINDRICAL_SURFACE('',#5854,3.E-02);
#5854 = AXIS2_PLACEMENT_3D('',#5855,#5856,#5857);
#5855 = CARTESIAN_POINT('',(0.5,0.37,0.77));
#5856 = DIRECTION('',(1.,0.,0.));
#5857 = DIRECTION('',(-0.,1.,0.));
#5858 = ADVANCED_FACE('',(#5859),#5870,.T.);
#5859 = FACE_BOUND('',#5860,.T.);
#5860 = EDGE_LOOP('',(#5861,#5867,#5868,#5869));
#5861 = ORIENTED_EDGE('',*,*,#5862,.F.);
#5862 = EDGE_CURVE('',#5813,#5840,#5863,.T.);
#5863 = LINE('',#5864,#5865);
#5864 = CARTESIAN_POINT('',(0.8,0.4,0.));
#5865 = VECTOR('',#5866,1.);
#5866 = DIRECTION('',(0.,0.,1.));
#5867 = ORIENTED_EDGE('',*,*,#5812,.F.);
#5868 = ORIENTED_EDGE('',*,*,#5633,.T.);
#5869 = ORIENTED_EDGE('',*,*,#5848,.T.);
#5870 = PLANE('',#5871);
#5871 = AXIS2_PLACEMENT_3D('',#5872,#5873,#5874);
#5872 = CARTESIAN_POINT('',(0.5,0.4,0.));
#5873 = DIRECTION('',(0.,1.,0.));
#5874 = DIRECTION('',(0.,-0.,1.));
#5875 = ADVANCED_FACE('',(#5876),#5886,.T.);
#5876 = FACE_BOUND('',#5877,.T.);
#5877 = EDGE_LOOP('',(#5878,#5879,#5880,#5881,#5882,#5883,#5884,#5885));
#5878 = ORIENTED_EDGE('',*,*,#5683,.F.);
#5879 = ORIENTED_EDGE('',*,*,#5723,.T.);
#5880 = ORIENTED_EDGE('',*,*,#5766,.T.);
#5881 = ORIENTED_EDGE('',*,*,#5820,.F.);
#5882 = ORIENTED_EDGE('',*,*,#5862,.T.);
#5883 = ORIENTED_EDGE('',*,*,#5839,.T.);
#5884 = ORIENTED_EDGE('',*,*,#5790,.F.);
#5885 = ORIENTED_EDGE('',*,*,#5740,.F.);
#5886 = PLANE('',#5887);
#5887 = AXIS2_PLACEMENT_3D('',#5888,#5889,#5890);
#5888 = CARTESIAN_POINT('',(0.8,-0.4,0.));
#5889 = DIRECTION('',(1.,0.,0.));
#5890 = DIRECTION('',(0.,0.,1.));
#5891 = ( GEOMETRIC_REPRESENTATION_CONTEXT(3) 
GLOBAL_UNCERTAINTY_ASSIGNED_CONTEXT((#5895)) 
GLOBAL_UNIT_ASSIGNED_CONTEXT((#5892,#5893,#5894)) REPRESENTATION_CONTEXT
('Context #1','3D Context with UNIT and UNCERTAINTY') );
#5892 = ( LENGTH_UNIT() NAMED_UNIT(*) SI_UNIT(.MILLI.,.METRE.) );
#5893 = ( NAMED_UNIT(*) PLANE_ANGLE_UNIT() SI_UNIT($,.RADIAN.) );
#5894 = ( NAMED_UNIT(*) SI_UNIT($,.STERADIAN.) SOLID_ANGLE_UNIT() );
#5895 = UNCERTAINTY_MEASURE_WITH_UNIT(LENGTH_MEASURE(1.E-07),#5892,
  'distance_accuracy_value','confusion accuracy');
#5896 = CONTEXT_DEPENDENT_SHAPE_REPRESENTATION(#5897,#5899);
#5897 = ( REPRESENTATION_RELATIONSHIP('','',#5036,#10) 
REPRESENTATION_RELATIONSHIP_WITH_TRANSFORMATION(#5898) 
SHAPE_REPRESENTATION_RELATIONSHIP() );
#5898 = ITEM_DEFINED_TRANSFORMATION('','',#11,#19);
#5899 = PRODUCT_DEFINITION_SHAPE('Placement','Placement of an item',
  #5900);
#5900 = NEXT_ASSEMBLY_USAGE_OCCURRENCE('2','C17','',#5,#5031,$);
#5901 = PRODUCT_RELATED_PRODUCT_CATEGORY('part',$,(#5033));
#5902 = CONTEXT_DEPENDENT_SHAPE_REPRESENTATION(#5903,#5905);
#5903 = ( REPRESENTATION_RELATIONSHIP('','',#5036,#10) 
REPRESENTATION_RELATIONSHIP_WITH_TRANSFORMATION(#5904) 
SHAPE_REPRESENTATION_RELATIONSHIP() );
#5904 = ITEM_DEFINED_TRANSFORMATION('','',#11,#23);
#5905 = PRODUCT_DEFINITION_SHAPE('Placement','Placement of an item',
  #5906);
#5906 = NEXT_ASSEMBLY_USAGE_OCCURRENCE('3','C19','',#5,#5031,$);
#5907 = SHAPE_DEFINITION_REPRESENTATION(#5908,#5914);
#5908 = PRODUCT_DEFINITION_SHAPE('','',#5909);
#5909 = PRODUCT_DEFINITION('design','',#5910,#5913);
#5910 = PRODUCT_DEFINITION_FORMATION('','',#5911);
#5911 = PRODUCT('R_0603_1608Metric','R_0603_1608Metric','',(#5912));
#5912 = PRODUCT_CONTEXT('',#2,'mechanical');
#5913 = PRODUCT_DEFINITION_CONTEXT('part definition',#2,'design');
#5914 = ADVANCED_BREP_SHAPE_REPRESENTATION('',(#11,#5915),#6705);
#5915 = MANIFOLD_SOLID_BREP('',#5916);
#5916 = CLOSED_SHELL('',(#5917,#5957,#6040,#6065,#6090,#6157,#6174,#6191
    ,#6240,#6257,#6274,#6323,#6340,#6409,#6440,#6464,#6533,#6557,#6574,
    #6591,#6608,#6625,#6642,#6659,#6676,#6693));
#5917 = ADVANCED_FACE('',(#5918),#5952,.F.);
#5918 = FACE_BOUND('',#5919,.F.);
#5919 = EDGE_LOOP('',(#5920,#5930,#5938,#5946));
#5920 = ORIENTED_EDGE('',*,*,#5921,.F.);
#5921 = EDGE_CURVE('',#5922,#5924,#5926,.T.);
#5922 = VERTEX_POINT('',#5923);
#5923 = CARTESIAN_POINT('',(-0.8,-0.4,4.5E-02));
#5924 = VERTEX_POINT('',#5925);
#5925 = CARTESIAN_POINT('',(-0.8,-0.4,0.405));
#5926 = LINE('',#5927,#5928);
#5927 = CARTESIAN_POINT('',(-0.8,-0.4,0.));
#5928 = VECTOR('',#5929,1.);
#5929 = DIRECTION('',(0.,0.,1.));
#5930 = ORIENTED_EDGE('',*,*,#5931,.T.);
#5931 = EDGE_CURVE('',#5922,#5932,#5934,.T.);
#5932 = VERTEX_POINT('',#5933);
#5933 = CARTESIAN_POINT('',(-0.8,0.4,4.5E-02));
#5934 = LINE('',#5935,#5936);
#5935 = CARTESIAN_POINT('',(-0.8,-0.4,4.5E-02));
#5936 = VECTOR('',#5937,1.);
#5937 = DIRECTION('',(0.,1.,0.));
#5938 = ORIENTED_EDGE('',*,*,#5939,.T.);
#5939 = EDGE_CURVE('',#5932,#5940,#5942,.T.);
#5940 = VERTEX_POINT('',#5941);
#5941 = CARTESIAN_POINT('',(-0.8,0.4,0.405));
#5942 = LINE('',#5943,#5944);
#5943 = CARTESIAN_POINT('',(-0.8,0.4,0.));
#5944 = VECTOR('',#5945,1.);
#5945 = DIRECTION('',(0.,0.,1.));
#5946 = ORIENTED_EDGE('',*,*,#5947,.F.);
#5947 = EDGE_CURVE('',#5924,#5940,#5948,.T.);
#5948 = LINE('',#5949,#5950);
#5949 = CARTESIAN_POINT('',(-0.8,-0.4,0.405));
#5950 = VECTOR('',#5951,1.);
#5951 = DIRECTION('',(0.,1.,0.));
#5952 = PLANE('',#5953);
#5953 = AXIS2_PLACEMENT_3D('',#5954,#5955,#5956);
#5954 = CARTESIAN_POINT('',(-0.8,-0.4,0.));
#5955 = DIRECTION('',(1.,0.,0.));
#5956 = DIRECTION('',(0.,0.,1.));
#5957 = ADVANCED_FACE('',(#5958),#6035,.F.);
#5958 = FACE_BOUND('',#5959,.F.);
#5959 = EDGE_LOOP('',(#5960,#5970,#5977,#5978,#5987,#5995,#6004,#6012,
    #6020,#6028));
#5960 = ORIENTED_EDGE('',*,*,#5961,.F.);
#5961 = EDGE_CURVE('',#5962,#5964,#5966,.T.);
#5962 = VERTEX_POINT('',#5963);
#5963 = CARTESIAN_POINT('',(-0.755,-0.4,-2.775557561563E-17));
#5964 = VERTEX_POINT('',#5965);
#5965 = CARTESIAN_POINT('',(-0.545,-0.4,-2.775557561563E-17));
#5966 = LINE('',#5967,#5968);
#5967 = CARTESIAN_POINT('',(-0.8,-0.4,0.));
#5968 = VECTOR('',#5969,1.);
#5969 = DIRECTION('',(1.,0.,0.));
#5970 = ORIENTED_EDGE('',*,*,#5971,.F.);
#5971 = EDGE_CURVE('',#5922,#5962,#5972,.T.);
#5972 = CIRCLE('',#5973,4.5E-02);
#5973 = AXIS2_PLACEMENT_3D('',#5974,#5975,#5976);
#5974 = CARTESIAN_POINT('',(-0.755,-0.4,4.5E-02));
#5975 = DIRECTION('',(0.,-1.,0.));
#5976 = DIRECTION('',(0.,0.,1.));
#5977 = ORIENTED_EDGE('',*,*,#5921,.T.);
#5978 = ORIENTED_EDGE('',*,*,#5979,.T.);
#5979 = EDGE_CURVE('',#5924,#5980,#5982,.T.);
#5980 = VERTEX_POINT('',#5981);
#5981 = CARTESIAN_POINT('',(-0.755,-0.4,0.45));
#5982 = CIRCLE('',#5983,4.5E-02);
#5983 = AXIS2_PLACEMENT_3D('',#5984,#5985,#5986);
#5984 = CARTESIAN_POINT('',(-0.755,-0.4,0.405));
#5985 = DIRECTION('',(0.,1.,0.));
#5986 = DIRECTION('',(0.,-0.,1.));
#5987 = ORIENTED_EDGE('',*,*,#5988,.T.);
#5988 = EDGE_CURVE('',#5980,#5989,#5991,.T.);
#5989 = VERTEX_POINT('',#5990);
#5990 = CARTESIAN_POINT('',(-0.545,-0.4,0.45));
#5991 = LINE('',#5992,#5993);
#5992 = CARTESIAN_POINT('',(-0.8,-0.4,0.45));
#5993 = VECTOR('',#5994,1.);
#5994 = DIRECTION('',(1.,0.,0.));
#5995 = ORIENTED_EDGE('',*,*,#5996,.F.);
#5996 = EDGE_CURVE('',#5997,#5989,#5999,.T.);
#5997 = VERTEX_POINT('',#5998);
#5998 = CARTESIAN_POINT('',(-0.5,-0.4,0.405));
#5999 = CIRCLE('',#6000,4.5E-02);
#6000 = AXIS2_PLACEMENT_3D('',#6001,#6002,#6003);
#6001 = CARTESIAN_POINT('',(-0.545,-0.4,0.405));
#6002 = DIRECTION('',(0.,-1.,0.));
#6003 = DIRECTION('',(0.,0.,1.));
#6004 = ORIENTED_EDGE('',*,*,#6005,.F.);
#6005 = EDGE_CURVE('',#6006,#5997,#6008,.T.);
#6006 = VERTEX_POINT('',#6007);
#6007 = CARTESIAN_POINT('',(-0.755,-0.4,0.405));
#6008 = LINE('',#6009,#6010);
#6009 = CARTESIAN_POINT('',(-0.755,-0.4,0.405));
#6010 = VECTOR('',#6011,1.);
#6011 = DIRECTION('',(1.,0.,0.));
#6012 = ORIENTED_EDGE('',*,*,#6013,.F.);
#6013 = EDGE_CURVE('',#6014,#6006,#6016,.T.);
#6014 = VERTEX_POINT('',#6015);
#6015 = CARTESIAN_POINT('',(-0.755,-0.4,4.5E-02));
#6016 = LINE('',#6017,#6018);
#6017 = CARTESIAN_POINT('',(-0.755,-0.4,4.5E-02));
#6018 = VECTOR('',#6019,1.);
#6019 = DIRECTION('',(0.,0.,1.));
#6020 = ORIENTED_EDGE('',*,*,#6021,.T.);
#6021 = EDGE_CURVE('',#6014,#6022,#6024,.T.);
#6022 = VERTEX_POINT('',#6023);
#6023 = CARTESIAN_POINT('',(-0.5,-0.4,4.5E-02));
#6024 = LINE('',#6025,#6026);
#6025 = CARTESIAN_POINT('',(-0.755,-0.4,4.5E-02));
#6026 = VECTOR('',#6027,1.);
#6027 = DIRECTION('',(1.,0.,0.));
#6028 = ORIENTED_EDGE('',*,*,#6029,.T.);
#6029 = EDGE_CURVE('',#6022,#5964,#6030,.T.);
#6030 = CIRCLE('',#6031,4.5E-02);
#6031 = AXIS2_PLACEMENT_3D('',#6032,#6033,#6034);
#6032 = CARTESIAN_POINT('',(-0.545,-0.4,4.5E-02));
#6033 = DIRECTION('',(0.,1.,0.));
#6034 = DIRECTION('',(0.,-0.,1.));
#6035 = PLANE('',#6036);
#6036 = AXIS2_PLACEMENT_3D('',#6037,#6038,#6039);
#6037 = CARTESIAN_POINT('',(-0.8,-0.4,0.));
#6038 = DIRECTION('',(0.,1.,0.));
#6039 = DIRECTION('',(0.,-0.,1.));
#6040 = ADVANCED_FACE('',(#6041),#6060,.T.);
#6041 = FACE_BOUND('',#6042,.T.);
#6042 = EDGE_LOOP('',(#6043,#6044,#6053,#6059));
#6043 = ORIENTED_EDGE('',*,*,#5931,.T.);
#6044 = ORIENTED_EDGE('',*,*,#6045,.T.);
#6045 = EDGE_CURVE('',#5932,#6046,#6048,.T.);
#6046 = VERTEX_POINT('',#6047);
#6047 = CARTESIAN_POINT('',(-0.755,0.4,-2.775557561563E-17));
#6048 = CIRCLE('',#6049,4.5E-02);
#6049 = AXIS2_PLACEMENT_3D('',#6050,#6051,#6052);
#6050 = CARTESIAN_POINT('',(-0.755,0.4,4.5E-02));
#6051 = DIRECTION('',(0.,-1.,0.));
#6052 = DIRECTION('',(0.,0.,1.));
#6053 = ORIENTED_EDGE('',*,*,#6054,.F.);
#6054 = EDGE_CURVE('',#5962,#6046,#6055,.T.);
#6055 = LINE('',#6056,#6057);
#6056 = CARTESIAN_POINT('',(-0.755,-0.4,-2.775557561563E-17));
#6057 = VECTOR('',#6058,1.);
#6058 = DIRECTION('',(0.,1.,0.));
#6059 = ORIENTED_EDGE('',*,*,#5971,.F.);
#6060 = CYLINDRICAL_SURFACE('',#6061,4.5E-02);
#6061 = AXIS2_PLACEMENT_3D('',#6062,#6063,#6064);
#6062 = CARTESIAN_POINT('',(-0.755,-0.4,4.5E-02));
#6063 = DIRECTION('',(0.,1.,0.));
#6064 = DIRECTION('',(-1.,0.,0.));
#6065 = ADVANCED_FACE('',(#6066),#6085,.T.);
#6066 = FACE_BOUND('',#6067,.T.);
#6067 = EDGE_LOOP('',(#6068,#6069,#6077,#6084));
#6068 = ORIENTED_EDGE('',*,*,#5979,.T.);
#6069 = ORIENTED_EDGE('',*,*,#6070,.T.);
#6070 = EDGE_CURVE('',#5980,#6071,#6073,.T.);
#6071 = VERTEX_POINT('',#6072);
#6072 = CARTESIAN_POINT('',(-0.755,0.4,0.45));
#6073 = LINE('',#6074,#6075);
#6074 = CARTESIAN_POINT('',(-0.755,-0.4,0.45));
#6075 = VECTOR('',#6076,1.);
#6076 = DIRECTION('',(0.,1.,0.));
#6077 = ORIENTED_EDGE('',*,*,#6078,.F.);
#6078 = EDGE_CURVE('',#5940,#6071,#6079,.T.);
#6079 = CIRCLE('',#6080,4.5E-02);
#6080 = AXIS2_PLACEMENT_3D('',#6081,#6082,#6083);
#6081 = CARTESIAN_POINT('',(-0.755,0.4,0.405));
#6082 = DIRECTION('',(0.,1.,0.));
#6083 = DIRECTION('',(0.,-0.,1.));
#6084 = ORIENTED_EDGE('',*,*,#5947,.F.);
#6085 = CYLINDRICAL_SURFACE('',#6086,4.5E-02);
#6086 = AXIS2_PLACEMENT_3D('',#6087,#6088,#6089);
#6087 = CARTESIAN_POINT('',(-0.755,-0.4,0.405));
#6088 = DIRECTION('',(0.,1.,0.));
#6089 = DIRECTION('',(-1.,0.,0.));
#6090 = ADVANCED_FACE('',(#6091),#6152,.T.);
#6091 = FACE_BOUND('',#6092,.T.);
#6092 = EDGE_LOOP('',(#6093,#6101,#6102,#6103,#6104,#6112,#6121,#6129,
    #6137,#6145));
#6093 = ORIENTED_EDGE('',*,*,#6094,.F.);
#6094 = EDGE_CURVE('',#6046,#6095,#6097,.T.);
#6095 = VERTEX_POINT('',#6096);
#6096 = CARTESIAN_POINT('',(-0.545,0.4,-2.775557561563E-17));
#6097 = LINE('',#6098,#6099);
#6098 = CARTESIAN_POINT('',(-0.8,0.4,0.));
#6099 = VECTOR('',#6100,1.);
#6100 = DIRECTION('',(1.,0.,0.));
#6101 = ORIENTED_EDGE('',*,*,#6045,.F.);
#6102 = ORIENTED_EDGE('',*,*,#5939,.T.);
#6103 = ORIENTED_EDGE('',*,*,#6078,.T.);
#6104 = ORIENTED_EDGE('',*,*,#6105,.T.);
#6105 = EDGE_CURVE('',#6071,#6106,#6108,.T.);
#6106 = VERTEX_POINT('',#6107);
#6107 = CARTESIAN_POINT('',(-0.545,0.4,0.45));
#6108 = LINE('',#6109,#6110);
#6109 = CARTESIAN_POINT('',(-0.8,0.4,0.45));
#6110 = VECTOR('',#6111,1.);
#6111 = DIRECTION('',(1.,0.,0.));
#6112 = ORIENTED_EDGE('',*,*,#6113,.F.);
#6113 = EDGE_CURVE('',#6114,#6106,#6116,.T.);
#6114 = VERTEX_POINT('',#6115);
#6115 = CARTESIAN_POINT('',(-0.5,0.4,0.405));
#6116 = CIRCLE('',#6117,4.5E-02);
#6117 = AXIS2_PLACEMENT_3D('',#6118,#6119,#6120);
#6118 = CARTESIAN_POINT('',(-0.545,0.4,0.405));
#6119 = DIRECTION('',(0.,-1.,0.));
#6120 = DIRECTION('',(0.,0.,1.));
#6121 = ORIENTED_EDGE('',*,*,#6122,.F.);
#6122 = EDGE_CURVE('',#6123,#6114,#6125,.T.);
#6123 = VERTEX_POINT('',#6124);
#6124 = CARTESIAN_POINT('',(-0.755,0.4,0.405));
#6125 = LINE('',#6126,#6127);
#6126 = CARTESIAN_POINT('',(-0.755,0.4,0.405));
#6127 = VECTOR('',#6128,1.);
#6128 = DIRECTION('',(1.,0.,0.));
#6129 = ORIENTED_EDGE('',*,*,#6130,.F.);
#6130 = EDGE_CURVE('',#6131,#6123,#6133,.T.);
#6131 = VERTEX_POINT('',#6132);
#6132 = CARTESIAN_POINT('',(-0.755,0.4,4.5E-02));
#6133 = LINE('',#6134,#6135);
#6134 = CARTESIAN_POINT('',(-0.755,0.4,4.5E-02));
#6135 = VECTOR('',#6136,1.);
#6136 = DIRECTION('',(0.,0.,1.));
#6137 = ORIENTED_EDGE('',*,*,#6138,.T.);
#6138 = EDGE_CURVE('',#6131,#6139,#6141,.T.);
#6139 = VERTEX_POINT('',#6140);
#6140 = CARTESIAN_POINT('',(-0.5,0.4,4.5E-02));
#6141 = LINE('',#6142,#6143);
#6142 = CARTESIAN_POINT('',(-0.755,0.4,4.5E-02));
#6143 = VECTOR('',#6144,1.);
#6144 = DIRECTION('',(1.,0.,0.));
#6145 = ORIENTED_EDGE('',*,*,#6146,.T.);
#6146 = EDGE_CURVE('',#6139,#6095,#6147,.T.);
#6147 = CIRCLE('',#6148,4.5E-02);
#6148 = AXIS2_PLACEMENT_3D('',#6149,#6150,#6151);
#6149 = CARTESIAN_POINT('',(-0.545,0.4,4.5E-02));
#6150 = DIRECTION('',(0.,1.,0.));
#6151 = DIRECTION('',(0.,-0.,1.));
#6152 = PLANE('',#6153);
#6153 = AXIS2_PLACEMENT_3D('',#6154,#6155,#6156);
#6154 = CARTESIAN_POINT('',(-0.8,0.4,0.));
#6155 = DIRECTION('',(0.,1.,0.));
#6156 = DIRECTION('',(0.,-0.,1.));
#6157 = ADVANCED_FACE('',(#6158),#6169,.F.);
#6158 = FACE_BOUND('',#6159,.F.);
#6159 = EDGE_LOOP('',(#6160,#6161,#6162,#6163));
#6160 = ORIENTED_EDGE('',*,*,#6094,.F.);
#6161 = ORIENTED_EDGE('',*,*,#6054,.F.);
#6162 = ORIENTED_EDGE('',*,*,#5961,.T.);
#6163 = ORIENTED_EDGE('',*,*,#6164,.T.);
#6164 = EDGE_CURVE('',#5964,#6095,#6165,.T.);
#6165 = LINE('',#6166,#6167);
#6166 = CARTESIAN_POINT('',(-0.545,-0.4,-2.775557561563E-17));
#6167 = VECTOR('',#6168,1.);
#6168 = DIRECTION('',(0.,1.,0.));
#6169 = PLANE('',#6170);
#6170 = AXIS2_PLACEMENT_3D('',#6171,#6172,#6173);
#6171 = CARTESIAN_POINT('',(-0.8,-0.4,0.));
#6172 = DIRECTION('',(0.,0.,1.));
#6173 = DIRECTION('',(1.,0.,-0.));
#6174 = ADVANCED_FACE('',(#6175),#6186,.T.);
#6175 = FACE_BOUND('',#6176,.T.);
#6176 = EDGE_LOOP('',(#6177,#6178,#6179,#6180));
#6177 = ORIENTED_EDGE('',*,*,#6029,.T.);
#6178 = ORIENTED_EDGE('',*,*,#6164,.T.);
#6179 = ORIENTED_EDGE('',*,*,#6146,.F.);
#6180 = ORIENTED_EDGE('',*,*,#6181,.F.);
#6181 = EDGE_CURVE('',#6022,#6139,#6182,.T.);
#6182 = LINE('',#6183,#6184);
#6183 = CARTESIAN_POINT('',(-0.5,-0.4,4.5E-02));
#6184 = VECTOR('',#6185,1.);
#6185 = DIRECTION('',(0.,1.,0.));
#6186 = CYLINDRICAL_SURFACE('',#6187,4.5E-02);
#6187 = AXIS2_PLACEMENT_3D('',#6188,#6189,#6190);
#6188 = CARTESIAN_POINT('',(-0.545,-0.4,4.5E-02));
#6189 = DIRECTION('',(0.,1.,0.));
#6190 = DIRECTION('',(1.,0.,0.));
#6191 = ADVANCED_FACE('',(#6192),#6235,.F.);
#6192 = FACE_BOUND('',#6193,.F.);
#6193 = EDGE_LOOP('',(#6194,#6195,#6196,#6197,#6205,#6213,#6221,#6229));
#6194 = ORIENTED_EDGE('',*,*,#6021,.F.);
#6195 = ORIENTED_EDGE('',*,*,#6013,.T.);
#6196 = ORIENTED_EDGE('',*,*,#6005,.T.);
#6197 = ORIENTED_EDGE('',*,*,#6198,.T.);
#6198 = EDGE_CURVE('',#5997,#6199,#6201,.T.);
#6199 = VERTEX_POINT('',#6200);
#6200 = CARTESIAN_POINT('',(0.5,-0.4,0.405));
#6201 = LINE('',#6202,#6203);
#6202 = CARTESIAN_POINT('',(-0.5,-0.4,0.405));
#6203 = VECTOR('',#6204,1.);
#6204 = DIRECTION('',(1.,0.,0.));
#6205 = ORIENTED_EDGE('',*,*,#6206,.T.);
#6206 = EDGE_CURVE('',#6199,#6207,#6209,.T.);
#6207 = VERTEX_POINT('',#6208);
#6208 = CARTESIAN_POINT('',(0.755,-0.4,0.405));
#6209 = LINE('',#6210,#6211);
#6210 = CARTESIAN_POINT('',(-0.755,-0.4,0.405));
#6211 = VECTOR('',#6212,1.);
#6212 = DIRECTION('',(1.,0.,0.));
#6213 = ORIENTED_EDGE('',*,*,#6214,.F.);
#6214 = EDGE_CURVE('',#6215,#6207,#6217,.T.);
#6215 = VERTEX_POINT('',#6216);
#6216 = CARTESIAN_POINT('',(0.755,-0.4,4.5E-02));
#6217 = LINE('',#6218,#6219);
#6218 = CARTESIAN_POINT('',(0.755,-0.4,4.5E-02));
#6219 = VECTOR('',#6220,1.);
#6220 = DIRECTION('',(0.,0.,1.));
#6221 = ORIENTED_EDGE('',*,*,#6222,.F.);
#6222 = EDGE_CURVE('',#6223,#6215,#6225,.T.);
#6223 = VERTEX_POINT('',#6224);
#6224 = CARTESIAN_POINT('',(0.5,-0.4,4.5E-02));
#6225 = LINE('',#6226,#6227);
#6226 = CARTESIAN_POINT('',(-0.755,-0.4,4.5E-02));
#6227 = VECTOR('',#6228,1.);
#6228 = DIRECTION('',(1.,0.,0.));
#6229 = ORIENTED_EDGE('',*,*,#6230,.F.);
#6230 = EDGE_CURVE('',#6022,#6223,#6231,.T.);
#6231 = LINE('',#6232,#6233);
#6232 = CARTESIAN_POINT('',(-0.755,-0.4,4.5E-02));
#6233 = VECTOR('',#6234,1.);
#6234 = DIRECTION('',(1.,0.,0.));
#6235 = PLANE('',#6236);
#6236 = AXIS2_PLACEMENT_3D('',#6237,#6238,#6239);
#6237 = CARTESIAN_POINT('',(-0.755,-0.4,4.5E-02));
#6238 = DIRECTION('',(0.,1.,0.));
#6239 = DIRECTION('',(0.,-0.,1.));
#6240 = ADVANCED_FACE('',(#6241),#6252,.T.);
#6241 = FACE_BOUND('',#6242,.T.);
#6242 = EDGE_LOOP('',(#6243,#6244,#6245,#6246));
#6243 = ORIENTED_EDGE('',*,*,#6105,.F.);
#6244 = ORIENTED_EDGE('',*,*,#6070,.F.);
#6245 = ORIENTED_EDGE('',*,*,#5988,.T.);
#6246 = ORIENTED_EDGE('',*,*,#6247,.T.);
#6247 = EDGE_CURVE('',#5989,#6106,#6248,.T.);
#6248 = LINE('',#6249,#6250);
#6249 = CARTESIAN_POINT('',(-0.545,-0.4,0.45));
#6250 = VECTOR('',#6251,1.);
#6251 = DIRECTION('',(0.,1.,0.));
#6252 = PLANE('',#6253);
#6253 = AXIS2_PLACEMENT_3D('',#6254,#6255,#6256);
#6254 = CARTESIAN_POINT('',(-0.8,-0.4,0.45));
#6255 = DIRECTION('',(0.,0.,1.));
#6256 = DIRECTION('',(1.,0.,-0.));
#6257 = ADVANCED_FACE('',(#6258),#6269,.T.);
#6258 = FACE_BOUND('',#6259,.T.);
#6259 = EDGE_LOOP('',(#6260,#6266,#6267,#6268));
#6260 = ORIENTED_EDGE('',*,*,#6261,.T.);
#6261 = EDGE_CURVE('',#5997,#6114,#6262,.T.);
#6262 = LINE('',#6263,#6264);
#6263 = CARTESIAN_POINT('',(-0.5,-0.4,0.405));
#6264 = VECTOR('',#6265,1.);
#6265 = DIRECTION('',(0.,1.,0.));
#6266 = ORIENTED_EDGE('',*,*,#6113,.T.);
#6267 = ORIENTED_EDGE('',*,*,#6247,.F.);
#6268 = ORIENTED_EDGE('',*,*,#5996,.F.);
#6269 = CYLINDRICAL_SURFACE('',#6270,4.5E-02);
#6270 = AXIS2_PLACEMENT_3D('',#6271,#6272,#6273);
#6271 = CARTESIAN_POINT('',(-0.545,-0.4,0.405));
#6272 = DIRECTION('',(0.,1.,0.));
#6273 = DIRECTION('',(1.,0.,0.));
#6274 = ADVANCED_FACE('',(#6275),#6318,.T.);
#6275 = FACE_BOUND('',#6276,.T.);
#6276 = EDGE_LOOP('',(#6277,#6278,#6279,#6280,#6288,#6296,#6304,#6312));
#6277 = ORIENTED_EDGE('',*,*,#6138,.F.);
#6278 = ORIENTED_EDGE('',*,*,#6130,.T.);
#6279 = ORIENTED_EDGE('',*,*,#6122,.T.);
#6280 = ORIENTED_EDGE('',*,*,#6281,.T.);
#6281 = EDGE_CURVE('',#6114,#6282,#6284,.T.);
#6282 = VERTEX_POINT('',#6283);
#6283 = CARTESIAN_POINT('',(0.5,0.4,0.405));
#6284 = LINE('',#6285,#6286);
#6285 = CARTESIAN_POINT('',(-0.5,0.4,0.405));
#6286 = VECTOR('',#6287,1.);
#6287 = DIRECTION('',(1.,0.,0.));
#6288 = ORIENTED_EDGE('',*,*,#6289,.T.);
#6289 = EDGE_CURVE('',#6282,#6290,#6292,.T.);
#6290 = VERTEX_POINT('',#6291);
#6291 = CARTESIAN_POINT('',(0.755,0.4,0.405));
#6292 = LINE('',#6293,#6294);
#6293 = CARTESIAN_POINT('',(-0.755,0.4,0.405));
#6294 = VECTOR('',#6295,1.);
#6295 = DIRECTION('',(1.,0.,0.));
#6296 = ORIENTED_EDGE('',*,*,#6297,.F.);
#6297 = EDGE_CURVE('',#6298,#6290,#6300,.T.);
#6298 = VERTEX_POINT('',#6299);
#6299 = CARTESIAN_POINT('',(0.755,0.4,4.5E-02));
#6300 = LINE('',#6301,#6302);
#6301 = CARTESIAN_POINT('',(0.755,0.4,4.5E-02));
#6302 = VECTOR('',#6303,1.);
#6303 = DIRECTION('',(0.,0.,1.));
#6304 = ORIENTED_EDGE('',*,*,#6305,.F.);
#6305 = EDGE_CURVE('',#6306,#6298,#6308,.T.);
#6306 = VERTEX_POINT('',#6307);
#6307 = CARTESIAN_POINT('',(0.5,0.4,4.5E-02));
#6308 = LINE('',#6309,#6310);
#6309 = CARTESIAN_POINT('',(-0.755,0.4,4.5E-02));
#6310 = VECTOR('',#6311,1.);
#6311 = DIRECTION('',(1.,0.,0.));
#6312 = ORIENTED_EDGE('',*,*,#6313,.F.);
#6313 = EDGE_CURVE('',#6139,#6306,#6314,.T.);
#6314 = LINE('',#6315,#6316);
#6315 = CARTESIAN_POINT('',(-0.755,0.4,4.5E-02));
#6316 = VECTOR('',#6317,1.);
#6317 = DIRECTION('',(1.,0.,0.));
#6318 = PLANE('',#6319);
#6319 = AXIS2_PLACEMENT_3D('',#6320,#6321,#6322);
#6320 = CARTESIAN_POINT('',(-0.755,0.4,4.5E-02));
#6321 = DIRECTION('',(0.,1.,0.));
#6322 = DIRECTION('',(0.,-0.,1.));
#6323 = ADVANCED_FACE('',(#6324),#6335,.F.);
#6324 = FACE_BOUND('',#6325,.F.);
#6325 = EDGE_LOOP('',(#6326,#6327,#6328,#6334));
#6326 = ORIENTED_EDGE('',*,*,#6181,.F.);
#6327 = ORIENTED_EDGE('',*,*,#6230,.T.);
#6328 = ORIENTED_EDGE('',*,*,#6329,.T.);
#6329 = EDGE_CURVE('',#6223,#6306,#6330,.T.);
#6330 = LINE('',#6331,#6332);
#6331 = CARTESIAN_POINT('',(0.5,-0.4,4.5E-02));
#6332 = VECTOR('',#6333,1.);
#6333 = DIRECTION('',(0.,1.,0.));
#6334 = ORIENTED_EDGE('',*,*,#6313,.F.);
#6335 = PLANE('',#6336);
#6336 = AXIS2_PLACEMENT_3D('',#6337,#6338,#6339);
#6337 = CARTESIAN_POINT('',(-0.755,-0.4,4.5E-02));
#6338 = DIRECTION('',(0.,0.,1.));
#6339 = DIRECTION('',(1.,0.,-0.));
#6340 = ADVANCED_FACE('',(#6341),#6404,.F.);
#6341 = FACE_BOUND('',#6342,.F.);
#6342 = EDGE_LOOP('',(#6343,#6353,#6360,#6361,#6362,#6363,#6372,#6380,
    #6389,#6397));
#6343 = ORIENTED_EDGE('',*,*,#6344,.F.);
#6344 = EDGE_CURVE('',#6345,#6347,#6349,.T.);
#6345 = VERTEX_POINT('',#6346);
#6346 = CARTESIAN_POINT('',(0.545,-0.4,-2.775557561563E-17));
#6347 = VERTEX_POINT('',#6348);
#6348 = CARTESIAN_POINT('',(0.755,-0.4,-2.775557561563E-17));
#6349 = LINE('',#6350,#6351);
#6350 = CARTESIAN_POINT('',(0.5,-0.4,0.));
#6351 = VECTOR('',#6352,1.);
#6352 = DIRECTION('',(1.,0.,0.));
#6353 = ORIENTED_EDGE('',*,*,#6354,.F.);
#6354 = EDGE_CURVE('',#6223,#6345,#6355,.T.);
#6355 = CIRCLE('',#6356,4.5E-02);
#6356 = AXIS2_PLACEMENT_3D('',#6357,#6358,#6359);
#6357 = CARTESIAN_POINT('',(0.545,-0.4,4.5E-02));
#6358 = DIRECTION('',(0.,-1.,0.));
#6359 = DIRECTION('',(0.,0.,1.));
#6360 = ORIENTED_EDGE('',*,*,#6222,.T.);
#6361 = ORIENTED_EDGE('',*,*,#6214,.T.);
#6362 = ORIENTED_EDGE('',*,*,#6206,.F.);
#6363 = ORIENTED_EDGE('',*,*,#6364,.T.);
#6364 = EDGE_CURVE('',#6199,#6365,#6367,.T.);
#6365 = VERTEX_POINT('',#6366);
#6366 = CARTESIAN_POINT('',(0.545,-0.4,0.45));
#6367 = CIRCLE('',#6368,4.5E-02);
#6368 = AXIS2_PLACEMENT_3D('',#6369,#6370,#6371);
#6369 = CARTESIAN_POINT('',(0.545,-0.4,0.405));
#6370 = DIRECTION('',(0.,1.,0.));
#6371 = DIRECTION('',(0.,-0.,1.));
#6372 = ORIENTED_EDGE('',*,*,#6373,.T.);
#6373 = EDGE_CURVE('',#6365,#6374,#6376,.T.);
#6374 = VERTEX_POINT('',#6375);
#6375 = CARTESIAN_POINT('',(0.755,-0.4,0.45));
#6376 = LINE('',#6377,#6378);
#6377 = CARTESIAN_POINT('',(0.5,-0.4,0.45));
#6378 = VECTOR('',#6379,1.);
#6379 = DIRECTION('',(1.,0.,0.));
#6380 = ORIENTED_EDGE('',*,*,#6381,.F.);
#6381 = EDGE_CURVE('',#6382,#6374,#6384,.T.);
#6382 = VERTEX_POINT('',#6383);
#6383 = CARTESIAN_POINT('',(0.8,-0.4,0.405));
#6384 = CIRCLE('',#6385,4.5E-02);
#6385 = AXIS2_PLACEMENT_3D('',#6386,#6387,#6388);
#6386 = CARTESIAN_POINT('',(0.755,-0.4,0.405));
#6387 = DIRECTION('',(0.,-1.,0.));
#6388 = DIRECTION('',(0.,0.,1.));
#6389 = ORIENTED_EDGE('',*,*,#6390,.F.);
#6390 = EDGE_CURVE('',#6391,#6382,#6393,.T.);
#6391 = VERTEX_POINT('',#6392);
#6392 = CARTESIAN_POINT('',(0.8,-0.4,4.5E-02));
#6393 = LINE('',#6394,#6395);
#6394 = CARTESIAN_POINT('',(0.8,-0.4,0.));
#6395 = VECTOR('',#6396,1.);
#6396 = DIRECTION('',(0.,0.,1.));
#6397 = ORIENTED_EDGE('',*,*,#6398,.T.);
#6398 = EDGE_CURVE('',#6391,#6347,#6399,.T.);
#6399 = CIRCLE('',#6400,4.5E-02);
#6400 = AXIS2_PLACEMENT_3D('',#6401,#6402,#6403);
#6401 = CARTESIAN_POINT('',(0.755,-0.4,4.5E-02));
#6402 = DIRECTION('',(0.,1.,0.));
#6403 = DIRECTION('',(0.,-0.,1.));
#6404 = PLANE('',#6405);
#6405 = AXIS2_PLACEMENT_3D('',#6406,#6407,#6408);
#6406 = CARTESIAN_POINT('',(0.5,-0.4,0.));
#6407 = DIRECTION('',(0.,1.,0.));
#6408 = DIRECTION('',(0.,-0.,1.));
#6409 = ADVANCED_FACE('',(#6410),#6435,.F.);
#6410 = FACE_BOUND('',#6411,.F.);
#6411 = EDGE_LOOP('',(#6412,#6413,#6421,#6429));
#6412 = ORIENTED_EDGE('',*,*,#6198,.F.);
#6413 = ORIENTED_EDGE('',*,*,#6414,.T.);
#6414 = EDGE_CURVE('',#5997,#6415,#6417,.T.);
#6415 = VERTEX_POINT('',#6416);
#6416 = CARTESIAN_POINT('',(-0.5,-0.4,0.45));
#6417 = LINE('',#6418,#6419);
#6418 = CARTESIAN_POINT('',(-0.5,-0.4,0.405));
#6419 = VECTOR('',#6420,1.);
#6420 = DIRECTION('',(0.,0.,1.));
#6421 = ORIENTED_EDGE('',*,*,#6422,.T.);
#6422 = EDGE_CURVE('',#6415,#6423,#6425,.T.);
#6423 = VERTEX_POINT('',#6424);
#6424 = CARTESIAN_POINT('',(0.5,-0.4,0.45));
#6425 = LINE('',#6426,#6427);
#6426 = CARTESIAN_POINT('',(-0.5,-0.4,0.45));
#6427 = VECTOR('',#6428,1.);
#6428 = DIRECTION('',(1.,0.,0.));
#6429 = ORIENTED_EDGE('',*,*,#6430,.F.);
#6430 = EDGE_CURVE('',#6199,#6423,#6431,.T.);
#6431 = LINE('',#6432,#6433);
#6432 = CARTESIAN_POINT('',(0.5,-0.4,0.405));
#6433 = VECTOR('',#6434,1.);
#6434 = DIRECTION('',(0.,0.,1.));
#6435 = PLANE('',#6436);
#6436 = AXIS2_PLACEMENT_3D('',#6437,#6438,#6439);
#6437 = CARTESIAN_POINT('',(-0.5,-0.4,0.405));
#6438 = DIRECTION('',(0.,1.,0.));
#6439 = DIRECTION('',(0.,-0.,1.));
#6440 = ADVANCED_FACE('',(#6441),#6459,.F.);
#6441 = FACE_BOUND('',#6442,.F.);
#6442 = EDGE_LOOP('',(#6443,#6444,#6445,#6453));
#6443 = ORIENTED_EDGE('',*,*,#6414,.F.);
#6444 = ORIENTED_EDGE('',*,*,#6261,.T.);
#6445 = ORIENTED_EDGE('',*,*,#6446,.T.);
#6446 = EDGE_CURVE('',#6114,#6447,#6449,.T.);
#6447 = VERTEX_POINT('',#6448);
#6448 = CARTESIAN_POINT('',(-0.5,0.4,0.45));
#6449 = LINE('',#6450,#6451);
#6450 = CARTESIAN_POINT('',(-0.5,0.4,0.405));
#6451 = VECTOR('',#6452,1.);
#6452 = DIRECTION('',(0.,0.,1.));
#6453 = ORIENTED_EDGE('',*,*,#6454,.F.);
#6454 = EDGE_CURVE('',#6415,#6447,#6455,.T.);
#6455 = LINE('',#6456,#6457);
#6456 = CARTESIAN_POINT('',(-0.5,-0.4,0.45));
#6457 = VECTOR('',#6458,1.);
#6458 = DIRECTION('',(0.,1.,0.));
#6459 = PLANE('',#6460);
#6460 = AXIS2_PLACEMENT_3D('',#6461,#6462,#6463);
#6461 = CARTESIAN_POINT('',(-0.5,-0.4,0.405));
#6462 = DIRECTION('',(1.,0.,0.));
#6463 = DIRECTION('',(0.,0.,1.));
#6464 = ADVANCED_FACE('',(#6465),#6528,.T.);
#6465 = FACE_BOUND('',#6466,.T.);
#6466 = EDGE_LOOP('',(#6467,#6477,#6484,#6485,#6486,#6487,#6496,#6504,
    #6513,#6521));
#6467 = ORIENTED_EDGE('',*,*,#6468,.F.);
#6468 = EDGE_CURVE('',#6469,#6471,#6473,.T.);
#6469 = VERTEX_POINT('',#6470);
#6470 = CARTESIAN_POINT('',(0.545,0.4,-2.775557561563E-17));
#6471 = VERTEX_POINT('',#6472);
#6472 = CARTESIAN_POINT('',(0.755,0.4,-2.775557561563E-17));
#6473 = LINE('',#6474,#6475);
#6474 = CARTESIAN_POINT('',(0.5,0.4,0.));
#6475 = VECTOR('',#6476,1.);
#6476 = DIRECTION('',(1.,0.,0.));
#6477 = ORIENTED_EDGE('',*,*,#6478,.F.);
#6478 = EDGE_CURVE('',#6306,#6469,#6479,.T.);
#6479 = CIRCLE('',#6480,4.5E-02);
#6480 = AXIS2_PLACEMENT_3D('',#6481,#6482,#6483);
#6481 = CARTESIAN_POINT('',(0.545,0.4,4.5E-02));
#6482 = DIRECTION('',(0.,-1.,0.));
#6483 = DIRECTION('',(0.,0.,1.));
#6484 = ORIENTED_EDGE('',*,*,#6305,.T.);
#6485 = ORIENTED_EDGE('',*,*,#6297,.T.);
#6486 = ORIENTED_EDGE('',*,*,#6289,.F.);
#6487 = ORIENTED_EDGE('',*,*,#6488,.T.);
#6488 = EDGE_CURVE('',#6282,#6489,#6491,.T.);
#6489 = VERTEX_POINT('',#6490);
#6490 = CARTESIAN_POINT('',(0.545,0.4,0.45));
#6491 = CIRCLE('',#6492,4.5E-02);
#6492 = AXIS2_PLACEMENT_3D('',#6493,#6494,#6495);
#6493 = CARTESIAN_POINT('',(0.545,0.4,0.405));
#6494 = DIRECTION('',(0.,1.,0.));
#6495 = DIRECTION('',(0.,-0.,1.));
#6496 = ORIENTED_EDGE('',*,*,#6497,.T.);
#6497 = EDGE_CURVE('',#6489,#6498,#6500,.T.);
#6498 = VERTEX_POINT('',#6499);
#6499 = CARTESIAN_POINT('',(0.755,0.4,0.45));
#6500 = LINE('',#6501,#6502);
#6501 = CARTESIAN_POINT('',(0.5,0.4,0.45));
#6502 = VECTOR('',#6503,1.);
#6503 = DIRECTION('',(1.,0.,0.));
#6504 = ORIENTED_EDGE('',*,*,#6505,.F.);
#6505 = EDGE_CURVE('',#6506,#6498,#6508,.T.);
#6506 = VERTEX_POINT('',#6507);
#6507 = CARTESIAN_POINT('',(0.8,0.4,0.405));
#6508 = CIRCLE('',#6509,4.5E-02);
#6509 = AXIS2_PLACEMENT_3D('',#6510,#6511,#6512);
#6510 = CARTESIAN_POINT('',(0.755,0.4,0.405));
#6511 = DIRECTION('',(0.,-1.,0.));
#6512 = DIRECTION('',(0.,0.,1.));
#6513 = ORIENTED_EDGE('',*,*,#6514,.F.);
#6514 = EDGE_CURVE('',#6515,#6506,#6517,.T.);
#6515 = VERTEX_POINT('',#6516);
#6516 = CARTESIAN_POINT('',(0.8,0.4,4.5E-02));
#6517 = LINE('',#6518,#6519);
#6518 = CARTESIAN_POINT('',(0.8,0.4,0.));
#6519 = VECTOR('',#6520,1.);
#6520 = DIRECTION('',(0.,0.,1.));
#6521 = ORIENTED_EDGE('',*,*,#6522,.T.);
#6522 = EDGE_CURVE('',#6515,#6471,#6523,.T.);
#6523 = CIRCLE('',#6524,4.5E-02);
#6524 = AXIS2_PLACEMENT_3D('',#6525,#6526,#6527);
#6525 = CARTESIAN_POINT('',(0.755,0.4,4.5E-02));
#6526 = DIRECTION('',(0.,1.,0.));
#6527 = DIRECTION('',(0.,-0.,1.));
#6528 = PLANE('',#6529);
#6529 = AXIS2_PLACEMENT_3D('',#6530,#6531,#6532);
#6530 = CARTESIAN_POINT('',(0.5,0.4,0.));
#6531 = DIRECTION('',(0.,1.,0.));
#6532 = DIRECTION('',(0.,-0.,1.));
#6533 = ADVANCED_FACE('',(#6534),#6552,.T.);
#6534 = FACE_BOUND('',#6535,.T.);
#6535 = EDGE_LOOP('',(#6536,#6537,#6538,#6546));
#6536 = ORIENTED_EDGE('',*,*,#6281,.F.);
#6537 = ORIENTED_EDGE('',*,*,#6446,.T.);
#6538 = ORIENTED_EDGE('',*,*,#6539,.T.);
#6539 = EDGE_CURVE('',#6447,#6540,#6542,.T.);
#6540 = VERTEX_POINT('',#6541);
#6541 = CARTESIAN_POINT('',(0.5,0.4,0.45));
#6542 = LINE('',#6543,#6544);
#6543 = CARTESIAN_POINT('',(-0.5,0.4,0.45));
#6544 = VECTOR('',#6545,1.);
#6545 = DIRECTION('',(1.,0.,0.));
#6546 = ORIENTED_EDGE('',*,*,#6547,.F.);
#6547 = EDGE_CURVE('',#6282,#6540,#6548,.T.);
#6548 = LINE('',#6549,#6550);
#6549 = CARTESIAN_POINT('',(0.5,0.4,0.405));
#6550 = VECTOR('',#6551,1.);
#6551 = DIRECTION('',(0.,0.,1.));
#6552 = PLANE('',#6553);
#6553 = AXIS2_PLACEMENT_3D('',#6554,#6555,#6556);
#6554 = CARTESIAN_POINT('',(-0.5,0.4,0.405));
#6555 = DIRECTION('',(0.,1.,0.));
#6556 = DIRECTION('',(0.,-0.,1.));
#6557 = ADVANCED_FACE('',(#6558),#6569,.T.);
#6558 = FACE_BOUND('',#6559,.T.);
#6559 = EDGE_LOOP('',(#6560,#6561,#6562,#6568));
#6560 = ORIENTED_EDGE('',*,*,#6329,.T.);
#6561 = ORIENTED_EDGE('',*,*,#6478,.T.);
#6562 = ORIENTED_EDGE('',*,*,#6563,.F.);
#6563 = EDGE_CURVE('',#6345,#6469,#6564,.T.);
#6564 = LINE('',#6565,#6566);
#6565 = CARTESIAN_POINT('',(0.545,-0.4,-2.775557561563E-17));
#6566 = VECTOR('',#6567,1.);
#6567 = DIRECTION('',(0.,1.,0.));
#6568 = ORIENTED_EDGE('',*,*,#6354,.F.);
#6569 = CYLINDRICAL_SURFACE('',#6570,4.5E-02);
#6570 = AXIS2_PLACEMENT_3D('',#6571,#6572,#6573);
#6571 = CARTESIAN_POINT('',(0.545,-0.4,4.5E-02));
#6572 = DIRECTION('',(0.,1.,0.));
#6573 = DIRECTION('',(-1.,0.,0.));
#6574 = ADVANCED_FACE('',(#6575),#6586,.F.);
#6575 = FACE_BOUND('',#6576,.F.);
#6576 = EDGE_LOOP('',(#6577,#6578,#6579,#6580));
#6577 = ORIENTED_EDGE('',*,*,#6468,.F.);
#6578 = ORIENTED_EDGE('',*,*,#6563,.F.);
#6579 = ORIENTED_EDGE('',*,*,#6344,.T.);
#6580 = ORIENTED_EDGE('',*,*,#6581,.T.);
#6581 = EDGE_CURVE('',#6347,#6471,#6582,.T.);
#6582 = LINE('',#6583,#6584);
#6583 = CARTESIAN_POINT('',(0.755,-0.4,-2.775557561563E-17));
#6584 = VECTOR('',#6585,1.);
#6585 = DIRECTION('',(0.,1.,0.));
#6586 = PLANE('',#6587);
#6587 = AXIS2_PLACEMENT_3D('',#6588,#6589,#6590);
#6588 = CARTESIAN_POINT('',(0.5,-0.4,0.));
#6589 = DIRECTION('',(0.,0.,1.));
#6590 = DIRECTION('',(1.,0.,-0.));
#6591 = ADVANCED_FACE('',(#6592),#6603,.T.);
#6592 = FACE_BOUND('',#6593,.T.);
#6593 = EDGE_LOOP('',(#6594,#6595,#6596,#6597));
#6594 = ORIENTED_EDGE('',*,*,#6398,.T.);
#6595 = ORIENTED_EDGE('',*,*,#6581,.T.);
#6596 = ORIENTED_EDGE('',*,*,#6522,.F.);
#6597 = ORIENTED_EDGE('',*,*,#6598,.F.);
#6598 = EDGE_CURVE('',#6391,#6515,#6599,.T.);
#6599 = LINE('',#6600,#6601);
#6600 = CARTESIAN_POINT('',(0.8,-0.4,4.5E-02));
#6601 = VECTOR('',#6602,1.);
#6602 = DIRECTION('',(0.,1.,0.));
#6603 = CYLINDRICAL_SURFACE('',#6604,4.5E-02);
#6604 = AXIS2_PLACEMENT_3D('',#6605,#6606,#6607);
#6605 = CARTESIAN_POINT('',(0.755,-0.4,4.5E-02));
#6606 = DIRECTION('',(0.,1.,0.));
#6607 = DIRECTION('',(1.,0.,0.));
#6608 = ADVANCED_FACE('',(#6609),#6620,.T.);
#6609 = FACE_BOUND('',#6610,.T.);
#6610 = EDGE_LOOP('',(#6611,#6612,#6613,#6614));
#6611 = ORIENTED_EDGE('',*,*,#6390,.F.);
#6612 = ORIENTED_EDGE('',*,*,#6598,.T.);
#6613 = ORIENTED_EDGE('',*,*,#6514,.T.);
#6614 = ORIENTED_EDGE('',*,*,#6615,.F.);
#6615 = EDGE_CURVE('',#6382,#6506,#6616,.T.);
#6616 = LINE('',#6617,#6618);
#6617 = CARTESIAN_POINT('',(0.8,-0.4,0.405));
#6618 = VECTOR('',#6619,1.);
#6619 = DIRECTION('',(0.,1.,0.));
#6620 = PLANE('',#6621);
#6621 = AXIS2_PLACEMENT_3D('',#6622,#6623,#6624);
#6622 = CARTESIAN_POINT('',(0.8,-0.4,0.));
#6623 = DIRECTION('',(1.,0.,0.));
#6624 = DIRECTION('',(0.,0.,1.));
#6625 = ADVANCED_FACE('',(#6626),#6637,.T.);
#6626 = FACE_BOUND('',#6627,.T.);
#6627 = EDGE_LOOP('',(#6628,#6629,#6630,#6636));
#6628 = ORIENTED_EDGE('',*,*,#6615,.T.);
#6629 = ORIENTED_EDGE('',*,*,#6505,.T.);
#6630 = ORIENTED_EDGE('',*,*,#6631,.F.);
#6631 = EDGE_CURVE('',#6374,#6498,#6632,.T.);
#6632 = LINE('',#6633,#6634);
#6633 = CARTESIAN_POINT('',(0.755,-0.4,0.45));
#6634 = VECTOR('',#6635,1.);
#6635 = DIRECTION('',(0.,1.,0.));
#6636 = ORIENTED_EDGE('',*,*,#6381,.F.);
#6637 = CYLINDRICAL_SURFACE('',#6638,4.5E-02);
#6638 = AXIS2_PLACEMENT_3D('',#6639,#6640,#6641);
#6639 = CARTESIAN_POINT('',(0.755,-0.4,0.405));
#6640 = DIRECTION('',(0.,1.,0.));
#6641 = DIRECTION('',(1.,0.,0.));
#6642 = ADVANCED_FACE('',(#6643),#6654,.T.);
#6643 = FACE_BOUND('',#6644,.T.);
#6644 = EDGE_LOOP('',(#6645,#6646,#6652,#6653));
#6645 = ORIENTED_EDGE('',*,*,#6497,.F.);
#6646 = ORIENTED_EDGE('',*,*,#6647,.F.);
#6647 = EDGE_CURVE('',#6365,#6489,#6648,.T.);
#6648 = LINE('',#6649,#6650);
#6649 = CARTESIAN_POINT('',(0.545,-0.4,0.45));
#6650 = VECTOR('',#6651,1.);
#6651 = DIRECTION('',(0.,1.,0.));
#6652 = ORIENTED_EDGE('',*,*,#6373,.T.);
#6653 = ORIENTED_EDGE('',*,*,#6631,.T.);
#6654 = PLANE('',#6655);
#6655 = AXIS2_PLACEMENT_3D('',#6656,#6657,#6658);
#6656 = CARTESIAN_POINT('',(0.5,-0.4,0.45));
#6657 = DIRECTION('',(0.,0.,1.));
#6658 = DIRECTION('',(1.,0.,-0.));
#6659 = ADVANCED_FACE('',(#6660),#6671,.T.);
#6660 = FACE_BOUND('',#6661,.T.);
#6661 = EDGE_LOOP('',(#6662,#6663,#6664,#6665));
#6662 = ORIENTED_EDGE('',*,*,#6364,.T.);
#6663 = ORIENTED_EDGE('',*,*,#6647,.T.);
#6664 = ORIENTED_EDGE('',*,*,#6488,.F.);
#6665 = ORIENTED_EDGE('',*,*,#6666,.F.);
#6666 = EDGE_CURVE('',#6199,#6282,#6667,.T.);
#6667 = LINE('',#6668,#6669);
#6668 = CARTESIAN_POINT('',(0.5,-0.4,0.405));
#6669 = VECTOR('',#6670,1.);
#6670 = DIRECTION('',(0.,1.,0.));
#6671 = CYLINDRICAL_SURFACE('',#6672,4.5E-02);
#6672 = AXIS2_PLACEMENT_3D('',#6673,#6674,#6675);
#6673 = CARTESIAN_POINT('',(0.545,-0.4,0.405));
#6674 = DIRECTION('',(0.,1.,0.));
#6675 = DIRECTION('',(-1.,0.,0.));
#6676 = ADVANCED_FACE('',(#6677),#6688,.T.);
#6677 = FACE_BOUND('',#6678,.T.);
#6678 = EDGE_LOOP('',(#6679,#6680,#6681,#6682));
#6679 = ORIENTED_EDGE('',*,*,#6430,.F.);
#6680 = ORIENTED_EDGE('',*,*,#6666,.T.);
#6681 = ORIENTED_EDGE('',*,*,#6547,.T.);
#6682 = ORIENTED_EDGE('',*,*,#6683,.F.);
#6683 = EDGE_CURVE('',#6423,#6540,#6684,.T.);
#6684 = LINE('',#6685,#6686);
#6685 = CARTESIAN_POINT('',(0.5,-0.4,0.45));
#6686 = VECTOR('',#6687,1.);
#6687 = DIRECTION('',(0.,1.,0.));
#6688 = PLANE('',#6689);
#6689 = AXIS2_PLACEMENT_3D('',#6690,#6691,#6692);
#6690 = CARTESIAN_POINT('',(0.5,-0.4,0.405));
#6691 = DIRECTION('',(1.,0.,0.));
#6692 = DIRECTION('',(0.,0.,1.));
#6693 = ADVANCED_FACE('',(#6694),#6700,.T.);
#6694 = FACE_BOUND('',#6695,.T.);
#6695 = EDGE_LOOP('',(#6696,#6697,#6698,#6699));
#6696 = ORIENTED_EDGE('',*,*,#6454,.F.);
#6697 = ORIENTED_EDGE('',*,*,#6422,.T.);
#6698 = ORIENTED_EDGE('',*,*,#6683,.T.);
#6699 = ORIENTED_EDGE('',*,*,#6539,.F.);
#6700 = PLANE('',#6701);
#6701 = AXIS2_PLACEMENT_3D('',#6702,#6703,#6704);
#6702 = CARTESIAN_POINT('',(-0.5,-0.4,0.45));
#6703 = DIRECTION('',(0.,0.,1.));
#6704 = DIRECTION('',(1.,0.,-0.));
#6705 = ( GEOMETRIC_REPRESENTATION_CONTEXT(3) 
GLOBAL_UNCERTAINTY_ASSIGNED_CONTEXT((#6709)) 
GLOBAL_UNIT_ASSIGNED_CONTEXT((#6706,#6707,#6708)) REPRESENTATION_CONTEXT
('Context #1','3D Context with UNIT and UNCERTAINTY') );
#6706 = ( LENGTH_UNIT() NAMED_UNIT(*) SI_UNIT(.MILLI.,.METRE.) );
#6707 = ( NAMED_UNIT(*) PLANE_ANGLE_UNIT() SI_UNIT($,.RADIAN.) );
#6708 = ( NAMED_UNIT(*) SI_UNIT($,.STERADIAN.) SOLID_ANGLE_UNIT() );
#6709 = UNCERTAINTY_MEASURE_WITH_UNIT(LENGTH_MEASURE(1.E-07),#6706,
  'distance_accuracy_value','confusion accuracy');
#6710 = CONTEXT_DEPENDENT_SHAPE_REPRESENTATION(#6711,#6713);
#6711 = ( REPRESENTATION_RELATIONSHIP('','',#5914,#10) 
REPRESENTATION_RELATIONSHIP_WITH_TRANSFORMATION(#6712) 
SHAPE_REPRESENTATION_RELATIONSHIP() );
#6712 = ITEM_DEFINED_TRANSFORMATION('','',#11,#27);
#6713 = PRODUCT_DEFINITION_SHAPE('Placement','Placement of an item',
  #6714);
#6714 = NEXT_ASSEMBLY_USAGE_OCCURRENCE('4','R8','',#5,#5909,$);
#6715 = PRODUCT_RELATED_PRODUCT_CATEGORY('part',$,(#5911));
#6716 = CONTEXT_DEPENDENT_SHAPE_REPRESENTATION(#6717,#6719);
#6717 = ( REPRESENTATION_RELATIONSHIP('','',#5914,#10) 
REPRESENTATION_RELATIONSHIP_WITH_TRANSFORMATION(#6718) 
SHAPE_REPRESENTATION_RELATIONSHIP() );
#6718 = ITEM_DEFINED_TRANSFORMATION('','',#11,#31);
#6719 = PRODUCT_DEFINITION_SHAPE('Placement','Placement of an item',
  #6720);
#6720 = NEXT_ASSEMBLY_USAGE_OCCURRENCE('5','R7','',#5,#5909,$);
#6721 = CONTEXT_DEPENDENT_SHAPE_REPRESENTATION(#6722,#6724);
#6722 = ( REPRESENTATION_RELATIONSHIP('','',#5914,#10) 
REPRESENTATION_RELATIONSHIP_WITH_TRANSFORMATION(#6723) 
SHAPE_REPRESENTATION_RELATIONSHIP() );
#6723 = ITEM_DEFINED_TRANSFORMATION('','',#11,#35);
#6724 = PRODUCT_DEFINITION_SHAPE('Placement','Placement of an item',
  #6725);
#6725 = NEXT_ASSEMBLY_USAGE_OCCURRENCE('6','R12','',#5,#5909,$);
#6726 = CONTEXT_DEPENDENT_SHAPE_REPRESENTATION(#6727,#6729);
#6727 = ( REPRESENTATION_RELATIONSHIP('','',#5914,#10) 
REPRESENTATION_RELATIONSHIP_WITH_TRANSFORMATION(#6728) 
SHAPE_REPRESENTATION_RELATIONSHIP() );
#6728 = ITEM_DEFINED_TRANSFORMATION('','',#11,#39);
#6729 = PRODUCT_DEFINITION_SHAPE('Placement','Placement of an item',
  #6730);
#6730 = NEXT_ASSEMBLY_USAGE_OCCURRENCE('7','R9','',#5,#5909,$);
#6731 = SHAPE_DEFINITION_REPRESENTATION(#6732,#6738);
#6732 = PRODUCT_DEFINITION_SHAPE('','',#6733);
#6733 = PRODUCT_DEFINITION('design','',#6734,#6737);
#6734 = PRODUCT_DEFINITION_FORMATION('','',#6735);
#6735 = PRODUCT('SMA_Samtec_SMA-J-P-H-ST-EM1_EdgeMount',
  'SMA_Samtec_SMA-J-P-H-ST-EM1_EdgeMount','',(#6736));
#6736 = PRODUCT_CONTEXT('',#2,'mechanical');
#6737 = PRODUCT_DEFINITION_CONTEXT('part definition',#2,'design');
#6738 = ADVANCED_BREP_SHAPE_REPRESENTATION('',(#11,#6739),#11397);
#6739 = MANIFOLD_SOLID_BREP('',#6740);
#6740 = CLOSED_SHELL('',(#6741,#6781,#6836,#6891,#6997,#7025,#7049,#7080
    ,#7111,#7142,#7173,#7197,#7221,#7238,#7262,#7286,#7317,#7334,#7358,
    #7382,#7399,#7424,#7449,#7466,#7483,#7495,#7507,#7519,#7531,#7540,
    #7670,#7815,#7888,#8051,#8078,#8189,#8298,#8413,#8559,#8670,#8779,
    #8888,#9034,#9145,#9254,#9363,#9509,#9620,#9729,#9838,#9984,#10095,
    #10204,#10313,#10459,#10570,#10679,#10788,#10898,#11011,#11124,
    #11141,#11204,#11273,#11298,#11318,#11343,#11363,#11388));
#6741 = ADVANCED_FACE('',(#6742),#6776,.T.);
#6742 = FACE_BOUND('',#6743,.T.);
#6743 = EDGE_LOOP('',(#6744,#6754,#6762,#6770));
#6744 = ORIENTED_EDGE('',*,*,#6745,.T.);
#6745 = EDGE_CURVE('',#6746,#6748,#6750,.T.);
#6746 = VERTEX_POINT('',#6747);
#6747 = CARTESIAN_POINT('',(2.1,-3.175,3.675));
#6748 = VERTEX_POINT('',#6749);
#6749 = CARTESIAN_POINT('',(3.7,-3.175,3.675));
#6750 = LINE('',#6751,#6752);
#6751 = CARTESIAN_POINT('',(2.1,-3.175,3.675));
#6752 = VECTOR('',#6753,1.);
#6753 = DIRECTION('',(1.,-4.440892098501E-16,6.7E-16));
#6754 = ORIENTED_EDGE('',*,*,#6755,.T.);
#6755 = EDGE_CURVE('',#6748,#6756,#6758,.T.);
#6756 = VERTEX_POINT('',#6757);
#6757 = CARTESIAN_POINT('',(3.7,3.175,3.675));
#6758 = LINE('',#6759,#6760);
#6759 = CARTESIAN_POINT('',(3.7,-3.175,3.675));
#6760 = VECTOR('',#6761,1.);
#6761 = DIRECTION('',(4.440892098501E-16,1.,0.));
#6762 = ORIENTED_EDGE('',*,*,#6763,.F.);
#6763 = EDGE_CURVE('',#6764,#6756,#6766,.T.);
#6764 = VERTEX_POINT('',#6765);
#6765 = CARTESIAN_POINT('',(2.1,3.175,3.675));
#6766 = LINE('',#6767,#6768);
#6767 = CARTESIAN_POINT('',(2.1,3.175,3.675));
#6768 = VECTOR('',#6769,1.);
#6769 = DIRECTION('',(1.,-4.440892098501E-16,6.7E-16));
#6770 = ORIENTED_EDGE('',*,*,#6771,.F.);
#6771 = EDGE_CURVE('',#6746,#6764,#6772,.T.);
#6772 = LINE('',#6773,#6774);
#6773 = CARTESIAN_POINT('',(2.1,-3.175,3.675));
#6774 = VECTOR('',#6775,1.);
#6775 = DIRECTION('',(4.440892098501E-16,1.,0.));
#6776 = PLANE('',#6777);
#6777 = AXIS2_PLACEMENT_3D('',#6778,#6779,#6780);
#6778 = CARTESIAN_POINT('',(2.1,-3.175,3.675));
#6779 = DIRECTION('',(-6.7E-16,2.975397705995E-31,1.));
#6780 = DIRECTION('',(4.440892098501E-16,1.,6.699080398357E-44));
#6781 = ADVANCED_FACE('',(#6782),#6831,.T.);
#6782 = FACE_BOUND('',#6783,.T.);
#6783 = EDGE_LOOP('',(#6784,#6794,#6800,#6801,#6809,#6817,#6825));
#6784 = ORIENTED_EDGE('',*,*,#6785,.T.);
#6785 = EDGE_CURVE('',#6786,#6788,#6790,.T.);
#6786 = VERTEX_POINT('',#6787);
#6787 = CARTESIAN_POINT('',(2.1,-3.175,-2.675));
#6788 = VERTEX_POINT('',#6789);
#6789 = CARTESIAN_POINT('',(3.7,-3.175,-2.675));
#6790 = LINE('',#6791,#6792);
#6791 = CARTESIAN_POINT('',(2.1,-3.175,-2.675));
#6792 = VECTOR('',#6793,1.);
#6793 = DIRECTION('',(1.,-4.440892098501E-16,6.7E-16));
#6794 = ORIENTED_EDGE('',*,*,#6795,.T.);
#6795 = EDGE_CURVE('',#6788,#6748,#6796,.T.);
#6796 = LINE('',#6797,#6798);
#6797 = CARTESIAN_POINT('',(3.7,-3.175,-2.675));
#6798 = VECTOR('',#6799,1.);
#6799 = DIRECTION('',(-4.4E-16,1.95399252334E-31,1.));
#6800 = ORIENTED_EDGE('',*,*,#6745,.F.);
#6801 = ORIENTED_EDGE('',*,*,#6802,.F.);
#6802 = EDGE_CURVE('',#6803,#6746,#6805,.T.);
#6803 = VERTEX_POINT('',#6804);
#6804 = CARTESIAN_POINT('',(2.1,-3.175,1.145));
#6805 = LINE('',#6806,#6807);
#6806 = CARTESIAN_POINT('',(2.1,-3.175,-2.675));
#6807 = VECTOR('',#6808,1.);
#6808 = DIRECTION('',(-4.4E-16,1.95399252334E-31,1.));
#6809 = ORIENTED_EDGE('',*,*,#6810,.F.);
#6810 = EDGE_CURVE('',#6811,#6803,#6813,.T.);
#6811 = VERTEX_POINT('',#6812);
#6812 = CARTESIAN_POINT('',(2.1,-3.175,0.125));
#6813 = LINE('',#6814,#6815);
#6814 = CARTESIAN_POINT('',(2.1,-3.175,0.125));
#6815 = VECTOR('',#6816,1.);
#6816 = DIRECTION('',(-4.4E-16,1.95399252334E-31,1.));
#6817 = ORIENTED_EDGE('',*,*,#6818,.F.);
#6818 = EDGE_CURVE('',#6819,#6811,#6821,.T.);
#6819 = VERTEX_POINT('',#6820);
#6820 = CARTESIAN_POINT('',(2.1,-3.175,-1.605));
#6821 = LINE('',#6822,#6823);
#6822 = CARTESIAN_POINT('',(2.1,-3.175,-2.675));
#6823 = VECTOR('',#6824,1.);
#6824 = DIRECTION('',(-4.4E-16,1.95399252334E-31,1.));
#6825 = ORIENTED_EDGE('',*,*,#6826,.F.);
#6826 = EDGE_CURVE('',#6786,#6819,#6827,.T.);
#6827 = LINE('',#6828,#6829);
#6828 = CARTESIAN_POINT('',(2.1,-3.175,-2.675));
#6829 = VECTOR('',#6830,1.);
#6830 = DIRECTION('',(-4.4E-16,1.95399252334E-31,1.));
#6831 = PLANE('',#6832);
#6832 = AXIS2_PLACEMENT_3D('',#6833,#6834,#6835);
#6833 = CARTESIAN_POINT('',(2.1,-3.175,-2.675));
#6834 = DIRECTION('',(-4.440892098501E-16,-1.,0.));
#6835 = DIRECTION('',(-7.8E-16,3.463895836831E-31,1.));
#6836 = ADVANCED_FACE('',(#6837),#6886,.T.);
#6837 = FACE_BOUND('',#6838,.T.);
#6838 = EDGE_LOOP('',(#6839,#6840,#6848,#6856,#6864,#6872,#6880));
#6839 = ORIENTED_EDGE('',*,*,#6763,.T.);
#6840 = ORIENTED_EDGE('',*,*,#6841,.T.);
#6841 = EDGE_CURVE('',#6756,#6842,#6844,.T.);
#6842 = VERTEX_POINT('',#6843);
#6843 = CARTESIAN_POINT('',(3.7,3.175,-2.675));
#6844 = LINE('',#6845,#6846);
#6845 = CARTESIAN_POINT('',(3.7,3.175,3.675));
#6846 = VECTOR('',#6847,1.);
#6847 = DIRECTION('',(4.4E-16,-1.95399252334E-31,-1.));
#6848 = ORIENTED_EDGE('',*,*,#6849,.F.);
#6849 = EDGE_CURVE('',#6850,#6842,#6852,.T.);
#6850 = VERTEX_POINT('',#6851);
#6851 = CARTESIAN_POINT('',(2.1,3.175,-2.675));
#6852 = LINE('',#6853,#6854);
#6853 = CARTESIAN_POINT('',(2.1,3.175,-2.675));
#6854 = VECTOR('',#6855,1.);
#6855 = DIRECTION('',(1.,-4.440892098501E-16,6.7E-16));
#6856 = ORIENTED_EDGE('',*,*,#6857,.F.);
#6857 = EDGE_CURVE('',#6858,#6850,#6860,.T.);
#6858 = VERTEX_POINT('',#6859);
#6859 = CARTESIAN_POINT('',(2.1,3.175,-1.605));
#6860 = LINE('',#6861,#6862);
#6861 = CARTESIAN_POINT('',(2.1,3.175,3.675));
#6862 = VECTOR('',#6863,1.);
#6863 = DIRECTION('',(4.4E-16,-1.95399252334E-31,-1.));
#6864 = ORIENTED_EDGE('',*,*,#6865,.F.);
#6865 = EDGE_CURVE('',#6866,#6858,#6868,.T.);
#6866 = VERTEX_POINT('',#6867);
#6867 = CARTESIAN_POINT('',(2.1,3.175,0.125));
#6868 = LINE('',#6869,#6870);
#6869 = CARTESIAN_POINT('',(2.1,3.175,3.675));
#6870 = VECTOR('',#6871,1.);
#6871 = DIRECTION('',(4.4E-16,-1.95399252334E-31,-1.));
#6872 = ORIENTED_EDGE('',*,*,#6873,.F.);
#6873 = EDGE_CURVE('',#6874,#6866,#6876,.T.);
#6874 = VERTEX_POINT('',#6875);
#6875 = CARTESIAN_POINT('',(2.1,3.175,1.145));
#6876 = LINE('',#6877,#6878);
#6877 = CARTESIAN_POINT('',(2.1,3.175,1.145));
#6878 = VECTOR('',#6879,1.);
#6879 = DIRECTION('',(4.4E-16,-4.4E-16,-1.));
#6880 = ORIENTED_EDGE('',*,*,#6881,.F.);
#6881 = EDGE_CURVE('',#6764,#6874,#6882,.T.);
#6882 = LINE('',#6883,#6884);
#6883 = CARTESIAN_POINT('',(2.1,3.175,3.675));
#6884 = VECTOR('',#6885,1.);
#6885 = DIRECTION('',(4.4E-16,-1.95399252334E-31,-1.));
#6886 = PLANE('',#6887);
#6887 = AXIS2_PLACEMENT_3D('',#6888,#6889,#6890);
#6888 = CARTESIAN_POINT('',(2.1,3.175,3.675));
#6889 = DIRECTION('',(4.440892098501E-16,1.,0.));
#6890 = DIRECTION('',(7.8E-16,-3.463895836831E-31,-1.));
#6891 = ADVANCED_FACE('',(#6892,#6981),#6992,.T.);
#6892 = FACE_BOUND('',#6893,.T.);
#6893 = EDGE_LOOP('',(#6894,#6895,#6896,#6897,#6905,#6913,#6919,#6920,
    #6928,#6936,#6944,#6952,#6958,#6959,#6967,#6975));
#6894 = ORIENTED_EDGE('',*,*,#6802,.T.);
#6895 = ORIENTED_EDGE('',*,*,#6771,.T.);
#6896 = ORIENTED_EDGE('',*,*,#6881,.T.);
#6897 = ORIENTED_EDGE('',*,*,#6898,.F.);
#6898 = EDGE_CURVE('',#6899,#6874,#6901,.T.);
#6899 = VERTEX_POINT('',#6900);
#6900 = CARTESIAN_POINT('',(2.1,2.365,1.145));
#6901 = LINE('',#6902,#6903);
#6902 = CARTESIAN_POINT('',(2.1,2.365,1.145));
#6903 = VECTOR('',#6904,1.);
#6904 = DIRECTION('',(4.440892098501E-16,1.,0.));
#6905 = ORIENTED_EDGE('',*,*,#6906,.F.);
#6906 = EDGE_CURVE('',#6907,#6899,#6909,.T.);
#6907 = VERTEX_POINT('',#6908);
#6908 = CARTESIAN_POINT('',(2.1,2.365,0.125));
#6909 = LINE('',#6910,#6911);
#6910 = CARTESIAN_POINT('',(2.1,2.365,0.125));
#6911 = VECTOR('',#6912,1.);
#6912 = DIRECTION('',(-4.4E-16,1.95399252334E-31,1.));
#6913 = ORIENTED_EDGE('',*,*,#6914,.F.);
#6914 = EDGE_CURVE('',#6866,#6907,#6915,.T.);
#6915 = LINE('',#6916,#6917);
#6916 = CARTESIAN_POINT('',(2.1,3.175,0.125));
#6917 = VECTOR('',#6918,1.);
#6918 = DIRECTION('',(-4.440892098501E-16,-1.,0.));
#6919 = ORIENTED_EDGE('',*,*,#6865,.T.);
#6920 = ORIENTED_EDGE('',*,*,#6921,.T.);
#6921 = EDGE_CURVE('',#6858,#6922,#6924,.T.);
#6922 = VERTEX_POINT('',#6923);
#6923 = CARTESIAN_POINT('',(2.1,2.365,-1.605));
#6924 = LINE('',#6925,#6926);
#6925 = CARTESIAN_POINT('',(2.1,3.175,-1.605));
#6926 = VECTOR('',#6927,1.);
#6927 = DIRECTION('',(-4.440892098501E-16,-1.,0.));
#6928 = ORIENTED_EDGE('',*,*,#6929,.T.);
#6929 = EDGE_CURVE('',#6922,#6930,#6932,.T.);
#6930 = VERTEX_POINT('',#6931);
#6931 = CARTESIAN_POINT('',(2.1,2.365,-2.675));
#6932 = LINE('',#6933,#6934);
#6933 = CARTESIAN_POINT('',(2.1,2.365,-1.605));
#6934 = VECTOR('',#6935,1.);
#6935 = DIRECTION('',(4.4E-16,-1.95399252334E-31,-1.));
#6936 = ORIENTED_EDGE('',*,*,#6937,.T.);
#6937 = EDGE_CURVE('',#6930,#6938,#6940,.T.);
#6938 = VERTEX_POINT('',#6939);
#6939 = CARTESIAN_POINT('',(2.1,-2.365,-2.675));
#6940 = LINE('',#6941,#6942);
#6941 = CARTESIAN_POINT('',(2.1,3.175,-2.675));
#6942 = VECTOR('',#6943,1.);
#6943 = DIRECTION('',(-4.440892098501E-16,-1.,0.));
#6944 = ORIENTED_EDGE('',*,*,#6945,.F.);
#6945 = EDGE_CURVE('',#6946,#6938,#6948,.T.);
#6946 = VERTEX_POINT('',#6947);
#6947 = CARTESIAN_POINT('',(2.1,-2.365,-1.605));
#6948 = LINE('',#6949,#6950);
#6949 = CARTESIAN_POINT('',(2.1,-2.365,-1.605));
#6950 = VECTOR('',#6951,1.);
#6951 = DIRECTION('',(4.4E-16,-1.95399252334E-31,-1.));
#6952 = ORIENTED_EDGE('',*,*,#6953,.F.);
#6953 = EDGE_CURVE('',#6819,#6946,#6954,.T.);
#6954 = LINE('',#6955,#6956);
#6955 = CARTESIAN_POINT('',(2.1,-3.175,-1.605));
#6956 = VECTOR('',#6957,1.);
#6957 = DIRECTION('',(4.440892098501E-16,1.,0.));
#6958 = ORIENTED_EDGE('',*,*,#6818,.T.);
#6959 = ORIENTED_EDGE('',*,*,#6960,.F.);
#6960 = EDGE_CURVE('',#6961,#6811,#6963,.T.);
#6961 = VERTEX_POINT('',#6962);
#6962 = CARTESIAN_POINT('',(2.1,-2.365,0.125));
#6963 = LINE('',#6964,#6965);
#6964 = CARTESIAN_POINT('',(2.1,-2.365,0.125));
#6965 = VECTOR('',#6966,1.);
#6966 = DIRECTION('',(-4.440892098501E-16,-1.,0.));
#6967 = ORIENTED_EDGE('',*,*,#6968,.F.);
#6968 = EDGE_CURVE('',#6969,#6961,#6971,.T.);
#6969 = VERTEX_POINT('',#6970);
#6970 = CARTESIAN_POINT('',(2.1,-2.365,1.145));
#6971 = LINE('',#6972,#6973);
#6972 = CARTESIAN_POINT('',(2.1,-2.365,1.145));
#6973 = VECTOR('',#6974,1.);
#6974 = DIRECTION('',(4.4E-16,-1.95399252334E-31,-1.));
#6975 = ORIENTED_EDGE('',*,*,#6976,.F.);
#6976 = EDGE_CURVE('',#6803,#6969,#6977,.T.);
#6977 = LINE('',#6978,#6979);
#6978 = CARTESIAN_POINT('',(2.1,-3.175,1.145));
#6979 = VECTOR('',#6980,1.);
#6980 = DIRECTION('',(4.440892098501E-16,1.,0.));
#6981 = FACE_BOUND('',#6982,.T.);
#6982 = EDGE_LOOP('',(#6983));
#6983 = ORIENTED_EDGE('',*,*,#6984,.F.);
#6984 = EDGE_CURVE('',#6985,#6985,#6987,.T.);
#6985 = VERTEX_POINT('',#6986);
#6986 = CARTESIAN_POINT('',(2.1,0.635,0.5));
#6987 = CIRCLE('',#6988,0.635);
#6988 = AXIS2_PLACEMENT_3D('',#6989,#6990,#6991);
#6989 = CARTESIAN_POINT('',(2.1,-4.440892098501E-16,0.5));
#6990 = DIRECTION('',(-1.,4.440892098501E-16,-1.44E-15));
#6991 = DIRECTION('',(4.440892098501E-16,1.,0.));
#6992 = PLANE('',#6993);
#6993 = AXIS2_PLACEMENT_3D('',#6994,#6995,#6996);
#6994 = CARTESIAN_POINT('',(2.1,-5.840892098501E-16,0.5));
#6995 = DIRECTION('',(-1.,4.440892098501E-16,-8.9E-16));
#6996 = DIRECTION('',(-8.9E-16,3.952393967666E-31,1.));
#6997 = ADVANCED_FACE('',(#6998,#7009),#7020,.F.);
#6998 = FACE_BOUND('',#6999,.F.);
#6999 = EDGE_LOOP('',(#7000,#7001,#7002,#7008));
#7000 = ORIENTED_EDGE('',*,*,#6755,.T.);
#7001 = ORIENTED_EDGE('',*,*,#6841,.T.);
#7002 = ORIENTED_EDGE('',*,*,#7003,.T.);
#7003 = EDGE_CURVE('',#6842,#6788,#7004,.T.);
#7004 = LINE('',#7005,#7006);
#7005 = CARTESIAN_POINT('',(3.7,3.175,-2.675));
#7006 = VECTOR('',#7007,1.);
#7007 = DIRECTION('',(-4.440892098501E-16,-1.,0.));
#7008 = ORIENTED_EDGE('',*,*,#6795,.T.);
#7009 = FACE_BOUND('',#7010,.F.);
#7010 = EDGE_LOOP('',(#7011));
#7011 = ORIENTED_EDGE('',*,*,#7012,.T.);
#7012 = EDGE_CURVE('',#7013,#7013,#7015,.T.);
#7013 = VERTEX_POINT('',#7014);
#7014 = CARTESIAN_POINT('',(3.7,-1.15463194561E-15,-2.1));
#7015 = CIRCLE('',#7016,2.6);
#7016 = AXIS2_PLACEMENT_3D('',#7017,#7018,#7019);
#7017 = CARTESIAN_POINT('',(3.7,-1.33463194561E-15,0.5));
#7018 = DIRECTION('',(1.,-5.540892098501E-16,4.4E-16));
#7019 = DIRECTION('',(4.4E-16,1.5E-16,-1.));
#7020 = PLANE('',#7021);
#7021 = AXIS2_PLACEMENT_3D('',#7022,#7023,#7024);
#7022 = CARTESIAN_POINT('',(3.7,-1.29463194561E-15,0.5));
#7023 = DIRECTION('',(-1.,4.440892098501E-16,-8.9E-16));
#7024 = DIRECTION('',(-8.9E-16,3.952393967666E-31,1.));
#7025 = ADVANCED_FACE('',(#7026),#7044,.T.);
#7026 = FACE_BOUND('',#7027,.T.);
#7027 = EDGE_LOOP('',(#7028,#7029,#7030,#7031,#7037,#7038));
#7028 = ORIENTED_EDGE('',*,*,#6849,.T.);
#7029 = ORIENTED_EDGE('',*,*,#7003,.T.);
#7030 = ORIENTED_EDGE('',*,*,#6785,.F.);
#7031 = ORIENTED_EDGE('',*,*,#7032,.F.);
#7032 = EDGE_CURVE('',#6938,#6786,#7033,.T.);
#7033 = LINE('',#7034,#7035);
#7034 = CARTESIAN_POINT('',(2.1,3.175,-2.675));
#7035 = VECTOR('',#7036,1.);
#7036 = DIRECTION('',(-4.440892098501E-16,-1.,0.));
#7037 = ORIENTED_EDGE('',*,*,#6937,.F.);
#7038 = ORIENTED_EDGE('',*,*,#7039,.F.);
#7039 = EDGE_CURVE('',#6850,#6930,#7040,.T.);
#7040 = LINE('',#7041,#7042);
#7041 = CARTESIAN_POINT('',(2.1,3.175,-2.675));
#7042 = VECTOR('',#7043,1.);
#7043 = DIRECTION('',(-4.440892098501E-16,-1.,0.));
#7044 = PLANE('',#7045);
#7045 = AXIS2_PLACEMENT_3D('',#7046,#7047,#7048);
#7046 = CARTESIAN_POINT('',(2.1,3.175,-2.675));
#7047 = DIRECTION('',(6.7E-16,-2.975397705995E-31,-1.));
#7048 = DIRECTION('',(-4.440892098501E-16,-1.,-6.699080398357E-44));
#7049 = ADVANCED_FACE('',(#7050),#7075,.F.);
#7050 = FACE_BOUND('',#7051,.F.);
#7051 = EDGE_LOOP('',(#7052,#7060,#7068,#7074));
#7052 = ORIENTED_EDGE('',*,*,#7053,.T.);
#7053 = EDGE_CURVE('',#6786,#7054,#7056,.T.);
#7054 = VERTEX_POINT('',#7055);
#7055 = CARTESIAN_POINT('',(-1.71,-3.175,-2.675));
#7056 = LINE('',#7057,#7058);
#7057 = CARTESIAN_POINT('',(2.1,-3.175,-2.675));
#7058 = VECTOR('',#7059,1.);
#7059 = DIRECTION('',(-1.,4.440892098501E-16,-1.1E-16));
#7060 = ORIENTED_EDGE('',*,*,#7061,.T.);
#7061 = EDGE_CURVE('',#7054,#7062,#7064,.T.);
#7062 = VERTEX_POINT('',#7063);
#7063 = CARTESIAN_POINT('',(-1.71,-3.175,-1.605));
#7064 = LINE('',#7065,#7066);
#7065 = CARTESIAN_POINT('',(-1.71,-3.175,-2.675));
#7066 = VECTOR('',#7067,1.);
#7067 = DIRECTION('',(-4.4E-16,1.95399252334E-31,1.));
#7068 = ORIENTED_EDGE('',*,*,#7069,.F.);
#7069 = EDGE_CURVE('',#6819,#7062,#7070,.T.);
#7070 = LINE('',#7071,#7072);
#7071 = CARTESIAN_POINT('',(2.1,-3.175,-1.605));
#7072 = VECTOR('',#7073,1.);
#7073 = DIRECTION('',(-1.,4.440892098501E-16,-1.1E-16));
#7074 = ORIENTED_EDGE('',*,*,#6826,.F.);
#7075 = PLANE('',#7076);
#7076 = AXIS2_PLACEMENT_3D('',#7077,#7078,#7079);
#7077 = CARTESIAN_POINT('',(2.1,-3.175,-2.675));
#7078 = DIRECTION('',(4.440892098501E-16,1.,0.));
#7079 = DIRECTION('',(-1.1E-16,4.884981308351E-32,1.));
#7080 = ADVANCED_FACE('',(#7081),#7106,.F.);
#7081 = FACE_BOUND('',#7082,.F.);
#7082 = EDGE_LOOP('',(#7083,#7091,#7099,#7105));
#7083 = ORIENTED_EDGE('',*,*,#7084,.T.);
#7084 = EDGE_CURVE('',#6811,#7085,#7087,.T.);
#7085 = VERTEX_POINT('',#7086);
#7086 = CARTESIAN_POINT('',(-1.71,-3.175,0.125));
#7087 = LINE('',#7088,#7089);
#7088 = CARTESIAN_POINT('',(2.1,-3.175,0.125));
#7089 = VECTOR('',#7090,1.);
#7090 = DIRECTION('',(-1.,4.440892098501E-16,-1.1E-16));
#7091 = ORIENTED_EDGE('',*,*,#7092,.T.);
#7092 = EDGE_CURVE('',#7085,#7093,#7095,.T.);
#7093 = VERTEX_POINT('',#7094);
#7094 = CARTESIAN_POINT('',(-1.71,-3.175,1.145));
#7095 = LINE('',#7096,#7097);
#7096 = CARTESIAN_POINT('',(-1.71,-3.175,0.125));
#7097 = VECTOR('',#7098,1.);
#7098 = DIRECTION('',(-4.4E-16,1.95399252334E-31,1.));
#7099 = ORIENTED_EDGE('',*,*,#7100,.F.);
#7100 = EDGE_CURVE('',#6803,#7093,#7101,.T.);
#7101 = LINE('',#7102,#7103);
#7102 = CARTESIAN_POINT('',(2.1,-3.175,1.145));
#7103 = VECTOR('',#7104,1.);
#7104 = DIRECTION('',(-1.,4.440892098501E-16,-1.1E-16));
#7105 = ORIENTED_EDGE('',*,*,#6810,.F.);
#7106 = PLANE('',#7107);
#7107 = AXIS2_PLACEMENT_3D('',#7108,#7109,#7110);
#7108 = CARTESIAN_POINT('',(2.1,-3.175,0.125));
#7109 = DIRECTION('',(4.440892098501E-16,1.,0.));
#7110 = DIRECTION('',(-1.1E-16,4.884981308351E-32,1.));
#7111 = ADVANCED_FACE('',(#7112),#7137,.F.);
#7112 = FACE_BOUND('',#7113,.F.);
#7113 = EDGE_LOOP('',(#7114,#7122,#7130,#7136));
#7114 = ORIENTED_EDGE('',*,*,#7115,.T.);
#7115 = EDGE_CURVE('',#6874,#7116,#7118,.T.);
#7116 = VERTEX_POINT('',#7117);
#7117 = CARTESIAN_POINT('',(-1.71,3.175,1.145));
#7118 = LINE('',#7119,#7120);
#7119 = CARTESIAN_POINT('',(2.1,3.175,1.145));
#7120 = VECTOR('',#7121,1.);
#7121 = DIRECTION('',(-1.,4.440892098501E-16,-1.1E-16));
#7122 = ORIENTED_EDGE('',*,*,#7123,.T.);
#7123 = EDGE_CURVE('',#7116,#7124,#7126,.T.);
#7124 = VERTEX_POINT('',#7125);
#7125 = CARTESIAN_POINT('',(-1.71,3.175,0.125));
#7126 = LINE('',#7127,#7128);
#7127 = CARTESIAN_POINT('',(-1.71,3.175,1.145));
#7128 = VECTOR('',#7129,1.);
#7129 = DIRECTION('',(4.4E-16,-4.4E-16,-1.));
#7130 = ORIENTED_EDGE('',*,*,#7131,.F.);
#7131 = EDGE_CURVE('',#6866,#7124,#7132,.T.);
#7132 = LINE('',#7133,#7134);
#7133 = CARTESIAN_POINT('',(2.1,3.175,0.125));
#7134 = VECTOR('',#7135,1.);
#7135 = DIRECTION('',(-1.,4.440892098501E-16,-1.1E-16));
#7136 = ORIENTED_EDGE('',*,*,#6873,.F.);
#7137 = PLANE('',#7138);
#7138 = AXIS2_PLACEMENT_3D('',#7139,#7140,#7141);
#7139 = CARTESIAN_POINT('',(2.1,3.175,1.145));
#7140 = DIRECTION('',(-4.440892098501E-16,-1.,4.4E-16));
#7141 = DIRECTION('',(1.1E-16,-4.4E-16,-1.));
#7142 = ADVANCED_FACE('',(#7143),#7168,.T.);
#7143 = FACE_BOUND('',#7144,.T.);
#7144 = EDGE_LOOP('',(#7145,#7153,#7161,#7167));
#7145 = ORIENTED_EDGE('',*,*,#7146,.T.);
#7146 = EDGE_CURVE('',#6850,#7147,#7149,.T.);
#7147 = VERTEX_POINT('',#7148);
#7148 = CARTESIAN_POINT('',(-1.71,3.175,-2.675));
#7149 = LINE('',#7150,#7151);
#7150 = CARTESIAN_POINT('',(2.1,3.175,-2.675));
#7151 = VECTOR('',#7152,1.);
#7152 = DIRECTION('',(-1.,4.440892098501E-16,-1.1E-16));
#7153 = ORIENTED_EDGE('',*,*,#7154,.T.);
#7154 = EDGE_CURVE('',#7147,#7155,#7157,.T.);
#7155 = VERTEX_POINT('',#7156);
#7156 = CARTESIAN_POINT('',(-1.71,3.175,-1.605));
#7157 = LINE('',#7158,#7159);
#7158 = CARTESIAN_POINT('',(-1.71,3.175,-2.675));
#7159 = VECTOR('',#7160,1.);
#7160 = DIRECTION('',(-4.4E-16,1.95399252334E-31,1.));
#7161 = ORIENTED_EDGE('',*,*,#7162,.F.);
#7162 = EDGE_CURVE('',#6858,#7155,#7163,.T.);
#7163 = LINE('',#7164,#7165);
#7164 = CARTESIAN_POINT('',(2.1,3.175,-1.605));
#7165 = VECTOR('',#7166,1.);
#7166 = DIRECTION('',(-1.,4.440892098501E-16,-1.1E-16));
#7167 = ORIENTED_EDGE('',*,*,#6857,.T.);
#7168 = PLANE('',#7169);
#7169 = AXIS2_PLACEMENT_3D('',#7170,#7171,#7172);
#7170 = CARTESIAN_POINT('',(2.1,3.175,-2.675));
#7171 = DIRECTION('',(4.440892098501E-16,1.,0.));
#7172 = DIRECTION('',(-1.1E-16,4.884981308351E-32,1.));
#7173 = ADVANCED_FACE('',(#7174),#7192,.F.);
#7174 = FACE_BOUND('',#7175,.F.);
#7175 = EDGE_LOOP('',(#7176,#7177,#7185,#7191));
#7176 = ORIENTED_EDGE('',*,*,#7100,.T.);
#7177 = ORIENTED_EDGE('',*,*,#7178,.T.);
#7178 = EDGE_CURVE('',#7093,#7179,#7181,.T.);
#7179 = VERTEX_POINT('',#7180);
#7180 = CARTESIAN_POINT('',(-1.71,-2.365,1.145));
#7181 = LINE('',#7182,#7183);
#7182 = CARTESIAN_POINT('',(-1.71,-3.175,1.145));
#7183 = VECTOR('',#7184,1.);
#7184 = DIRECTION('',(4.440892098501E-16,1.,0.));
#7185 = ORIENTED_EDGE('',*,*,#7186,.F.);
#7186 = EDGE_CURVE('',#6969,#7179,#7187,.T.);
#7187 = LINE('',#7188,#7189);
#7188 = CARTESIAN_POINT('',(2.1,-2.365,1.145));
#7189 = VECTOR('',#7190,1.);
#7190 = DIRECTION('',(-1.,4.440892098501E-16,-1.1E-16));
#7191 = ORIENTED_EDGE('',*,*,#6976,.F.);
#7192 = PLANE('',#7193);
#7193 = AXIS2_PLACEMENT_3D('',#7194,#7195,#7196);
#7194 = CARTESIAN_POINT('',(2.1,-3.175,1.145));
#7195 = DIRECTION('',(1.1E-16,-4.884981308351E-32,-1.));
#7196 = DIRECTION('',(4.440892098501E-16,1.,9.96346602486E-46));
#7197 = ADVANCED_FACE('',(#7198),#7216,.F.);
#7198 = FACE_BOUND('',#7199,.F.);
#7199 = EDGE_LOOP('',(#7200,#7201,#7209,#7215));
#7200 = ORIENTED_EDGE('',*,*,#7186,.T.);
#7201 = ORIENTED_EDGE('',*,*,#7202,.T.);
#7202 = EDGE_CURVE('',#7179,#7203,#7205,.T.);
#7203 = VERTEX_POINT('',#7204);
#7204 = CARTESIAN_POINT('',(-1.71,-2.365,0.125));
#7205 = LINE('',#7206,#7207);
#7206 = CARTESIAN_POINT('',(-1.71,-2.365,1.145));
#7207 = VECTOR('',#7208,1.);
#7208 = DIRECTION('',(4.4E-16,-1.95399252334E-31,-1.));
#7209 = ORIENTED_EDGE('',*,*,#7210,.F.);
#7210 = EDGE_CURVE('',#6961,#7203,#7211,.T.);
#7211 = LINE('',#7212,#7213);
#7212 = CARTESIAN_POINT('',(2.1,-2.365,0.125));
#7213 = VECTOR('',#7214,1.);
#7214 = DIRECTION('',(-1.,4.440892098501E-16,-1.1E-16));
#7215 = ORIENTED_EDGE('',*,*,#6968,.F.);
#7216 = PLANE('',#7217);
#7217 = AXIS2_PLACEMENT_3D('',#7218,#7219,#7220);
#7218 = CARTESIAN_POINT('',(2.1,-2.365,1.145));
#7219 = DIRECTION('',(-4.440892098501E-16,-1.,0.));
#7220 = DIRECTION('',(1.1E-16,-4.884981308351E-32,-1.));
#7221 = ADVANCED_FACE('',(#7222),#7233,.F.);
#7222 = FACE_BOUND('',#7223,.F.);
#7223 = EDGE_LOOP('',(#7224,#7225,#7231,#7232));
#7224 = ORIENTED_EDGE('',*,*,#7210,.T.);
#7225 = ORIENTED_EDGE('',*,*,#7226,.T.);
#7226 = EDGE_CURVE('',#7203,#7085,#7227,.T.);
#7227 = LINE('',#7228,#7229);
#7228 = CARTESIAN_POINT('',(-1.71,-2.365,0.125));
#7229 = VECTOR('',#7230,1.);
#7230 = DIRECTION('',(-4.440892098501E-16,-1.,0.));
#7231 = ORIENTED_EDGE('',*,*,#7084,.F.);
#7232 = ORIENTED_EDGE('',*,*,#6960,.F.);
#7233 = PLANE('',#7234);
#7234 = AXIS2_PLACEMENT_3D('',#7235,#7236,#7237);
#7235 = CARTESIAN_POINT('',(2.1,-2.365,0.125));
#7236 = DIRECTION('',(-1.1E-16,4.884981308351E-32,1.));
#7237 = DIRECTION('',(-4.440892098501E-16,-1.,-9.96346602486E-46));
#7238 = ADVANCED_FACE('',(#7239),#7257,.F.);
#7239 = FACE_BOUND('',#7240,.F.);
#7240 = EDGE_LOOP('',(#7241,#7242,#7250,#7256));
#7241 = ORIENTED_EDGE('',*,*,#7069,.T.);
#7242 = ORIENTED_EDGE('',*,*,#7243,.T.);
#7243 = EDGE_CURVE('',#7062,#7244,#7246,.T.);
#7244 = VERTEX_POINT('',#7245);
#7245 = CARTESIAN_POINT('',(-1.71,-2.365,-1.605));
#7246 = LINE('',#7247,#7248);
#7247 = CARTESIAN_POINT('',(-1.71,-3.175,-1.605));
#7248 = VECTOR('',#7249,1.);
#7249 = DIRECTION('',(4.440892098501E-16,1.,0.));
#7250 = ORIENTED_EDGE('',*,*,#7251,.F.);
#7251 = EDGE_CURVE('',#6946,#7244,#7252,.T.);
#7252 = LINE('',#7253,#7254);
#7253 = CARTESIAN_POINT('',(2.1,-2.365,-1.605));
#7254 = VECTOR('',#7255,1.);
#7255 = DIRECTION('',(-1.,4.440892098501E-16,-1.1E-16));
#7256 = ORIENTED_EDGE('',*,*,#6953,.F.);
#7257 = PLANE('',#7258);
#7258 = AXIS2_PLACEMENT_3D('',#7259,#7260,#7261);
#7259 = CARTESIAN_POINT('',(2.1,-3.175,-1.605));
#7260 = DIRECTION('',(1.1E-16,-4.884981308351E-32,-1.));
#7261 = DIRECTION('',(4.440892098501E-16,1.,9.96346602486E-46));
#7262 = ADVANCED_FACE('',(#7263),#7281,.F.);
#7263 = FACE_BOUND('',#7264,.F.);
#7264 = EDGE_LOOP('',(#7265,#7266,#7274,#7280));
#7265 = ORIENTED_EDGE('',*,*,#7251,.T.);
#7266 = ORIENTED_EDGE('',*,*,#7267,.T.);
#7267 = EDGE_CURVE('',#7244,#7268,#7270,.T.);
#7268 = VERTEX_POINT('',#7269);
#7269 = CARTESIAN_POINT('',(-1.71,-2.365,-2.675));
#7270 = LINE('',#7271,#7272);
#7271 = CARTESIAN_POINT('',(-1.71,-2.365,-1.605));
#7272 = VECTOR('',#7273,1.);
#7273 = DIRECTION('',(4.4E-16,-1.95399252334E-31,-1.));
#7274 = ORIENTED_EDGE('',*,*,#7275,.F.);
#7275 = EDGE_CURVE('',#6938,#7268,#7276,.T.);
#7276 = LINE('',#7277,#7278);
#7277 = CARTESIAN_POINT('',(2.1,-2.365,-2.675));
#7278 = VECTOR('',#7279,1.);
#7279 = DIRECTION('',(-1.,4.440892098501E-16,-1.1E-16));
#7280 = ORIENTED_EDGE('',*,*,#6945,.F.);
#7281 = PLANE('',#7282);
#7282 = AXIS2_PLACEMENT_3D('',#7283,#7284,#7285);
#7283 = CARTESIAN_POINT('',(2.1,-2.365,-1.605));
#7284 = DIRECTION('',(-4.440892098501E-16,-1.,0.));
#7285 = DIRECTION('',(1.1E-16,-4.884981308351E-32,-1.));
#7286 = ADVANCED_FACE('',(#7287),#7312,.T.);
#7287 = FACE_BOUND('',#7288,.T.);
#7288 = EDGE_LOOP('',(#7289,#7297,#7305,#7311));
#7289 = ORIENTED_EDGE('',*,*,#7290,.T.);
#7290 = EDGE_CURVE('',#6922,#7291,#7293,.T.);
#7291 = VERTEX_POINT('',#7292);
#7292 = CARTESIAN_POINT('',(-1.71,2.365,-1.605));
#7293 = LINE('',#7294,#7295);
#7294 = CARTESIAN_POINT('',(2.1,2.365,-1.605));
#7295 = VECTOR('',#7296,1.);
#7296 = DIRECTION('',(-1.,4.440892098501E-16,-1.1E-16));
#7297 = ORIENTED_EDGE('',*,*,#7298,.T.);
#7298 = EDGE_CURVE('',#7291,#7299,#7301,.T.);
#7299 = VERTEX_POINT('',#7300);
#7300 = CARTESIAN_POINT('',(-1.71,2.365,-2.675));
#7301 = LINE('',#7302,#7303);
#7302 = CARTESIAN_POINT('',(-1.71,2.365,-1.605));
#7303 = VECTOR('',#7304,1.);
#7304 = DIRECTION('',(4.4E-16,-1.95399252334E-31,-1.));
#7305 = ORIENTED_EDGE('',*,*,#7306,.F.);
#7306 = EDGE_CURVE('',#6930,#7299,#7307,.T.);
#7307 = LINE('',#7308,#7309);
#7308 = CARTESIAN_POINT('',(2.1,2.365,-2.675));
#7309 = VECTOR('',#7310,1.);
#7310 = DIRECTION('',(-1.,4.440892098501E-16,-1.1E-16));
#7311 = ORIENTED_EDGE('',*,*,#6929,.F.);
#7312 = PLANE('',#7313);
#7313 = AXIS2_PLACEMENT_3D('',#7314,#7315,#7316);
#7314 = CARTESIAN_POINT('',(2.1,2.365,-1.605));
#7315 = DIRECTION('',(-4.440892098501E-16,-1.,0.));
#7316 = DIRECTION('',(1.1E-16,-4.884981308351E-32,-1.));
#7317 = ADVANCED_FACE('',(#7318),#7329,.T.);
#7318 = FACE_BOUND('',#7319,.T.);
#7319 = EDGE_LOOP('',(#7320,#7321,#7327,#7328));
#7320 = ORIENTED_EDGE('',*,*,#7162,.T.);
#7321 = ORIENTED_EDGE('',*,*,#7322,.T.);
#7322 = EDGE_CURVE('',#7155,#7291,#7323,.T.);
#7323 = LINE('',#7324,#7325);
#7324 = CARTESIAN_POINT('',(-1.71,3.175,-1.605));
#7325 = VECTOR('',#7326,1.);
#7326 = DIRECTION('',(-4.440892098501E-16,-1.,0.));
#7327 = ORIENTED_EDGE('',*,*,#7290,.F.);
#7328 = ORIENTED_EDGE('',*,*,#6921,.F.);
#7329 = PLANE('',#7330);
#7330 = AXIS2_PLACEMENT_3D('',#7331,#7332,#7333);
#7331 = CARTESIAN_POINT('',(2.1,3.175,-1.605));
#7332 = DIRECTION('',(-1.1E-16,4.884981308351E-32,1.));
#7333 = DIRECTION('',(-4.440892098501E-16,-1.,-9.96346602486E-46));
#7334 = ADVANCED_FACE('',(#7335),#7353,.F.);
#7335 = FACE_BOUND('',#7336,.F.);
#7336 = EDGE_LOOP('',(#7337,#7338,#7346,#7352));
#7337 = ORIENTED_EDGE('',*,*,#7131,.T.);
#7338 = ORIENTED_EDGE('',*,*,#7339,.T.);
#7339 = EDGE_CURVE('',#7124,#7340,#7342,.T.);
#7340 = VERTEX_POINT('',#7341);
#7341 = CARTESIAN_POINT('',(-1.71,2.365,0.125));
#7342 = LINE('',#7343,#7344);
#7343 = CARTESIAN_POINT('',(-1.71,3.175,0.125));
#7344 = VECTOR('',#7345,1.);
#7345 = DIRECTION('',(-4.440892098501E-16,-1.,0.));
#7346 = ORIENTED_EDGE('',*,*,#7347,.F.);
#7347 = EDGE_CURVE('',#6907,#7340,#7348,.T.);
#7348 = LINE('',#7349,#7350);
#7349 = CARTESIAN_POINT('',(2.1,2.365,0.125));
#7350 = VECTOR('',#7351,1.);
#7351 = DIRECTION('',(-1.,4.440892098501E-16,-1.1E-16));
#7352 = ORIENTED_EDGE('',*,*,#6914,.F.);
#7353 = PLANE('',#7354);
#7354 = AXIS2_PLACEMENT_3D('',#7355,#7356,#7357);
#7355 = CARTESIAN_POINT('',(2.1,3.175,0.125));
#7356 = DIRECTION('',(-1.1E-16,4.884981308351E-32,1.));
#7357 = DIRECTION('',(-4.440892098501E-16,-1.,-9.96346602486E-46));
#7358 = ADVANCED_FACE('',(#7359),#7377,.F.);
#7359 = FACE_BOUND('',#7360,.F.);
#7360 = EDGE_LOOP('',(#7361,#7362,#7370,#7376));
#7361 = ORIENTED_EDGE('',*,*,#7347,.T.);
#7362 = ORIENTED_EDGE('',*,*,#7363,.T.);
#7363 = EDGE_CURVE('',#7340,#7364,#7366,.T.);
#7364 = VERTEX_POINT('',#7365);
#7365 = CARTESIAN_POINT('',(-1.71,2.365,1.145));
#7366 = LINE('',#7367,#7368);
#7367 = CARTESIAN_POINT('',(-1.71,2.365,0.125));
#7368 = VECTOR('',#7369,1.);
#7369 = DIRECTION('',(-4.4E-16,1.95399252334E-31,1.));
#7370 = ORIENTED_EDGE('',*,*,#7371,.F.);
#7371 = EDGE_CURVE('',#6899,#7364,#7372,.T.);
#7372 = LINE('',#7373,#7374);
#7373 = CARTESIAN_POINT('',(2.1,2.365,1.145));
#7374 = VECTOR('',#7375,1.);
#7375 = DIRECTION('',(-1.,4.440892098501E-16,-1.1E-16));
#7376 = ORIENTED_EDGE('',*,*,#6906,.F.);
#7377 = PLANE('',#7378);
#7378 = AXIS2_PLACEMENT_3D('',#7379,#7380,#7381);
#7379 = CARTESIAN_POINT('',(2.1,2.365,0.125));
#7380 = DIRECTION('',(4.440892098501E-16,1.,0.));
#7381 = DIRECTION('',(-1.1E-16,4.884981308351E-32,1.));
#7382 = ADVANCED_FACE('',(#7383),#7394,.F.);
#7383 = FACE_BOUND('',#7384,.F.);
#7384 = EDGE_LOOP('',(#7385,#7386,#7392,#7393));
#7385 = ORIENTED_EDGE('',*,*,#7371,.T.);
#7386 = ORIENTED_EDGE('',*,*,#7387,.T.);
#7387 = EDGE_CURVE('',#7364,#7116,#7388,.T.);
#7388 = LINE('',#7389,#7390);
#7389 = CARTESIAN_POINT('',(-1.71,2.365,1.145));
#7390 = VECTOR('',#7391,1.);
#7391 = DIRECTION('',(4.440892098501E-16,1.,0.));
#7392 = ORIENTED_EDGE('',*,*,#7115,.F.);
#7393 = ORIENTED_EDGE('',*,*,#6898,.F.);
#7394 = PLANE('',#7395);
#7395 = AXIS2_PLACEMENT_3D('',#7396,#7397,#7398);
#7396 = CARTESIAN_POINT('',(2.1,2.365,1.145));
#7397 = DIRECTION('',(1.1E-16,-4.884981308351E-32,-1.));
#7398 = DIRECTION('',(4.440892098501E-16,1.,9.96346602486E-46));
#7399 = ADVANCED_FACE('',(#7400),#7419,.T.);
#7400 = FACE_BOUND('',#7401,.T.);
#7401 = EDGE_LOOP('',(#7402,#7403,#7411,#7418));
#7402 = ORIENTED_EDGE('',*,*,#6984,.T.);
#7403 = ORIENTED_EDGE('',*,*,#7404,.T.);
#7404 = EDGE_CURVE('',#6985,#7405,#7407,.T.);
#7405 = VERTEX_POINT('',#7406);
#7406 = CARTESIAN_POINT('',(-1.41,0.635,0.5));
#7407 = LINE('',#7408,#7409);
#7408 = CARTESIAN_POINT('',(2.1,0.635,0.5));
#7409 = VECTOR('',#7410,1.);
#7410 = DIRECTION('',(-1.,4.440892098501E-16,-1.05E-15));
#7411 = ORIENTED_EDGE('',*,*,#7412,.F.);
#7412 = EDGE_CURVE('',#7405,#7405,#7413,.T.);
#7413 = CIRCLE('',#7414,0.635);
#7414 = AXIS2_PLACEMENT_3D('',#7415,#7416,#7417);
#7415 = CARTESIAN_POINT('',(-1.41,1.114663916724E-15,0.5));
#7416 = DIRECTION('',(-1.,4.440892098501E-16,-1.44E-15));
#7417 = DIRECTION('',(4.440892098501E-16,1.,0.));
#7418 = ORIENTED_EDGE('',*,*,#7404,.F.);
#7419 = CYLINDRICAL_SURFACE('',#7420,0.635);
#7420 = AXIS2_PLACEMENT_3D('',#7421,#7422,#7423);
#7421 = CARTESIAN_POINT('',(2.1,-4.440892098501E-16,0.5));
#7422 = DIRECTION('',(1.,-4.440892098501E-16,1.E-15));
#7423 = DIRECTION('',(4.440892098501E-16,1.,0.));
#7424 = ADVANCED_FACE('',(#7425),#7444,.T.);
#7425 = FACE_BOUND('',#7426,.T.);
#7426 = EDGE_LOOP('',(#7427,#7428,#7436,#7443));
#7427 = ORIENTED_EDGE('',*,*,#7012,.T.);
#7428 = ORIENTED_EDGE('',*,*,#7429,.T.);
#7429 = EDGE_CURVE('',#7013,#7430,#7432,.T.);
#7430 = VERTEX_POINT('',#7431);
#7431 = CARTESIAN_POINT('',(6.12,-2.229327833447E-15,-2.1));
#7432 = LINE('',#7433,#7434);
#7433 = CARTESIAN_POINT('',(3.7,-1.86463194561E-15,-2.1));
#7434 = VECTOR('',#7435,1.);
#7435 = DIRECTION('',(1.,-8.840892098501E-16,4.4E-16));
#7436 = ORIENTED_EDGE('',*,*,#7437,.F.);
#7437 = EDGE_CURVE('',#7430,#7430,#7438,.T.);
#7438 = CIRCLE('',#7439,2.6);
#7439 = AXIS2_PLACEMENT_3D('',#7440,#7441,#7442);
#7440 = CARTESIAN_POINT('',(6.12,-2.679327833447E-15,0.5));
#7441 = DIRECTION('',(1.,-5.540892098501E-16,4.4E-16));
#7442 = DIRECTION('',(4.4E-16,5.E-17,-1.));
#7443 = ORIENTED_EDGE('',*,*,#7429,.F.);
#7444 = CYLINDRICAL_SURFACE('',#7445,2.6);
#7445 = AXIS2_PLACEMENT_3D('',#7446,#7447,#7448);
#7446 = CARTESIAN_POINT('',(3.7,-1.33463194561E-15,0.5));
#7447 = DIRECTION('',(1.,-5.540892098501E-16,4.4E-16));
#7448 = DIRECTION('',(4.4E-16,1.5E-16,-1.));
#7449 = ADVANCED_FACE('',(#7450),#7461,.T.);
#7450 = FACE_BOUND('',#7451,.T.);
#7451 = EDGE_LOOP('',(#7452,#7453,#7459,#7460));
#7452 = ORIENTED_EDGE('',*,*,#7306,.T.);
#7453 = ORIENTED_EDGE('',*,*,#7454,.T.);
#7454 = EDGE_CURVE('',#7299,#7147,#7455,.T.);
#7455 = LINE('',#7456,#7457);
#7456 = CARTESIAN_POINT('',(-1.71,2.365,-2.675));
#7457 = VECTOR('',#7458,1.);
#7458 = DIRECTION('',(4.440892098501E-16,1.,0.));
#7459 = ORIENTED_EDGE('',*,*,#7146,.F.);
#7460 = ORIENTED_EDGE('',*,*,#7039,.T.);
#7461 = PLANE('',#7462);
#7462 = AXIS2_PLACEMENT_3D('',#7463,#7464,#7465);
#7463 = CARTESIAN_POINT('',(2.1,2.365,-2.675));
#7464 = DIRECTION('',(1.1E-16,-4.884981308351E-32,-1.));
#7465 = DIRECTION('',(4.440892098501E-16,1.,9.96346602486E-46));
#7466 = ADVANCED_FACE('',(#7467),#7478,.F.);
#7467 = FACE_BOUND('',#7468,.F.);
#7468 = EDGE_LOOP('',(#7469,#7470,#7476,#7477));
#7469 = ORIENTED_EDGE('',*,*,#7275,.T.);
#7470 = ORIENTED_EDGE('',*,*,#7471,.T.);
#7471 = EDGE_CURVE('',#7268,#7054,#7472,.T.);
#7472 = LINE('',#7473,#7474);
#7473 = CARTESIAN_POINT('',(-1.71,-2.365,-2.675));
#7474 = VECTOR('',#7475,1.);
#7475 = DIRECTION('',(-4.440892098501E-16,-1.,0.));
#7476 = ORIENTED_EDGE('',*,*,#7053,.F.);
#7477 = ORIENTED_EDGE('',*,*,#7032,.F.);
#7478 = PLANE('',#7479);
#7479 = AXIS2_PLACEMENT_3D('',#7480,#7481,#7482);
#7480 = CARTESIAN_POINT('',(2.1,-2.365,-2.675));
#7481 = DIRECTION('',(-1.1E-16,4.884981308351E-32,1.));
#7482 = DIRECTION('',(-4.440892098501E-16,-1.,-9.96346602486E-46));
#7483 = ADVANCED_FACE('',(#7484),#7490,.T.);
#7484 = FACE_BOUND('',#7485,.T.);
#7485 = EDGE_LOOP('',(#7486,#7487,#7488,#7489));
#7486 = ORIENTED_EDGE('',*,*,#7243,.T.);
#7487 = ORIENTED_EDGE('',*,*,#7267,.T.);
#7488 = ORIENTED_EDGE('',*,*,#7471,.T.);
#7489 = ORIENTED_EDGE('',*,*,#7061,.T.);
#7490 = PLANE('',#7491);
#7491 = AXIS2_PLACEMENT_3D('',#7492,#7493,#7494);
#7492 = CARTESIAN_POINT('',(-1.71,-2.77,-2.14));
#7493 = DIRECTION('',(-1.,4.440892098501E-16,-2.2E-16));
#7494 = DIRECTION('',(-2.2E-16,9.769962616701E-32,1.));
#7495 = ADVANCED_FACE('',(#7496),#7502,.T.);
#7496 = FACE_BOUND('',#7497,.T.);
#7497 = EDGE_LOOP('',(#7498,#7499,#7500,#7501));
#7498 = ORIENTED_EDGE('',*,*,#7178,.T.);
#7499 = ORIENTED_EDGE('',*,*,#7202,.T.);
#7500 = ORIENTED_EDGE('',*,*,#7226,.T.);
#7501 = ORIENTED_EDGE('',*,*,#7092,.T.);
#7502 = PLANE('',#7503);
#7503 = AXIS2_PLACEMENT_3D('',#7504,#7505,#7506);
#7504 = CARTESIAN_POINT('',(-1.71,-2.77,0.635));
#7505 = DIRECTION('',(-1.,4.440892098501E-16,-2.2E-16));
#7506 = DIRECTION('',(-2.2E-16,9.769962616701E-32,1.));
#7507 = ADVANCED_FACE('',(#7508),#7514,.T.);
#7508 = FACE_BOUND('',#7509,.T.);
#7509 = EDGE_LOOP('',(#7510,#7511,#7512,#7513));
#7510 = ORIENTED_EDGE('',*,*,#7387,.T.);
#7511 = ORIENTED_EDGE('',*,*,#7123,.T.);
#7512 = ORIENTED_EDGE('',*,*,#7339,.T.);
#7513 = ORIENTED_EDGE('',*,*,#7363,.T.);
#7514 = PLANE('',#7515);
#7515 = AXIS2_PLACEMENT_3D('',#7516,#7517,#7518);
#7516 = CARTESIAN_POINT('',(-1.71,2.77,0.635));
#7517 = DIRECTION('',(-1.,4.440892098501E-16,-2.2E-16));
#7518 = DIRECTION('',(-2.2E-16,9.769962616701E-32,1.));
#7519 = ADVANCED_FACE('',(#7520),#7526,.F.);
#7520 = FACE_BOUND('',#7521,.F.);
#7521 = EDGE_LOOP('',(#7522,#7523,#7524,#7525));
#7522 = ORIENTED_EDGE('',*,*,#7322,.T.);
#7523 = ORIENTED_EDGE('',*,*,#7298,.T.);
#7524 = ORIENTED_EDGE('',*,*,#7454,.T.);
#7525 = ORIENTED_EDGE('',*,*,#7154,.T.);
#7526 = PLANE('',#7527);
#7527 = AXIS2_PLACEMENT_3D('',#7528,#7529,#7530);
#7528 = CARTESIAN_POINT('',(-1.71,2.77,-2.14));
#7529 = DIRECTION('',(1.,-4.440892098501E-16,2.2E-16));
#7530 = DIRECTION('',(2.2E-16,-9.769962616701E-32,-1.));
#7531 = ADVANCED_FACE('',(#7532),#7535,.T.);
#7532 = FACE_BOUND('',#7533,.T.);
#7533 = EDGE_LOOP('',(#7534));
#7534 = ORIENTED_EDGE('',*,*,#7412,.T.);
#7535 = PLANE('',#7536);
#7536 = AXIS2_PLACEMENT_3D('',#7537,#7538,#7539);
#7537 = CARTESIAN_POINT('',(-1.41,1.094663916724E-15,0.5));
#7538 = DIRECTION('',(-1.,4.440892098501E-16,-1.11E-15));
#7539 = DIRECTION('',(-1.11E-15,4.929390229336E-31,1.));
#7540 = ADVANCED_FACE('',(#7541),#7665,.T.);
#7541 = FACE_BOUND('',#7542,.T.);
#7542 = EDGE_LOOP('',(#7543,#7551,#7552,#7553,#7564,#7574,#7583,#7610,
    #7657));
#7543 = ORIENTED_EDGE('',*,*,#7544,.F.);
#7544 = EDGE_CURVE('',#7430,#7545,#7547,.T.);
#7545 = VERTEX_POINT('',#7546);
#7546 = CARTESIAN_POINT('',(6.140148953158,-2.238275766134E-15,
    -2.134899010588));
#7547 = LINE('',#7548,#7549);
#7548 = CARTESIAN_POINT('',(6.12,-4.019327833447E-15,-2.1));
#7549 = VECTOR('',#7550,1.);
#7550 = DIRECTION('',(0.5,-4.420446049252E-16,-0.866025403784));
#7551 = ORIENTED_EDGE('',*,*,#7437,.T.);
#7552 = ORIENTED_EDGE('',*,*,#7544,.T.);
#7553 = ORIENTED_EDGE('',*,*,#7554,.T.);
#7554 = EDGE_CURVE('',#7545,#7555,#7557,.T.);
#7555 = VERTEX_POINT('',#7556);
#7556 = CARTESIAN_POINT('',(6.140149430353,-0.68936099444,
    -2.043123782079));
#7557 = B_SPLINE_CURVE_WITH_KNOTS('',5,(#7558,#7559,#7560,#7561,#7562,
    #7563),.UNSPECIFIED.,.F.,.F.,(6,6),(0.,1.),
  .PIECEWISE_BEZIER_KNOTS.);
#7558 = CARTESIAN_POINT('',(6.140148953158,-3.238275766134E-15,
    -2.134899010588));
#7559 = CARTESIAN_POINT('',(6.140148795351,-0.139495200243,
    -2.134898737259));
#7560 = CARTESIAN_POINT('',(6.140148735226,-0.278991973761,
    -2.12566719672));
#7561 = CARTESIAN_POINT('',(6.140148809472,-0.417671197457,
    -2.107204671105));
#7562 = CARTESIAN_POINT('',(6.140149046348,-0.554724413501,
    -2.079618841199));
#7563 = CARTESIAN_POINT('',(6.140149430353,-0.68936099444,
    -2.043123782079));
#7564 = ORIENTED_EDGE('',*,*,#7565,.T.);
#7565 = EDGE_CURVE('',#7555,#7566,#7568,.T.);
#7566 = VERTEX_POINT('',#7567);
#7567 = CARTESIAN_POINT('',(6.446202902092,-0.827705879907,
    -2.554853184094));
#7568 = B_SPLINE_CURVE_WITH_KNOTS('',4,(#7569,#7570,#7571,#7572,#7573),
  .UNSPECIFIED.,.F.,.F.,(5,5),(0.,1.),.PIECEWISE_BEZIER_KNOTS.);
#7569 = CARTESIAN_POINT('',(6.140149430353,-0.68936099444,
    -2.043123782079));
#7570 = CARTESIAN_POINT('',(6.216662798919,-0.723961502568,
    -2.17105226621));
#7571 = CARTESIAN_POINT('',(6.293176167091,-0.758552486353,
    -2.298983328497));
#7572 = CARTESIAN_POINT('',(6.369689534829,-0.793133945539,
    -2.426916968082));
#7573 = CARTESIAN_POINT('',(6.446202902092,-0.827705879907,
    -2.554853184094));
#7574 = ORIENTED_EDGE('',*,*,#7575,.F.);
#7575 = EDGE_CURVE('',#7576,#7566,#7578,.T.);
#7576 = VERTEX_POINT('',#7577);
#7577 = CARTESIAN_POINT('',(6.446202902092,-2.21670136845,-1.75908389466
    ));
#7578 = CIRCLE('',#7579,3.165);
#7579 = AXIS2_PLACEMENT_3D('',#7580,#7581,#7582);
#7580 = CARTESIAN_POINT('',(6.446202902092,-2.854191022488E-15,0.5));
#7581 = DIRECTION('',(1.,-5.540892098501E-16,4.4E-16));
#7582 = DIRECTION('',(4.4E-16,7.E-17,-1.));
#7583 = ORIENTED_EDGE('',*,*,#7584,.T.);
#7584 = EDGE_CURVE('',#7576,#7585,#7587,.T.);
#7585 = VERTEX_POINT('',#7586);
#7586 = CARTESIAN_POINT('',(6.312547218935,-2.758822031484E-08,
    3.433501566051));
#7587 = B_SPLINE_CURVE_WITH_KNOTS('',6,(#7588,#7589,#7590,#7591,#7592,
    #7593,#7594,#7595,#7596,#7597,#7598,#7599,#7600,#7601,#7602,#7603,
    #7604,#7605,#7606,#7607,#7608,#7609),.UNSPECIFIED.,.F.,.F.,(7,5,5,5,
    7),(0.,0.261735825072,0.515372018271,0.760206961733,1.),
  .UNSPECIFIED.);
#7588 = CARTESIAN_POINT('',(6.446202902092,-2.21670136845,-1.75908389466
    ));
#7589 = CARTESIAN_POINT('',(6.440549448228,-2.435904331298,
    -1.530274593801));
#7590 = CARTESIAN_POINT('',(6.434876682762,-2.627530699975,
    -1.275194936788));
#7591 = CARTESIAN_POINT('',(6.429187646628,-2.787389100399,
    -0.998036846037));
#7592 = CARTESIAN_POINT('',(6.423480578825,-2.912396153842,
    -0.703705555365));
#7593 = CARTESIAN_POINT('',(6.417753588928,-3.000287251314,
    -0.39759323453));
#7594 = CARTESIAN_POINT('',(6.406444139319,-3.098274045725,0.21655469722
    ));
#7595 = CARTESIAN_POINT('',(6.400859884275,-3.110718070221,
    0.524393351155));
#7596 = CARTESIAN_POINT('',(6.395260368182,-3.086396472416,
    0.832370448301));
#7597 = CARTESIAN_POINT('',(6.389644148764,-3.025529993388,1.13506800453
    ));
#7598 = CARTESIAN_POINT('',(6.384008983268,-2.92922190924,1.42712519421)
  );
#7599 = CARTESIAN_POINT('',(6.372901771942,-2.674935933409,
    1.970039835839));
#7600 = CARTESIAN_POINT('',(6.367428295447,-2.519154606759,
    2.222102415603));
#7601 = CARTESIAN_POINT('',(6.361939222304,-2.334565984904,
    2.454885529834));
#7602 = CARTESIAN_POINT('',(6.356432504758,-2.124133301688,
    2.664342591466));
#7603 = CARTESIAN_POINT('',(6.350906338284,-1.891462718375,
    2.846921411586));
#7604 = CARTESIAN_POINT('',(6.339935549467,-1.395709354379,
    3.149624840298));
#7605 = CARTESIAN_POINT('',(6.334489165367,-1.13324102928,3.271025744896
    ));
#7606 = CARTESIAN_POINT('',(6.329027912163,-0.857765773088,
    3.361395225215));
#7607 = CARTESIAN_POINT('',(6.323550884865,-0.573825545226,
    3.419049494521));
#7608 = CARTESIAN_POINT('',(6.318058119352,-0.286216648354,
    3.443046708834));
#7609 = CARTESIAN_POINT('',(6.312547218935,-2.758822069484E-08,
    3.433501566051));
#7610 = ORIENTED_EDGE('',*,*,#7611,.T.);
#7611 = EDGE_CURVE('',#7585,#7612,#7614,.T.);
#7612 = VERTEX_POINT('',#7613);
#7613 = CARTESIAN_POINT('',(6.140149321413,0.237318240496,
    -2.124190581875));
#7614 = B_SPLINE_CURVE_WITH_KNOTS('',6,(#7615,#7616,#7617,#7618,#7619,
    #7620,#7621,#7622,#7623,#7624,#7625,#7626,#7627,#7628,#7629,#7630,
    #7631,#7632,#7633,#7634,#7635,#7636,#7637,#7638,#7639,#7640,#7641,
    #7642,#7643,#7644,#7645,#7646,#7647,#7648,#7649,#7650,#7651,#7652,
    #7653,#7654,#7655,#7656),.UNSPECIFIED.,.F.,.F.,(7,5,5,5,5,5,5,5,7),(
    0.,0.127012238457,0.26064408837,0.388908591632,0.513905942187,
    0.637615302636,0.760006789644,0.879235237187,1.),.UNSPECIFIED.);
#7615 = CARTESIAN_POINT('',(6.312547218935,-2.758825486484E-08,
    3.433501566051));
#7616 = CARTESIAN_POINT('',(6.309047751119,0.181751109699,3.427440302787
    ));
#7617 = CARTESIAN_POINT('',(6.305543743099,0.362972301728,3.407858283509
    ));
#7618 = CARTESIAN_POINT('',(6.302031768984,0.542387391543,3.37477166136)
  );
#7619 = CARTESIAN_POINT('',(6.298511264085,0.718740623988,3.328366107606
    ));
#7620 = CARTESIAN_POINT('',(6.294982239929,0.890798690485,3.268973270521
    ));
#7621 = CARTESIAN_POINT('',(6.287724271825,1.232607570521,3.121468579838
    ));
#7622 = CARTESIAN_POINT('',(6.283994144768,1.401787136122,3.032014206443
    ));
#7623 = CARTESIAN_POINT('',(6.280255910367,1.563500773657,2.929310382212
    ));
#7624 = CARTESIAN_POINT('',(6.27650998067,1.716449690973,2.814119204765)
  );
#7625 = CARTESIAN_POINT('',(6.272756234245,1.859429430328,2.687359979715
    ));
#7626 = CARTESIAN_POINT('',(6.265384815468,2.11798634721,2.418416319159)
  );
#7627 = CARTESIAN_POINT('',(6.261767407822,2.234444965248,2.277044012896
    ));
#7628 = CARTESIAN_POINT('',(6.258143041828,2.339772463008,2.126984490567
    ));
#7629 = CARTESIAN_POINT('',(6.254511280712,2.433150330717,1.969319888847
    ));
#7630 = CARTESIAN_POINT('',(6.250871654979,2.513889872072,1.805228988801
    ));
#7631 = CARTESIAN_POINT('',(6.243669857112,2.647309994765,1.471073154104
    ));
#7632 = CARTESIAN_POINT('',(6.240107780193,2.700658395378,1.301253138099
    ));
#7633 = CARTESIAN_POINT('',(6.236538205935,2.741010699504,1.12772291832)
  );
#7634 = CARTESIAN_POINT('',(6.232960856318,2.768033746672,0.951717761546
    ));
#7635 = CARTESIAN_POINT('',(6.22937552012,2.781540311467,0.774511180887)
  );
#7636 = CARTESIAN_POINT('',(6.222226536259,2.781490873962,0.42213819773)
  );
#7637 = CARTESIAN_POINT('',(6.218662760854,2.768212301907,0.246955364217
    ));
#7638 = CARTESIAN_POINT('',(6.215091507247,2.741661348704,
    7.313366498471E-02));
#7639 = CARTESIAN_POINT('',(6.211512665715,2.701985571736,
    -9.807221489801E-02));
#7640 = CARTESIAN_POINT('',(6.207926081737,2.649480309299,
    -0.265426019317));
#7641 = CARTESIAN_POINT('',(6.200776290296,2.520434145991,
    -0.588289354582));
#7642 = CARTESIAN_POINT('',(6.19721295689,2.444150088587,-0.743919017822
    ));
#7643 = CARTESIAN_POINT('',(6.193642337714,2.356207699813,
    -0.893441441079));
#7644 = CARTESIAN_POINT('',(6.190064219109,2.25720148158,-1.035761357927
    ));
#7645 = CARTESIAN_POINT('',(6.186478326133,2.147854623562,
    -1.169854489988));
#7646 = CARTESIAN_POINT('',(6.179384276324,1.913287117623,
    -1.416491305009));
#7647 = CARTESIAN_POINT('',(6.175876242809,1.788540711712,
    -1.529511094735));
#7648 = CARTESIAN_POINT('',(6.17236095647,1.655597892111,-1.632983437772
    ));
#7649 = CARTESIAN_POINT('',(6.168838177883,1.515357067509,
    -1.726152046475));
#7650 = CARTESIAN_POINT('',(6.165307673963,1.368809493873,
    -1.808374801216));
#7651 = CARTESIAN_POINT('',(6.158186043964,1.063305444472,
    -1.950798965251));
#7652 = CARTESIAN_POINT('',(6.154594446045,0.904201699203,
    -2.010709024079));
#7653 = CARTESIAN_POINT('',(6.150995121513,0.740848399356,
    -2.058318054353));
#7654 = CARTESIAN_POINT('',(6.147387872224,0.574425855659,
    -2.093238269606));
#7655 = CARTESIAN_POINT('',(6.143772503785,0.406159552863,
    -2.115222590636));
#7656 = CARTESIAN_POINT('',(6.140149321413,0.237318240496,
    -2.124190581875));
#7657 = ORIENTED_EDGE('',*,*,#7658,.T.);
#7658 = EDGE_CURVE('',#7612,#7545,#7659,.T.);
#7659 = B_SPLINE_CURVE_WITH_KNOTS('',4,(#7660,#7661,#7662,#7663,#7664),
  .UNSPECIFIED.,.F.,.F.,(5,5),(0.,1.),.PIECEWISE_BEZIER_KNOTS.);
#7660 = CARTESIAN_POINT('',(6.140149321413,0.237318240496,
    -2.124190581875));
#7661 = CARTESIAN_POINT('',(6.140149208776,0.178149624845,
    -2.129541289611));
#7662 = CARTESIAN_POINT('',(6.140149106821,0.118820136629,-2.13311322207
    ));
#7663 = CARTESIAN_POINT('',(6.140149020366,5.941005828718E-02,
    -2.134899126997));
#7664 = CARTESIAN_POINT('',(6.140148953158,-3.258275766134E-15,
    -2.134899010588));
#7665 = CONICAL_SURFACE('',#7666,2.6,1.047197551197);
#7666 = AXIS2_PLACEMENT_3D('',#7667,#7668,#7669);
#7667 = CARTESIAN_POINT('',(6.12,-2.679327833447E-15,0.5));
#7668 = DIRECTION('',(1.,-5.540892098501E-16,4.4E-16));
#7669 = DIRECTION('',(4.4E-16,5.E-17,-1.));
#7670 = ADVANCED_FACE('',(#7671),#7752,.F.);
#7671 = FACE_BOUND('',#7672,.F.);
#7672 = EDGE_LOOP('',(#7673,#7709,#7716,#7750,#7751));
#7673 = ORIENTED_EDGE('',*,*,#7674,.F.);
#7674 = EDGE_CURVE('',#7675,#7555,#7677,.T.);
#7675 = VERTEX_POINT('',#7676);
#7676 = CARTESIAN_POINT('',(6.52506066673,1.462419595908E-07,
    3.134890894573));
#7677 = B_SPLINE_CURVE_WITH_KNOTS('',9,(#7678,#7679,#7680,#7681,#7682,
    #7683,#7684,#7685,#7686,#7687,#7688,#7689,#7690,#7691,#7692,#7693,
    #7694,#7695,#7696,#7697,#7698,#7699,#7700,#7701,#7702,#7703,#7704,
    #7705,#7706,#7707,#7708),.UNSPECIFIED.,.F.,.F.,(10,7,7,7,10),(0.,
    1.58079326614,3.161586532279,4.742379798419,6.323173064558),
  .UNSPECIFIED.);
#7678 = CARTESIAN_POINT('',(6.52506066673,1.462419588008E-07,
    3.134890894573));
#7679 = CARTESIAN_POINT('',(6.505338970749,0.459897573675,3.134900108422
    ));
#7680 = CARTESIAN_POINT('',(6.485619810711,0.919737179072,3.044672203313
    ));
#7681 = CARTESIAN_POINT('',(6.465894451349,1.359382687792,2.864018256434
    ));
#7682 = CARTESIAN_POINT('',(6.446170686517,1.758439786463,2.598385624639
    ));
#7683 = CARTESIAN_POINT('',(6.426449255982,2.09841253128,2.258444970735)
  );
#7684 = CARTESIAN_POINT('',(6.406727824541,2.364010413666,1.859363184132
    ));
#7685 = CARTESIAN_POINT('',(6.387006149244,2.54461198292,1.419756602242)
  );
#7686 = CARTESIAN_POINT('',(6.347561970511,2.72521001518,0.500005786123)
  );
#7687 = CARTESIAN_POINT('',(6.308116865674,2.544606124534,
    -0.419754674122));
#7688 = CARTESIAN_POINT('',(6.288394229562,2.364005586941,
    -0.859371724536));
#7689 = CARTESIAN_POINT('',(6.268671979948,2.098419798701,
    -1.258460314148));
#7690 = CARTESIAN_POINT('',(6.248950080207,1.758459704793,
    -1.598426582185));
#7691 = CARTESIAN_POINT('',(6.229228145326,1.359372383336,
    -1.864015588871));
#7692 = CARTESIAN_POINT('',(6.20950594193,0.919756754032,-2.044606610905
    ));
#7693 = CARTESIAN_POINT('',(6.170061353991,-6.021277767516E-07,
    -2.22519512515));
#7694 = CARTESIAN_POINT('',(6.130616766051,-0.919756921901,
    -2.044601332554));
#7695 = CARTESIAN_POINT('',(6.110894562659,-1.359370925611,
    -1.864010286917));
#7696 = CARTESIAN_POINT('',(6.091172627772,-1.758460845509,
    -1.598433555393));
#7697 = CARTESIAN_POINT('',(6.071450728028,-2.098431202158,
    -1.258473329275));
#7698 = CARTESIAN_POINT('',(6.051728478416,-2.364020884812,
    -0.859377780655));
#7699 = CARTESIAN_POINT('',(6.032005842312,-2.544607175358,
    -0.419755427932));
#7700 = CARTESIAN_POINT('',(5.99256073746,-2.725188828979,0.500006387741
    ));
#7701 = CARTESIAN_POINT('',(5.953116558732,-2.54459922731,1.419755848424
    ));
#7702 = CARTESIAN_POINT('',(5.933394883619,-2.364016421227,1.85936748304
    ));
#7703 = CARTESIAN_POINT('',(5.913673451477,-2.098440392237,
    2.258447014374));
#7704 = CARTESIAN_POINT('',(5.893952022116,-1.758502753546,
    2.598449931882));
#7705 = CARTESIAN_POINT('',(5.874228256184,-1.359331563906,
    2.864032214041));
#7706 = CARTESIAN_POINT('',(5.854502897394,-0.919733221773,
    3.044571275939));
#7707 = CARTESIAN_POINT('',(5.83478373724,-0.459897232194,3.134905822403
    ));
#7708 = CARTESIAN_POINT('',(5.815062041235,1.952390660561E-07,
    3.134915027699));
#7709 = ORIENTED_EDGE('',*,*,#7710,.T.);
#7710 = EDGE_CURVE('',#7675,#7711,#7713,.T.);
#7711 = VERTEX_POINT('',#7712);
#7712 = CARTESIAN_POINT('',(6.484957204856,1.469775876086E-07,
    3.134890224983));
#7713 = B_SPLINE_CURVE_WITH_KNOTS('',1,(#7714,#7715),.UNSPECIFIED.,.F.,
  .F.,(2,2),(0.,4.010346187924E-02),.PIECEWISE_BEZIER_KNOTS.);
#7714 = CARTESIAN_POINT('',(6.52506066673,1.462419926808E-07,
    3.134890894573));
#7715 = CARTESIAN_POINT('',(6.484957204856,1.469776215886E-07,
    3.134890224983));
#7716 = ORIENTED_EDGE('',*,*,#7717,.T.);
#7717 = EDGE_CURVE('',#7711,#7612,#7718,.T.);
#7718 = B_SPLINE_CURVE_WITH_KNOTS('',9,(#7719,#7720,#7721,#7722,#7723,
    #7724,#7725,#7726,#7727,#7728,#7729,#7730,#7731,#7732,#7733,#7734,
    #7735,#7736,#7737,#7738,#7739,#7740,#7741,#7742,#7743,#7744,#7745,
    #7746,#7747,#7748,#7749),.UNSPECIFIED.,.F.,.F.,(10,7,7,7,10),(0.,
    1.58079326614,3.161586532279,4.742379798419,6.323173064558),
  .UNSPECIFIED.);
#7719 = CARTESIAN_POINT('',(6.484957204856,1.469775877086E-07,
    3.134890224983));
#7720 = CARTESIAN_POINT('',(6.465235508876,0.459897448583,3.134899399265
    ));
#7721 = CARTESIAN_POINT('',(6.445516348842,0.919736920309,3.044671290999
    ));
#7722 = CARTESIAN_POINT('',(6.425790989477,1.359382207953,2.864017638525
    ));
#7723 = CARTESIAN_POINT('',(6.40606722464,1.758439440794,2.598385186634)
  );
#7724 = CARTESIAN_POINT('',(6.386345794109,2.098412017439,2.258444492686
    ));
#7725 = CARTESIAN_POINT('',(6.366624362667,2.364009780283,1.859362819971
    ));
#7726 = CARTESIAN_POINT('',(6.346902687372,2.544611259822,1.419756347508
    ));
#7727 = CARTESIAN_POINT('',(6.307458508639,2.725209224154,0.500005785893
    ));
#7728 = CARTESIAN_POINT('',(6.268013403801,2.544605429881,
    -0.419754425436));
#7729 = CARTESIAN_POINT('',(6.248290767688,2.364004971873,
    -0.859371366759));
#7730 = CARTESIAN_POINT('',(6.228568518074,2.098419247781,
    -1.258459861853));
#7731 = CARTESIAN_POINT('',(6.208846618334,1.758459224822,
    -1.598426023764));
#7732 = CARTESIAN_POINT('',(6.189124683453,1.359372006895,
    -1.864014931346));
#7733 = CARTESIAN_POINT('',(6.169402480057,0.919756501269,
    -2.044605903764));
#7734 = CARTESIAN_POINT('',(6.129957892118,-6.010722005038E-07,
    -2.225194379343));
#7735 = CARTESIAN_POINT('',(6.090513304178,-0.91975667125,
    -2.044600646923));
#7736 = CARTESIAN_POINT('',(6.070791100786,-1.359370558021,
    -1.864009650513));
#7737 = CARTESIAN_POINT('',(6.0510691659,-1.758460363002,-1.598432965252
    ));
#7738 = CARTESIAN_POINT('',(6.031347266156,-2.098430604516,
    -1.258472819091));
#7739 = CARTESIAN_POINT('',(6.011625016544,-2.364020205955,
    -0.859377394398));
#7740 = CARTESIAN_POINT('',(5.99190238044,-2.544606477241,-0.4197551732)
  );
#7741 = CARTESIAN_POINT('',(5.952457275587,-2.725188128388,
    0.500006387972));
#7742 = CARTESIAN_POINT('',(5.913013096859,-2.544598557638,
    1.419755599736));
#7743 = CARTESIAN_POINT('',(5.893291421746,-2.36401576069,1.859367103156
    ));
#7744 = CARTESIAN_POINT('',(5.873569989607,-2.098439757515,
    2.258446529933));
#7745 = CARTESIAN_POINT('',(5.853848560244,-1.758502136765,
    2.598449221332));
#7746 = CARTESIAN_POINT('',(5.834124794313,-1.359331299665,
    2.864031538065));
#7747 = CARTESIAN_POINT('',(5.814399435518,-0.919732977074,
    3.044570795462));
#7748 = CARTESIAN_POINT('',(5.794680275368,-0.45989710563,3.134905089367
    ));
#7749 = CARTESIAN_POINT('',(5.774958579364,1.959747584739E-07,
    3.134914255095));
#7750 = ORIENTED_EDGE('',*,*,#7658,.T.);
#7751 = ORIENTED_EDGE('',*,*,#7554,.T.);
#7752 = B_SPLINE_SURFACE_WITH_KNOTS('',1,9,(
    (#7753,#7754,#7755,#7756,#7757,#7758,#7759,#7760,#7761,#7762,#7763
      ,#7764,#7765,#7766,#7767,#7768,#7769,#7770,#7771,#7772,#7773,#7774
      ,#7775,#7776,#7777,#7778,#7779,#7780,#7781,#7782,#7783)
    ,(#7784,#7785,#7786,#7787,#7788,#7789,#7790,#7791,#7792,#7793,#7794
      ,#7795,#7796,#7797,#7798,#7799,#7800,#7801,#7802,#7803,#7804,#7805
      ,#7806,#7807,#7808,#7809,#7810,#7811,#7812,#7813,#7814
  )),.UNSPECIFIED.,.F.,.F.,.F.,(2,2),(10,7,7,7,10),(0.,
    4.010346187924E-02),(0.,1.58079326614,3.161586532279,4.742379798419,
    6.323173064558),.UNSPECIFIED.);
#7753 = CARTESIAN_POINT('',(6.52506066673,1.462419590208E-07,
    3.134890894573));
#7754 = CARTESIAN_POINT('',(6.505338970749,0.459897573675,3.134900108422
    ));
#7755 = CARTESIAN_POINT('',(6.485619810711,0.919737179072,3.044672203313
    ));
#7756 = CARTESIAN_POINT('',(6.465894451349,1.359382687792,2.864018256433
    ));
#7757 = CARTESIAN_POINT('',(6.446170686517,1.758439786463,2.59838562464)
  );
#7758 = CARTESIAN_POINT('',(6.426449255982,2.09841253128,2.258444970735)
  );
#7759 = CARTESIAN_POINT('',(6.406727824541,2.364010413666,1.859363184132
    ));
#7760 = CARTESIAN_POINT('',(6.387006149244,2.54461198292,1.419756602242)
  );
#7761 = CARTESIAN_POINT('',(6.347561970511,2.72521001518,0.500005786123)
  );
#7762 = CARTESIAN_POINT('',(6.308116865674,2.544606124534,
    -0.419754674122));
#7763 = CARTESIAN_POINT('',(6.288394229562,2.364005586941,
    -0.859371724536));
#7764 = CARTESIAN_POINT('',(6.268671979948,2.098419798701,
    -1.258460314148));
#7765 = CARTESIAN_POINT('',(6.248950080207,1.758459704793,
    -1.598426582185));
#7766 = CARTESIAN_POINT('',(6.229228145326,1.359372383336,
    -1.864015588871));
#7767 = CARTESIAN_POINT('',(6.20950594193,0.919756754032,-2.044606610905
    ));
#7768 = CARTESIAN_POINT('',(6.170061353991,-6.021277779516E-07,
    -2.22519512515));
#7769 = CARTESIAN_POINT('',(6.130616766051,-0.919756921901,
    -2.044601332554));
#7770 = CARTESIAN_POINT('',(6.110894562659,-1.359370925611,
    -1.864010286917));
#7771 = CARTESIAN_POINT('',(6.091172627772,-1.758460845509,
    -1.598433555393));
#7772 = CARTESIAN_POINT('',(6.071450728028,-2.098431202158,
    -1.258473329275));
#7773 = CARTESIAN_POINT('',(6.051728478416,-2.364020884813,
    -0.859377780655));
#7774 = CARTESIAN_POINT('',(6.032005842312,-2.544607175358,
    -0.419755427932));
#7775 = CARTESIAN_POINT('',(5.99256073746,-2.725188828979,0.500006387741
    ));
#7776 = CARTESIAN_POINT('',(5.953116558732,-2.54459922731,1.419755848424
    ));
#7777 = CARTESIAN_POINT('',(5.933394883619,-2.364016421228,1.85936748304
    ));
#7778 = CARTESIAN_POINT('',(5.913673451477,-2.098440392236,
    2.258447014374));
#7779 = CARTESIAN_POINT('',(5.893952022116,-1.758502753546,
    2.598449931882));
#7780 = CARTESIAN_POINT('',(5.874228256184,-1.359331563906,
    2.864032214041));
#7781 = CARTESIAN_POINT('',(5.854502897394,-0.919733221773,
    3.044571275939));
#7782 = CARTESIAN_POINT('',(5.83478373724,-0.459897232194,3.134905822403
    ));
#7783 = CARTESIAN_POINT('',(5.815062041235,1.952390660561E-07,
    3.134915027699));
#7784 = CARTESIAN_POINT('',(6.484957204856,1.469775877086E-07,
    3.134890224983));
#7785 = CARTESIAN_POINT('',(6.465235508876,0.459897448583,3.134899399265
    ));
#7786 = CARTESIAN_POINT('',(6.445516348842,0.919736920309,3.044671290999
    ));
#7787 = CARTESIAN_POINT('',(6.425790989477,1.359382207953,2.864017638525
    ));
#7788 = CARTESIAN_POINT('',(6.40606722464,1.758439440794,2.598385186634)
  );
#7789 = CARTESIAN_POINT('',(6.386345794109,2.098412017439,2.258444492686
    ));
#7790 = CARTESIAN_POINT('',(6.366624362667,2.364009780283,1.859362819971
    ));
#7791 = CARTESIAN_POINT('',(6.346902687372,2.544611259822,1.419756347508
    ));
#7792 = CARTESIAN_POINT('',(6.307458508639,2.725209224154,0.500005785893
    ));
#7793 = CARTESIAN_POINT('',(6.268013403801,2.544605429881,
    -0.419754425436));
#7794 = CARTESIAN_POINT('',(6.248290767688,2.364004971873,
    -0.859371366759));
#7795 = CARTESIAN_POINT('',(6.228568518074,2.098419247781,
    -1.258459861853));
#7796 = CARTESIAN_POINT('',(6.208846618334,1.758459224822,
    -1.598426023764));
#7797 = CARTESIAN_POINT('',(6.189124683453,1.359372006895,
    -1.864014931346));
#7798 = CARTESIAN_POINT('',(6.169402480057,0.919756501269,
    -2.044605903764));
#7799 = CARTESIAN_POINT('',(6.129957892118,-6.010722005038E-07,
    -2.225194379343));
#7800 = CARTESIAN_POINT('',(6.090513304178,-0.91975667125,
    -2.044600646923));
#7801 = CARTESIAN_POINT('',(6.070791100786,-1.359370558021,
    -1.864009650513));
#7802 = CARTESIAN_POINT('',(6.0510691659,-1.758460363002,-1.598432965252
    ));
#7803 = CARTESIAN_POINT('',(6.031347266156,-2.098430604516,
    -1.258472819091));
#7804 = CARTESIAN_POINT('',(6.011625016544,-2.364020205955,
    -0.859377394398));
#7805 = CARTESIAN_POINT('',(5.99190238044,-2.544606477241,-0.4197551732)
  );
#7806 = CARTESIAN_POINT('',(5.952457275587,-2.725188128388,
    0.500006387972));
#7807 = CARTESIAN_POINT('',(5.913013096859,-2.544598557638,
    1.419755599736));
#7808 = CARTESIAN_POINT('',(5.893291421746,-2.36401576069,1.859367103156
    ));
#7809 = CARTESIAN_POINT('',(5.873569989607,-2.098439757515,
    2.258446529933));
#7810 = CARTESIAN_POINT('',(5.853848560244,-1.758502136765,
    2.598449221332));
#7811 = CARTESIAN_POINT('',(5.834124794313,-1.359331299665,
    2.864031538065));
#7812 = CARTESIAN_POINT('',(5.814399435518,-0.919732977074,
    3.044570795462));
#7813 = CARTESIAN_POINT('',(5.794680275368,-0.45989710563,3.134905089367
    ));
#7814 = CARTESIAN_POINT('',(5.774958579364,1.959747584739E-07,
    3.134914255095));
#7815 = ADVANCED_FACE('',(#7816),#7825,.F.);
#7816 = FACE_BOUND('',#7817,.F.);
#7817 = EDGE_LOOP('',(#7818,#7819,#7824));
#7818 = ORIENTED_EDGE('',*,*,#7717,.F.);
#7819 = ORIENTED_EDGE('',*,*,#7820,.T.);
#7820 = EDGE_CURVE('',#7711,#7585,#7821,.T.);
#7821 = B_SPLINE_CURVE_WITH_KNOTS('',1,(#7822,#7823),.UNSPECIFIED.,.F.,
  .F.,(2,2),(0.,0.659896538121),.PIECEWISE_BEZIER_KNOTS.);
#7822 = CARTESIAN_POINT('',(6.484957204856,1.469776215886E-07,
    3.134890224983));
#7823 = CARTESIAN_POINT('',(6.154999393973,-1.871060620249E-07,
    3.706371881785));
#7824 = ORIENTED_EDGE('',*,*,#7611,.T.);
#7825 = B_SPLINE_SURFACE_WITH_KNOTS('',1,9,(
    (#7826,#7827,#7828,#7829,#7830,#7831,#7832,#7833,#7834,#7835,#7836
      ,#7837,#7838,#7839,#7840,#7841,#7842,#7843,#7844,#7845,#7846,#7847
      ,#7848,#7849,#7850,#7851,#7852,#7853,#7854,#7855,#7856)
    ,(#7857,#7858,#7859,#7860,#7861,#7862,#7863,#7864,#7865,#7866,#7867
      ,#7868,#7869,#7870,#7871,#7872,#7873,#7874,#7875,#7876,#7877,#7878
      ,#7879,#7880,#7881,#7882,#7883,#7884,#7885,#7886,#7887
  )),.UNSPECIFIED.,.F.,.F.,.F.,(2,2),(10,7,7,7,10),(0.,0.659896538121),(
    0.,1.58079326614,3.161586532279,4.742379798419,6.323173064558),
  .UNSPECIFIED.);
#7826 = CARTESIAN_POINT('',(6.484957204856,1.469775877086E-07,
    3.134890224983));
#7827 = CARTESIAN_POINT('',(6.465235508876,0.459897448583,3.134899399265
    ));
#7828 = CARTESIAN_POINT('',(6.445516348842,0.919736920309,3.044671290999
    ));
#7829 = CARTESIAN_POINT('',(6.425790989477,1.359382207953,2.864017638525
    ));
#7830 = CARTESIAN_POINT('',(6.40606722464,1.758439440794,2.598385186634)
  );
#7831 = CARTESIAN_POINT('',(6.386345794109,2.098412017439,2.258444492686
    ));
#7832 = CARTESIAN_POINT('',(6.366624362667,2.364009780283,1.859362819971
    ));
#7833 = CARTESIAN_POINT('',(6.346902687372,2.544611259822,1.419756347508
    ));
#7834 = CARTESIAN_POINT('',(6.307458508639,2.725209224154,0.500005785893
    ));
#7835 = CARTESIAN_POINT('',(6.268013403801,2.544605429881,
    -0.419754425436));
#7836 = CARTESIAN_POINT('',(6.248290767688,2.364004971873,
    -0.859371366759));
#7837 = CARTESIAN_POINT('',(6.228568518074,2.098419247781,
    -1.258459861853));
#7838 = CARTESIAN_POINT('',(6.208846618334,1.758459224822,
    -1.598426023764));
#7839 = CARTESIAN_POINT('',(6.189124683453,1.359372006895,
    -1.864014931346));
#7840 = CARTESIAN_POINT('',(6.169402480057,0.919756501269,
    -2.044605903764));
#7841 = CARTESIAN_POINT('',(6.129957892118,-6.010722005038E-07,
    -2.225194379343));
#7842 = CARTESIAN_POINT('',(6.090513304178,-0.91975667125,
    -2.044600646923));
#7843 = CARTESIAN_POINT('',(6.070791100786,-1.359370558021,
    -1.864009650513));
#7844 = CARTESIAN_POINT('',(6.0510691659,-1.758460363002,-1.598432965252
    ));
#7845 = CARTESIAN_POINT('',(6.031347266156,-2.098430604516,
    -1.258472819091));
#7846 = CARTESIAN_POINT('',(6.011625016544,-2.364020205955,
    -0.859377394398));
#7847 = CARTESIAN_POINT('',(5.99190238044,-2.544606477241,-0.4197551732)
  );
#7848 = CARTESIAN_POINT('',(5.952457275587,-2.725188128388,
    0.500006387972));
#7849 = CARTESIAN_POINT('',(5.913013096859,-2.544598557638,
    1.419755599736));
#7850 = CARTESIAN_POINT('',(5.893291421746,-2.36401576069,1.859367103156
    ));
#7851 = CARTESIAN_POINT('',(5.873569989607,-2.098439757515,
    2.258446529933));
#7852 = CARTESIAN_POINT('',(5.853848560244,-1.758502136765,
    2.598449221332));
#7853 = CARTESIAN_POINT('',(5.834124794313,-1.359331299665,
    2.864031538065));
#7854 = CARTESIAN_POINT('',(5.814399435518,-0.919732977074,
    3.044570795462));
#7855 = CARTESIAN_POINT('',(5.794680275368,-0.45989710563,3.134905089367
    ));
#7856 = CARTESIAN_POINT('',(5.774958579364,1.959747584739E-07,
    3.134914255095));
#7857 = CARTESIAN_POINT('',(6.154999393973,-1.871060955349E-07,
    3.706371881785));
#7858 = CARTESIAN_POINT('',(6.135277135982,0.559617932668,3.706380789873
    ));
#7859 = CARTESIAN_POINT('',(6.115554705608,1.119237671072,3.59657494472)
  );
#7860 = CARTESIAN_POINT('',(6.095832696399,1.654228966492,3.376730569641
    ));
#7861 = CARTESIAN_POINT('',(6.076110579631,2.139819164886,3.053511298712
    ));
#7862 = CARTESIAN_POINT('',(6.056388302975,2.553539850142,2.63983937644)
  );
#7863 = CARTESIAN_POINT('',(6.036666027345,2.87673668797,2.154196857216)
  );
#7864 = CARTESIAN_POINT('',(6.01694376784,3.096507736509,1.619241801519)
  );
#7865 = CARTESIAN_POINT('',(5.977499305326,3.316274374361,0.500005979442
    ));
#7866 = CARTESIAN_POINT('',(5.938054905792,3.096502635248,-0.61923748596
    ));
#7867 = CARTESIAN_POINT('',(5.918332711708,2.876734478862,-1.15420091573
    ));
#7868 = CARTESIAN_POINT('',(5.898610491347,2.553546827253,
    -1.639850086058));
#7869 = CARTESIAN_POINT('',(5.8788882472,2.139849634473,-2.053553493577)
  );
#7870 = CARTESIAN_POINT('',(5.859166005443,1.654200890482,
    -2.376744816467));
#7871 = CARTESIAN_POINT('',(5.839443781938,1.119238475809,
    -2.596503147178));
#7872 = CARTESIAN_POINT('',(5.799999347251,-2.135343596372E-07,
    -2.816259385623));
#7873 = CARTESIAN_POINT('',(5.760554912563,-1.119237955672,
    -2.596498323024));
#7874 = CARTESIAN_POINT('',(5.740832689063,-1.654198857138,
    -2.376740087359));
#7875 = CARTESIAN_POINT('',(5.7211104473,-2.139850168339,-2.053560662997
    ));
#7876 = CARTESIAN_POINT('',(5.70138820315,-2.553557310661,-1.63986315045
    ));
#7877 = CARTESIAN_POINT('',(5.681665982791,-2.876748810157,
    -1.15420736634));
#7878 = CARTESIAN_POINT('',(5.661943788715,-3.09650339839,
    -0.619238891472));
#7879 = CARTESIAN_POINT('',(5.622499389166,-3.316254022663,0.50000582761
    ));
#7880 = CARTESIAN_POINT('',(5.583054926657,-3.096495729622,
    1.619240395999));
#7881 = CARTESIAN_POINT('',(5.56333266733,-2.876742822914,2.154200353761
    ));
#7882 = CARTESIAN_POINT('',(5.543610391026,-2.553567084569,
    2.639840777663));
#7883 = CARTESIAN_POINT('',(5.523888115498,-2.139880213675,
    3.053572602091));
#7884 = CARTESIAN_POINT('',(5.504165997672,-1.65418048934,3.376743613441
    ));
#7885 = CARTESIAN_POINT('',(5.484443989014,-1.119234551052,
    3.596477746461));
#7886 = CARTESIAN_POINT('',(5.464721558529,-0.55961831021,3.706386155667
    ));
#7887 = CARTESIAN_POINT('',(5.444999300514,-1.904370416496E-07,
    3.706395064331));
#7888 = ADVANCED_FACE('',(#7889),#7988,.F.);
#7889 = FACE_BOUND('',#7890,.F.);
#7890 = EDGE_LOOP('',(#7891,#7927,#7934,#7971,#7986,#7987));
#7891 = ORIENTED_EDGE('',*,*,#7892,.F.);
#7892 = EDGE_CURVE('',#7893,#7711,#7895,.T.);
#7893 = VERTEX_POINT('',#7894);
#7894 = CARTESIAN_POINT('',(7.194955830288,9.79788802933E-08,
    3.134866194884));
#7895 = B_SPLINE_CURVE_WITH_KNOTS('',9,(#7896,#7897,#7898,#7899,#7900,
    #7901,#7902,#7903,#7904,#7905,#7906,#7907,#7908,#7909,#7910,#7911,
    #7912,#7913,#7914,#7915,#7916,#7917,#7918,#7919,#7920,#7921,#7922,
    #7923,#7924,#7925,#7926),.UNSPECIFIED.,.F.,.F.,(10,7,7,7,10),(0.,
    1.58079326614,3.161586532279,4.742379798419,6.323173064558),
  .UNSPECIFIED.);
#7896 = CARTESIAN_POINT('',(7.194955830288,9.79788809633E-08,
    3.134866194884));
#7897 = CARTESIAN_POINT('',(7.17523413433,0.459893206442,3.134875377707)
  );
#7898 = CARTESIAN_POINT('',(7.155514974434,0.9197284842,3.044648101131)
  );
#7899 = CARTESIAN_POINT('',(7.135789614928,1.35936976598,2.863996104852)
  );
#7900 = CARTESIAN_POINT('',(7.116065850023,1.758423365246,2.598366081882
    ));
#7901 = CARTESIAN_POINT('',(7.096344419526,2.098392847165,2.258428494519
    ));
#7902 = CARTESIAN_POINT('',(7.076622988121,2.363988195442,1.859350466527
    ));
#7903 = CARTESIAN_POINT('',(7.056901312849,2.54458803611,1.419748006714)
  );
#7904 = CARTESIAN_POINT('',(7.017457134128,2.725184370548,0.500005836578
    ));
#7905 = CARTESIAN_POINT('',(6.978012029261,2.544582240367,
    -0.419745990077));
#7906 = CARTESIAN_POINT('',(6.95828939313,2.363983437503,-0.859358925556
    ));
#7907 = CARTESIAN_POINT('',(6.938567143514,2.098400142925,
    -1.258443785823));
#7908 = CARTESIAN_POINT('',(6.918845243788,1.758443226842,
    -1.598406853489));
#7909 = CARTESIAN_POINT('',(6.89912330892,1.359359653663,-1.863993346372
    ));
#7910 = CARTESIAN_POINT('',(6.879401105525,0.919748160622,
    -2.044582680027));
#7911 = CARTESIAN_POINT('',(6.83995651758,-5.503945832991E-07,
    -2.225169525759));
#7912 = CARTESIAN_POINT('',(6.800511929633,-0.919748235965,
    -2.044577457392));
#7913 = CARTESIAN_POINT('',(6.780789726241,-1.359358116867,
    -1.863988116096));
#7914 = CARTESIAN_POINT('',(6.76106779137,-1.758444286977,
    -1.598413860376));
#7915 = CARTESIAN_POINT('',(6.741345891638,-2.098411434258,
    -1.258456821102));
#7916 = CARTESIAN_POINT('',(6.721623642027,-2.363998621026,
    -0.859365041117));
#7917 = CARTESIAN_POINT('',(6.701901005903,-2.54458325352,
    -0.419746832479));
#7918 = CARTESIAN_POINT('',(6.662455901021,-2.725163274785,
    0.500006337302));
#7919 = CARTESIAN_POINT('',(6.623011722305,-2.544575368135,
    1.419747164304));
#7920 = CARTESIAN_POINT('',(6.603290047217,-2.363994226406,1.85935466179
    ));
#7921 = CARTESIAN_POINT('',(6.583568615113,-2.098420652637,
    2.258430453721));
#7922 = CARTESIAN_POINT('',(6.563847185786,-1.758486139252,
    2.598430051172));
#7923 = CARTESIAN_POINT('',(6.544123419785,-1.35931894562,2.86400995383)
  );
#7924 = CARTESIAN_POINT('',(6.524398060849,-0.919724635607,
    3.044547571401));
#7925 = CARTESIAN_POINT('',(6.504678900837,-0.459892961485,
    3.134881050708));
#7926 = CARTESIAN_POINT('',(6.484957204856,1.469776215886E-07,
    3.134890224983));
#7927 = ORIENTED_EDGE('',*,*,#7928,.T.);
#7928 = EDGE_CURVE('',#7893,#7929,#7931,.T.);
#7929 = VERTEX_POINT('',#7930);
#7930 = CARTESIAN_POINT('',(6.88887294891,-1.633906575708E-07,3.665));
#7931 = B_SPLINE_CURVE_WITH_KNOTS('',1,(#7932,#7933),.UNSPECIFIED.,.F.,
  .F.,(2,2),(0.,0.659896538121),.PIECEWISE_BEZIER_KNOTS.);
#7932 = CARTESIAN_POINT('',(7.194955830288,9.79788890933E-08,
    3.134866194884));
#7933 = CARTESIAN_POINT('',(6.864999487371,-1.837766251702E-07,
    3.706348699247));
#7934 = ORIENTED_EDGE('',*,*,#7935,.T.);
#7935 = EDGE_CURVE('',#7929,#7936,#7938,.T.);
#7936 = VERTEX_POINT('',#7937);
#7937 = CARTESIAN_POINT('',(6.533877695195,-2.413126452081E-15,-2.665));
#7938 = B_SPLINE_CURVE_WITH_KNOTS('',6,(#7939,#7940,#7941,#7942,#7943,
    #7944,#7945,#7946,#7947,#7948,#7949,#7950,#7951,#7952,#7953,#7954,
    #7955,#7956,#7957,#7958,#7959,#7960,#7961,#7962,#7963,#7964,#7965,
    #7966,#7967,#7968,#7969,#7970),.UNSPECIFIED.,.F.,.F.,(7,5,5,5,5,5,7)
  ,(0.,0.101550557187,0.265382196022,0.47432570506,0.682122056795,
    0.84361864345,1.),.UNSPECIFIED.);
#7939 = CARTESIAN_POINT('',(6.88887294891,-1.633906650108E-07,3.665));
#7940 = CARTESIAN_POINT('',(6.882866480251,0.168278520385,3.665000000326
    ));
#7941 = CARTESIAN_POINT('',(6.876863630366,0.336560780152,3.654263184357
    ));
#7942 = CARTESIAN_POINT('',(6.870860245565,0.503982665312,3.632789926174
    ));
#7943 = CARTESIAN_POINT('',(6.864854933432,0.669691847009,3.600671213205
    ));
#7944 = CARTESIAN_POINT('',(6.858847860575,0.832850563953,3.558088058196
    ));
#7945 = CARTESIAN_POINT('',(6.843146336136,1.250424752125,3.420165474966
    ));
#7946 = CARTESIAN_POINT('',(6.833448276573,1.499483488507,3.308473290617
    ));
#7947 = CARTESIAN_POINT('',(6.82375017518,1.736313664364,3.171375838463)
  );
#7948 = CARTESIAN_POINT('',(6.814054080822,1.957759036977,3.010608052914
    ));
#7949 = CARTESIAN_POINT('',(6.80435834485,2.160952381546,2.828349927794)
  );
#7950 = CARTESIAN_POINT('',(6.782303861861,2.576151291333,2.370975854753
    ));
#7951 = CARTESIAN_POINT('',(6.769940199511,2.775306796442,2.08396642289)
  );
#7952 = CARTESIAN_POINT('',(6.757583429231,2.935638288862,1.772013150164
    ));
#7953 = CARTESIAN_POINT('',(6.745225030928,3.053600436272,1.441701413198
    ));
#7954 = CARTESIAN_POINT('',(6.732859813137,3.126813162891,1.10012114928)
  );
#7955 = CARTESIAN_POINT('',(6.708203963203,3.182453821067,0.411790697351
    ));
#7956 = CARTESIAN_POINT('',(6.695904418853,3.165398597794,
    6.482438266493E-02));
#7957 = CARTESIAN_POINT('',(6.683609346841,3.10287321136,-0.278293591732
    ));
#7958 = CARTESIAN_POINT('',(6.671314961092,2.996056658749,
    -0.610302126816));
#7959 = CARTESIAN_POINT('',(6.659016203598,2.847336461854,
    -0.924243105489));
#7960 = CARTESIAN_POINT('',(6.637167762763,2.515985968137,
    -1.438725660655));
#7961 = CARTESIAN_POINT('',(6.627612194066,2.348233792799,
    -1.649043219881));
#7962 = CARTESIAN_POINT('',(6.618058297289,2.159530965506,
    -1.841717817489));
#7963 = CARTESIAN_POINT('',(6.608504321503,1.952236262045,
    -2.014231943848));
#7964 = CARTESIAN_POINT('',(6.598948624849,1.729049427654,
    -2.164438138472));
#7965 = CARTESIAN_POINT('',(6.580141913106,1.264594288682,-2.41293302983
    ));
#7966 = CARTESIAN_POINT('',(6.570888549041,1.024065392895,
    -2.512746092246));
#7967 = CARTESIAN_POINT('',(6.561636210218,0.774311039095,
    -2.588606918779));
#7968 = CARTESIAN_POINT('',(6.552383680493,0.518307144405,-2.63953924162
    ));
#7969 = CARTESIAN_POINT('',(6.543130029928,0.259138168115,-2.665));
#7970 = CARTESIAN_POINT('',(6.533877695195,-3.273126452081E-15,-2.665));
#7971 = ORIENTED_EDGE('',*,*,#7972,.T.);
#7972 = EDGE_CURVE('',#7936,#7576,#7973,.T.);
#7973 = B_SPLINE_CURVE_WITH_KNOTS('',6,(#7974,#7975,#7976,#7977,#7978,
    #7979,#7980,#7981,#7982,#7983,#7984,#7985),.UNSPECIFIED.,.F.,.F.,(7,
    5,7),(0.,0.161456363685,1.),.UNSPECIFIED.);
#7974 = CARTESIAN_POINT('',(6.533877695195,-3.303126452081E-15,-2.665));
#7975 = CARTESIAN_POINT('',(6.531518374911,-6.607953063549E-02,-2.665));
#7976 = CARTESIAN_POINT('',(6.529159068749,-0.132159108514,
    -2.663344451745));
#7977 = CARTESIAN_POINT('',(6.526799779099,-0.198186791947,
    -2.660033357797));
#7978 = CARTESIAN_POINT('',(6.524440507887,-0.264110778949,
    -2.655068881838));
#7979 = CARTESIAN_POINT('',(6.522081256576,-0.329879407231,
    -2.648455348677));
#7980 = CARTESIAN_POINT('',(6.507469070607,-0.735944213104,
    -2.597320142587));
#7981 = CARTESIAN_POINT('',(6.495212322075,-1.070991452121,
    -2.510118552697));
#7982 = CARTESIAN_POINT('',(6.482961378005,-1.393086634398,
    -2.379482183471));
#7983 = CARTESIAN_POINT('',(6.470710821019,-1.695428977455,
    -2.208017158247));
#7984 = CARTESIAN_POINT('',(6.458454724984,-1.971754117795,
    -1.999438258442));
#7985 = CARTESIAN_POINT('',(6.446202302092,-2.216713364112,
    -1.759072123985));
#7986 = ORIENTED_EDGE('',*,*,#7584,.T.);
#7987 = ORIENTED_EDGE('',*,*,#7820,.F.);
#7988 = B_SPLINE_SURFACE_WITH_KNOTS('',1,9,(
    (#7989,#7990,#7991,#7992,#7993,#7994,#7995,#7996,#7997,#7998,#7999
      ,#8000,#8001,#8002,#8003,#8004,#8005,#8006,#8007,#8008,#8009,#8010
      ,#8011,#8012,#8013,#8014,#8015,#8016,#8017,#8018,#8019)
    ,(#8020,#8021,#8022,#8023,#8024,#8025,#8026,#8027,#8028,#8029,#8030
      ,#8031,#8032,#8033,#8034,#8035,#8036,#8037,#8038,#8039,#8040,#8041
      ,#8042,#8043,#8044,#8045,#8046,#8047,#8048,#8049,#8050
  )),.UNSPECIFIED.,.F.,.F.,.F.,(2,2),(10,7,7,7,10),(0.,0.659896538121),(
    0.,1.58079326614,3.161586532279,4.742379798419,6.323173064558),
  .UNSPECIFIED.);
#7989 = CARTESIAN_POINT('',(7.194955830288,9.79788809633E-08,
    3.134866194884));
#7990 = CARTESIAN_POINT('',(7.17523413433,0.459893206442,3.134875377707)
  );
#7991 = CARTESIAN_POINT('',(7.155514974434,0.9197284842,3.044648101131)
  );
#7992 = CARTESIAN_POINT('',(7.135789614928,1.35936976598,2.863996104852)
  );
#7993 = CARTESIAN_POINT('',(7.116065850023,1.758423365246,2.598366081882
    ));
#7994 = CARTESIAN_POINT('',(7.096344419526,2.098392847165,2.258428494519
    ));
#7995 = CARTESIAN_POINT('',(7.076622988121,2.363988195442,1.859350466527
    ));
#7996 = CARTESIAN_POINT('',(7.056901312849,2.54458803611,1.419748006714)
  );
#7997 = CARTESIAN_POINT('',(7.017457134128,2.725184370548,0.500005836578
    ));
#7998 = CARTESIAN_POINT('',(6.978012029261,2.544582240367,
    -0.419745990077));
#7999 = CARTESIAN_POINT('',(6.95828939313,2.363983437503,-0.859358925556
    ));
#8000 = CARTESIAN_POINT('',(6.938567143514,2.098400142925,
    -1.258443785823));
#8001 = CARTESIAN_POINT('',(6.918845243788,1.758443226842,
    -1.598406853489));
#8002 = CARTESIAN_POINT('',(6.89912330892,1.359359653663,-1.863993346372
    ));
#8003 = CARTESIAN_POINT('',(6.879401105525,0.919748160622,
    -2.044582680027));
#8004 = CARTESIAN_POINT('',(6.83995651758,-5.503945832991E-07,
    -2.225169525759));
#8005 = CARTESIAN_POINT('',(6.800511929633,-0.919748235965,
    -2.044577457392));
#8006 = CARTESIAN_POINT('',(6.780789726241,-1.359358116867,
    -1.863988116096));
#8007 = CARTESIAN_POINT('',(6.76106779137,-1.758444286977,
    -1.598413860376));
#8008 = CARTESIAN_POINT('',(6.741345891638,-2.098411434258,
    -1.258456821102));
#8009 = CARTESIAN_POINT('',(6.721623642027,-2.363998621026,
    -0.859365041117));
#8010 = CARTESIAN_POINT('',(6.701901005903,-2.54458325352,
    -0.419746832479));
#8011 = CARTESIAN_POINT('',(6.662455901021,-2.725163274785,
    0.500006337302));
#8012 = CARTESIAN_POINT('',(6.623011722305,-2.544575368135,
    1.419747164304));
#8013 = CARTESIAN_POINT('',(6.603290047217,-2.363994226406,1.85935466179
    ));
#8014 = CARTESIAN_POINT('',(6.583568615113,-2.098420652637,
    2.258430453721));
#8015 = CARTESIAN_POINT('',(6.563847185786,-1.758486139252,
    2.598430051172));
#8016 = CARTESIAN_POINT('',(6.544123419785,-1.35931894562,2.86400995383)
  );
#8017 = CARTESIAN_POINT('',(6.524398060849,-0.919724635607,
    3.044547571401));
#8018 = CARTESIAN_POINT('',(6.504678900837,-0.459892961485,
    3.134881050708));
#8019 = CARTESIAN_POINT('',(6.484957204856,1.469776215886E-07,
    3.134890224983));
#8020 = CARTESIAN_POINT('',(6.864999487371,-1.837766329202E-07,
    3.706348699247));
#8021 = CARTESIAN_POINT('',(6.845277229403,0.559613890751,3.706357606747
    ));
#8022 = CARTESIAN_POINT('',(6.825554799163,1.11922958138,3.596552555123)
  );
#8023 = CARTESIAN_POINT('',(6.805832789817,1.654217008759,3.376709769372
    ));
#8024 = CARTESIAN_POINT('',(6.786110672983,2.13980369663,3.053492834029)
  );
#8025 = CARTESIAN_POINT('',(6.76638839636,2.553521389788,2.639823902244)
  );
#8026 = CARTESIAN_POINT('',(6.746666120765,2.876715890551,2.154184894091
    ));
#8027 = CARTESIAN_POINT('',(6.726943861284,3.096485349582,1.619233706046
    ));
#8028 = CARTESIAN_POINT('',(6.687499398781,3.316250397366,0.500005976006
    ));
#8029 = CARTESIAN_POINT('',(6.648054999219,3.096480245986,
    -0.619229396989));
#8030 = CARTESIAN_POINT('',(6.628332805117,2.876713677923,
    -1.154188958737));
#8031 = CARTESIAN_POINT('',(6.608610584754,2.553528362473,
    -1.639834617341));
#8032 = CARTESIAN_POINT('',(6.588888340621,2.139834160459,
    -2.053535033223));
#8033 = CARTESIAN_POINT('',(6.569166098877,1.654188927562,
    -2.376724018919));
#8034 = CARTESIAN_POINT('',(6.549443875373,1.119230380479,
    -2.596480760225));
#8035 = CARTESIAN_POINT('',(6.50999944068,-2.169781349025E-07,
    -2.816235408649));
#8036 = CARTESIAN_POINT('',(6.470555005986,-1.119229866772,
    -2.596475933747));
#8037 = CARTESIAN_POINT('',(6.450832782485,-1.654186900193,
    -2.376719286375));
#8038 = CARTESIAN_POINT('',(6.431110540737,-2.139834699629,-2.0535421982
    ));
#8039 = CARTESIAN_POINT('',(6.411388296598,-2.553538850324,
    -1.639847676429));
#8040 = CARTESIAN_POINT('',(6.39166607624,-2.876728012654,
    -1.154195403373));
#8041 = CARTESIAN_POINT('',(6.371943882145,-3.096481011453,
    -0.61923079607));
#8042 = CARTESIAN_POINT('',(6.332499482568,-3.316230045668,
    0.500005831061));
#8043 = CARTESIAN_POINT('',(6.293055020071,-3.09647334037,1.619232306958
    ));
#8044 = CARTESIAN_POINT('',(6.273332760767,-2.876722022059,
    2.154188396611));
#8045 = CARTESIAN_POINT('',(6.253610484497,-2.55354861977,2.639825308771
    ));
#8046 = CARTESIAN_POINT('',(6.233888209004,-2.139864740115,
    3.053554141853));
#8047 = CARTESIAN_POINT('',(6.214166091111,-1.654168525633,
    3.376722816609));
#8048 = CARTESIAN_POINT('',(6.194444082317,-1.119226454929,3.59645535919
    ));
#8049 = CARTESIAN_POINT('',(6.174721651964,-0.559614261633,
    3.706362973703));
#8050 = CARTESIAN_POINT('',(6.154999393973,-1.871060620249E-07,
    3.706371881785));
#8051 = ADVANCED_FACE('',(#8052),#8073,.T.);
#8052 = FACE_BOUND('',#8053,.T.);
#8053 = EDGE_LOOP('',(#8054,#8055,#8056,#8067));
#8054 = ORIENTED_EDGE('',*,*,#7972,.T.);
#8055 = ORIENTED_EDGE('',*,*,#7575,.T.);
#8056 = ORIENTED_EDGE('',*,*,#8057,.F.);
#8057 = EDGE_CURVE('',#8058,#7566,#8060,.T.);
#8058 = VERTEX_POINT('',#8059);
#8059 = CARTESIAN_POINT('',(6.476102283726,-2.387469015253E-15,-2.665));
#8060 = B_SPLINE_CURVE_WITH_KNOTS('',5,(#8061,#8062,#8063,#8064,#8065,
    #8066),.UNSPECIFIED.,.F.,.F.,(6,6),(0.,1.),
  .PIECEWISE_BEZIER_KNOTS.);
#8061 = CARTESIAN_POINT('',(6.476102283726,-2.827469015253E-15,-2.665));
#8062 = CARTESIAN_POINT('',(6.470122561704,-0.167491590245,
    -2.665000000001));
#8063 = CARTESIAN_POINT('',(6.464142668255,-0.334985239544,
    -2.653920314416));
#8064 = CARTESIAN_POINT('',(6.458162774752,-0.501497788625,
    -2.631761233801));
#8065 = CARTESIAN_POINT('',(6.452182576136,-0.666059749805,
    -2.598651775475));
#8066 = CARTESIAN_POINT('',(6.446202302092,-0.827722099479,
    -2.554848789389));
#8067 = ORIENTED_EDGE('',*,*,#8068,.T.);
#8068 = EDGE_CURVE('',#8058,#7936,#8069,.T.);
#8069 = LINE('',#8070,#8071);
#8070 = CARTESIAN_POINT('',(6.446202902092,-4.304191022488E-15,-2.665));
#8071 = VECTOR('',#8072,1.);
#8072 = DIRECTION('',(1.,-8.840892098501E-16,4.4E-16));
#8073 = CYLINDRICAL_SURFACE('',#8074,3.165);
#8074 = AXIS2_PLACEMENT_3D('',#8075,#8076,#8077);
#8075 = CARTESIAN_POINT('',(6.446202902092,-2.854191022488E-15,0.5));
#8076 = DIRECTION('',(1.,-5.540892098501E-16,4.4E-16));
#8077 = DIRECTION('',(4.4E-16,7.E-17,-1.));
#8078 = ADVANCED_FACE('',(#8079),#8126,.F.);
#8079 = FACE_BOUND('',#8080,.F.);
#8080 = EDGE_LOOP('',(#8081,#8118,#8123,#8124,#8125));
#8081 = ORIENTED_EDGE('',*,*,#8082,.F.);
#8082 = EDGE_CURVE('',#8083,#8058,#8085,.T.);
#8083 = VERTEX_POINT('',#8084);
#8084 = CARTESIAN_POINT('',(6.831107500231,-1.748777765451E-07,3.665));
#8085 = B_SPLINE_CURVE_WITH_KNOTS('',6,(#8086,#8087,#8088,#8089,#8090,
    #8091,#8092,#8093,#8094,#8095,#8096,#8097,#8098,#8099,#8100,#8101,
    #8102,#8103,#8104,#8105,#8106,#8107,#8108,#8109,#8110,#8111,#8112,
    #8113,#8114,#8115,#8116,#8117),.UNSPECIFIED.,.F.,.F.,(7,5,5,5,5,5,7)
  ,(0.,9.800523715368E-02,0.268199904921,0.471076770213,0.684358439366,
    0.845845761531,1.),.UNSPECIFIED.);
#8086 = CARTESIAN_POINT('',(6.831107500231,-1.748778105251E-07,3.665));
#8087 = CARTESIAN_POINT('',(6.825307617278,0.162403370744,3.665000000905
    ));
#8088 = CARTESIAN_POINT('',(6.819503945057,0.32480952128,3.654999847303)
  );
#8089 = CARTESIAN_POINT('',(6.813700865332,0.48644259849,3.634999907081)
  );
#8090 = CARTESIAN_POINT('',(6.807899551944,0.64653637148,3.605079065791)
  );
#8091 = CARTESIAN_POINT('',(6.802099724154,0.804336654119,3.565394338681
    ));
#8092 = CARTESIAN_POINT('',(6.786232102844,1.227870768127,3.430716316628
    ));
#8093 = CARTESIAN_POINT('',(6.77616532429,1.487543994617,3.316498460109)
  );
#8094 = CARTESIAN_POINT('',(6.766102735497,1.734176086347,3.174763345653
    ));
#8095 = CARTESIAN_POINT('',(6.75603778258,1.964221715556,3.007445670588)
  );
#8096 = CARTESIAN_POINT('',(6.745968631376,2.174468008769,2.816992387883
    ));
#8097 = CARTESIAN_POINT('',(6.723896330498,2.58592727801,2.355593109841)
  );
#8098 = CARTESIAN_POINT('',(6.711886855625,2.777771935223,2.076079118108
    ));
#8099 = CARTESIAN_POINT('',(6.699880363739,2.932957234645,1.773215139221
    ));
#8100 = CARTESIAN_POINT('',(6.687875346569,3.048241509086,1.453029868525
    ));
#8101 = CARTESIAN_POINT('',(6.675867249957,3.121434139066,1.122008414964
    ));
#8102 = CARTESIAN_POINT('',(6.65124586493,3.184013499435,0.435241398256)
  );
#8103 = CARTESIAN_POINT('',(6.638623773865,3.168933784839,
    7.883173309101E-02));
#8104 = CARTESIAN_POINT('',(6.626008499501,3.105886649397,-0.27379633019
    ));
#8105 = CARTESIAN_POINT('',(6.613392533839,2.99612699228,-0.61478624876)
  );
#8106 = CARTESIAN_POINT('',(6.600769721379,2.842231410716,
    -0.936612672862));
#8107 = CARTESIAN_POINT('',(6.578597288014,2.502306948145,
    -1.456347118364));
#8108 = CARTESIAN_POINT('',(6.56904159755,2.333092143413,-1.665469002788
    ));
#8109 = CARTESIAN_POINT('',(6.559487162254,2.143053581079,-1.85680337045
    ));
#8110 = CARTESIAN_POINT('',(6.54993278265,1.934567194706,-2.027849810461
    ));
#8111 = CARTESIAN_POINT('',(6.5403771451,1.710347241724,-2.176480222867)
  );
#8112 = CARTESIAN_POINT('',(6.521702795094,1.247444996315,
    -2.419993018125));
#8113 = CARTESIAN_POINT('',(6.512581777602,1.009827197436,
    -2.517038337087));
#8114 = CARTESIAN_POINT('',(6.503462200615,0.763368470258,
    -2.590768138438));
#8115 = CARTESIAN_POINT('',(6.494342837437,0.510923198205,-2.64025936617
    ));
#8116 = CARTESIAN_POINT('',(6.485222164286,0.255447208419,
    -2.664999999999));
#8117 = CARTESIAN_POINT('',(6.476102283726,-2.867469015253E-15,-2.665));
#8118 = ORIENTED_EDGE('',*,*,#8119,.T.);
#8119 = EDGE_CURVE('',#8083,#7675,#8120,.T.);
#8120 = B_SPLINE_CURVE_WITH_KNOTS('',1,(#8121,#8122),.UNSPECIFIED.,.F.,
  .F.,(2,2),(0.,0.659896538121),.PIECEWISE_BEZIER_KNOTS.);
#8121 = CARTESIAN_POINT('',(6.854999393875,-1.999463560557E-07,
    3.706383569376));
#8122 = CARTESIAN_POINT('',(6.52506066673,1.462419924608E-07,
    3.134890894573));
#8123 = ORIENTED_EDGE('',*,*,#7674,.T.);
#8124 = ORIENTED_EDGE('',*,*,#7565,.T.);
#8125 = ORIENTED_EDGE('',*,*,#8057,.F.);
#8126 = B_SPLINE_SURFACE_WITH_KNOTS('',1,9,(
    (#8127,#8128,#8129,#8130,#8131,#8132,#8133,#8134,#8135,#8136,#8137
      ,#8138,#8139,#8140,#8141,#8142,#8143,#8144,#8145,#8146,#8147,#8148
      ,#8149,#8150,#8151,#8152,#8153,#8154,#8155,#8156,#8157)
    ,(#8158,#8159,#8160,#8161,#8162,#8163,#8164,#8165,#8166,#8167,#8168
      ,#8169,#8170,#8171,#8172,#8173,#8174,#8175,#8176,#8177,#8178,#8179
      ,#8180,#8181,#8182,#8183,#8184,#8185,#8186,#8187,#8188
  )),.UNSPECIFIED.,.F.,.F.,.F.,(2,2),(10,7,7,7,10),(0.,0.659896538121),(
    0.,1.58079326614,3.161586532279,4.742379798419,6.323173064558),
  .UNSPECIFIED.);
#8127 = CARTESIAN_POINT('',(6.854999393875,-1.999463904457E-07,
    3.706383569376));
#8128 = CARTESIAN_POINT('',(6.835277135872,0.559620116137,3.706393168104
    ));
#8129 = CARTESIAN_POINT('',(6.815554705432,1.11924218774,3.596590869038)
  );
#8130 = CARTESIAN_POINT('',(6.795832696274,1.654237342012,3.376741355138
    ));
#8131 = CARTESIAN_POINT('',(6.776110579584,2.13982519849,3.053518944027)
  );
#8132 = CARTESIAN_POINT('',(6.756388302865,2.553548819158,2.639847720722
    ));
#8133 = CARTESIAN_POINT('',(6.736666027243,2.876747743578,2.154203213589
    ));
#8134 = CARTESIAN_POINT('',(6.716943767718,3.096520358078,1.619246247865
    ));
#8135 = CARTESIAN_POINT('',(6.677499305198,3.316288181597,0.500005983464
    ));
#8136 = CARTESIAN_POINT('',(6.63805490568,3.096514760328,-0.619241826731
    ));
#8137 = CARTESIAN_POINT('',(6.618332711606,2.876745214794,
    -1.154207160687));
#8138 = CARTESIAN_POINT('',(6.598610491245,2.55355644348,-1.639857980803
    ));
#8139 = CARTESIAN_POINT('',(6.57888824709,2.139858012294,-2.053563240737
    ));
#8140 = CARTESIAN_POINT('',(6.559166005327,1.654207461199,
    -2.376756293466));
#8141 = CARTESIAN_POINT('',(6.539443781822,1.119242887742,
    -2.596515490206));
#8142 = CARTESIAN_POINT('',(6.499999347138,-2.319589705381E-07,
    -2.816272403585));
#8143 = CARTESIAN_POINT('',(6.460554912453,-1.119242330739,
    -2.596510290622));
#8144 = CARTESIAN_POINT('',(6.440832688953,-1.654205273376,-2.3767511957
    ));
#8145 = CARTESIAN_POINT('',(6.421110447183,-2.139858590436,
    -2.05357096383));
#8146 = CARTESIAN_POINT('',(6.401388203025,-2.553567742408,
    -1.639872055631));
#8147 = CARTESIAN_POINT('',(6.381665982667,-2.876760659515,
    -1.15421410839));
#8148 = CARTESIAN_POINT('',(6.361943788601,-3.096515583918,
    -0.61924333778));
#8149 = CARTESIAN_POINT('',(6.322499389067,-3.316266251374,0.50000582358
    ));
#8150 = CARTESIAN_POINT('',(6.283054926552,-3.096507418651,
    1.619244736807));
#8151 = CARTESIAN_POINT('',(6.263332667218,-2.876754352504,
    2.154206984565));
#8152 = CARTESIAN_POINT('',(6.24361039087,-2.553578163546,2.639849233495
    ));
#8153 = CARTESIAN_POINT('',(6.223888115367,-2.139890979496,
    3.053585004643));
#8154 = CARTESIAN_POINT('',(6.204165997537,-1.654185101628,
    3.376755412504));
#8155 = CARTESIAN_POINT('',(6.184443988973,-1.119238822245,
    3.596486133113));
#8156 = CARTESIAN_POINT('',(6.164721558412,-0.559620519361,3.70639895071
    ));
#8157 = CARTESIAN_POINT('',(6.144999300384,-2.032784485604E-07,
    3.706408550015));
#8158 = CARTESIAN_POINT('',(6.52506066673,1.462419588008E-07,
    3.134890894573));
#8159 = CARTESIAN_POINT('',(6.505338970749,0.459897573675,3.134900108422
    ));
#8160 = CARTESIAN_POINT('',(6.485619810711,0.919737179072,3.044672203313
    ));
#8161 = CARTESIAN_POINT('',(6.465894451349,1.359382687792,2.864018256434
    ));
#8162 = CARTESIAN_POINT('',(6.446170686517,1.758439786463,2.598385624639
    ));
#8163 = CARTESIAN_POINT('',(6.426449255982,2.09841253128,2.258444970735)
  );
#8164 = CARTESIAN_POINT('',(6.406727824541,2.364010413666,1.859363184132
    ));
#8165 = CARTESIAN_POINT('',(6.387006149244,2.54461198292,1.419756602242)
  );
#8166 = CARTESIAN_POINT('',(6.347561970511,2.72521001518,0.500005786123)
  );
#8167 = CARTESIAN_POINT('',(6.308116865674,2.544606124534,
    -0.419754674122));
#8168 = CARTESIAN_POINT('',(6.288394229562,2.364005586941,
    -0.859371724536));
#8169 = CARTESIAN_POINT('',(6.268671979948,2.098419798701,
    -1.258460314148));
#8170 = CARTESIAN_POINT('',(6.248950080207,1.758459704793,
    -1.598426582185));
#8171 = CARTESIAN_POINT('',(6.229228145326,1.359372383336,
    -1.864015588871));
#8172 = CARTESIAN_POINT('',(6.20950594193,0.919756754032,-2.044606610905
    ));
#8173 = CARTESIAN_POINT('',(6.170061353991,-6.021277767516E-07,
    -2.22519512515));
#8174 = CARTESIAN_POINT('',(6.130616766051,-0.919756921901,
    -2.044601332554));
#8175 = CARTESIAN_POINT('',(6.110894562659,-1.359370925611,
    -1.864010286917));
#8176 = CARTESIAN_POINT('',(6.091172627772,-1.758460845509,
    -1.598433555393));
#8177 = CARTESIAN_POINT('',(6.071450728028,-2.098431202158,
    -1.258473329275));
#8178 = CARTESIAN_POINT('',(6.051728478416,-2.364020884812,
    -0.859377780655));
#8179 = CARTESIAN_POINT('',(6.032005842312,-2.544607175358,
    -0.419755427932));
#8180 = CARTESIAN_POINT('',(5.99256073746,-2.725188828979,0.500006387741
    ));
#8181 = CARTESIAN_POINT('',(5.953116558732,-2.54459922731,1.419755848424
    ));
#8182 = CARTESIAN_POINT('',(5.933394883619,-2.364016421227,1.85936748304
    ));
#8183 = CARTESIAN_POINT('',(5.913673451477,-2.098440392237,
    2.258447014374));
#8184 = CARTESIAN_POINT('',(5.893952022116,-1.758502753546,
    2.598449931882));
#8185 = CARTESIAN_POINT('',(5.874228256184,-1.359331563906,
    2.864032214041));
#8186 = CARTESIAN_POINT('',(5.854502897394,-0.919733221773,
    3.044571275939));
#8187 = CARTESIAN_POINT('',(5.83478373724,-0.459897232194,3.134905822403
    ));
#8188 = CARTESIAN_POINT('',(5.815062041235,1.952390660561E-07,
    3.134915027699));
#8189 = ADVANCED_FACE('',(#8190),#8235,.F.);
#8190 = FACE_BOUND('',#8191,.F.);
#8191 = EDGE_LOOP('',(#8192,#8228,#8233,#8234));
#8192 = ORIENTED_EDGE('',*,*,#8193,.F.);
#8193 = EDGE_CURVE('',#8194,#7675,#8196,.T.);
#8194 = VERTEX_POINT('',#8195);
#8195 = CARTESIAN_POINT('',(7.235059292163,9.724330827549E-08,
    3.13486676146));
#8196 = B_SPLINE_CURVE_WITH_KNOTS('',9,(#8197,#8198,#8199,#8200,#8201,
    #8202,#8203,#8204,#8205,#8206,#8207,#8208,#8209,#8210,#8211,#8212,
    #8213,#8214,#8215,#8216,#8217,#8218,#8219,#8220,#8221,#8222,#8223,
    #8224,#8225,#8226,#8227),.UNSPECIFIED.,.F.,.F.,(10,7,7,7,10),(0.,
    1.58079326614,3.161586532279,4.742379798419,6.323173064558),
  .UNSPECIFIED.);
#8197 = CARTESIAN_POINT('',(7.235059292163,9.724330934549E-08,
    3.13486676146));
#8198 = CARTESIAN_POINT('',(7.215337596205,0.459893313559,3.13487598385)
  );
#8199 = CARTESIAN_POINT('',(7.195618436306,0.919728707002,3.044648913961
    ));
#8200 = CARTESIAN_POINT('',(7.175893076801,1.359370192671,2.86399663034)
  );
#8201 = CARTESIAN_POINT('',(7.156169311901,1.758423642168,2.598366437848
    ));
#8202 = CARTESIAN_POINT('',(7.136447881401,2.098393278966,2.258428903819
    ));
#8203 = CARTESIAN_POINT('',(7.116726449996,2.363988736402,1.859350777542
    ));
#8204 = CARTESIAN_POINT('',(7.097004774723,2.544588659725,1.41974822549)
  );
#8205 = CARTESIAN_POINT('',(7.057560596002,2.72518505503,0.500005836809)
  );
#8206 = CARTESIAN_POINT('',(7.018115491135,2.544582835537,
    -0.419746202804));
#8207 = CARTESIAN_POINT('',(6.998392855005,2.363983960148,
    -0.859359230188));
#8208 = CARTESIAN_POINT('',(6.97867060539,2.098400611805,-1.258444169369
    ));
#8209 = CARTESIAN_POINT('',(6.958948705663,1.758443638064,-1.59840732987
    ));
#8210 = CARTESIAN_POINT('',(6.939226770795,1.359359976959,
    -1.863993911473));
#8211 = CARTESIAN_POINT('',(6.9195045674,0.919748377427,-2.044583287683)
  );
#8212 = CARTESIAN_POINT('',(6.880059979454,-5.514502111769E-07,
    -2.225170165023));
#8213 = CARTESIAN_POINT('',(6.840615391508,-0.919748450658,
    -2.04457804354));
#8214 = CARTESIAN_POINT('',(6.820893188116,-1.359358431312,
    -1.863988660077));
#8215 = CARTESIAN_POINT('',(6.801171253244,-1.758444700736,
    -1.598414368477));
#8216 = CARTESIAN_POINT('',(6.781449353512,-2.09841194986,
    -1.258457262538));
#8217 = CARTESIAN_POINT('',(6.761727103901,-2.363999207461,
    -0.859365374228));
#8218 = CARTESIAN_POINT('',(6.742004467778,-2.544583852153,
    -0.419747051253));
#8219 = CARTESIAN_POINT('',(6.702559362896,-2.725163868832,
    0.500006337071));
#8220 = CARTESIAN_POINT('',(6.66311518418,-2.544575938324,1.419747377033
    ));
#8221 = CARTESIAN_POINT('',(6.643393509091,-2.363994794521,
    1.859354988527));
#8222 = CARTESIAN_POINT('',(6.623672076985,-2.098421205319,
    2.258430869412));
#8223 = CARTESIAN_POINT('',(6.60395064766,-1.758486687286,2.598430679682
    ));
#8224 = CARTESIAN_POINT('',(6.584226881658,-1.359319156713,
    2.864010537386));
#8225 = CARTESIAN_POINT('',(6.564501522727,-0.919724844344,
    3.044547952392));
#8226 = CARTESIAN_POINT('',(6.544782362711,-0.459893070073,
    3.134881680731));
#8227 = CARTESIAN_POINT('',(6.52506066673,1.462419924608E-07,
    3.134890894573));
#8228 = ORIENTED_EDGE('',*,*,#8229,.T.);
#8229 = EDGE_CURVE('',#8194,#7893,#8230,.T.);
#8230 = B_SPLINE_CURVE_WITH_KNOTS('',1,(#8231,#8232),.UNSPECIFIED.,.F.,
  .F.,(2,2),(0.,4.010346187924E-02),.PIECEWISE_BEZIER_KNOTS.);
#8231 = CARTESIAN_POINT('',(7.235059292163,9.724331746549E-08,
    3.13486676146));
#8232 = CARTESIAN_POINT('',(7.194955830288,9.79788890933E-08,
    3.134866194884));
#8233 = ORIENTED_EDGE('',*,*,#7892,.T.);
#8234 = ORIENTED_EDGE('',*,*,#7710,.F.);
#8235 = B_SPLINE_SURFACE_WITH_KNOTS('',1,9,(
    (#8236,#8237,#8238,#8239,#8240,#8241,#8242,#8243,#8244,#8245,#8246
      ,#8247,#8248,#8249,#8250,#8251,#8252,#8253,#8254,#8255,#8256,#8257
      ,#8258,#8259,#8260,#8261,#8262,#8263,#8264,#8265,#8266)
    ,(#8267,#8268,#8269,#8270,#8271,#8272,#8273,#8274,#8275,#8276,#8277
      ,#8278,#8279,#8280,#8281,#8282,#8283,#8284,#8285,#8286,#8287,#8288
      ,#8289,#8290,#8291,#8292,#8293,#8294,#8295,#8296,#8297
  )),.UNSPECIFIED.,.F.,.F.,.F.,(2,2),(10,7,7,7,10),(0.,
    4.010346187924E-02),(0.,1.58079326614,3.161586532279,4.742379798419,
    6.323173064558),.UNSPECIFIED.);
#8236 = CARTESIAN_POINT('',(7.235059292163,9.724330912549E-08,
    3.13486676146));
#8237 = CARTESIAN_POINT('',(7.215337596205,0.459893313559,3.13487598385)
  );
#8238 = CARTESIAN_POINT('',(7.195618436306,0.919728707002,3.044648913961
    ));
#8239 = CARTESIAN_POINT('',(7.175893076801,1.359370192671,2.86399663034)
  );
#8240 = CARTESIAN_POINT('',(7.156169311901,1.758423642168,2.598366437847
    ));
#8241 = CARTESIAN_POINT('',(7.136447881401,2.098393278966,2.258428903819
    ));
#8242 = CARTESIAN_POINT('',(7.116726449996,2.363988736402,1.859350777542
    ));
#8243 = CARTESIAN_POINT('',(7.097004774723,2.544588659725,1.41974822549)
  );
#8244 = CARTESIAN_POINT('',(7.057560596002,2.72518505503,0.500005836809)
  );
#8245 = CARTESIAN_POINT('',(7.018115491135,2.544582835537,
    -0.419746202804));
#8246 = CARTESIAN_POINT('',(6.998392855005,2.363983960148,
    -0.859359230188));
#8247 = CARTESIAN_POINT('',(6.97867060539,2.098400611805,-1.258444169369
    ));
#8248 = CARTESIAN_POINT('',(6.958948705663,1.758443638064,-1.59840732987
    ));
#8249 = CARTESIAN_POINT('',(6.939226770795,1.359359976959,
    -1.863993911473));
#8250 = CARTESIAN_POINT('',(6.9195045674,0.919748377427,-2.044583287683)
  );
#8251 = CARTESIAN_POINT('',(6.880059979454,-5.514502157969E-07,
    -2.225170165023));
#8252 = CARTESIAN_POINT('',(6.840615391508,-0.919748450658,
    -2.04457804354));
#8253 = CARTESIAN_POINT('',(6.820893188116,-1.359358431312,
    -1.863988660077));
#8254 = CARTESIAN_POINT('',(6.801171253244,-1.758444700736,
    -1.598414368477));
#8255 = CARTESIAN_POINT('',(6.781449353512,-2.09841194986,
    -1.258457262538));
#8256 = CARTESIAN_POINT('',(6.761727103901,-2.363999207461,
    -0.859365374228));
#8257 = CARTESIAN_POINT('',(6.742004467778,-2.544583852153,
    -0.419747051253));
#8258 = CARTESIAN_POINT('',(6.702559362896,-2.725163868832,
    0.500006337071));
#8259 = CARTESIAN_POINT('',(6.66311518418,-2.544575938324,1.419747377033
    ));
#8260 = CARTESIAN_POINT('',(6.643393509091,-2.363994794521,
    1.859354988527));
#8261 = CARTESIAN_POINT('',(6.623672076985,-2.098421205319,
    2.258430869412));
#8262 = CARTESIAN_POINT('',(6.60395064766,-1.758486687286,2.598430679683
    ));
#8263 = CARTESIAN_POINT('',(6.584226881658,-1.359319156713,
    2.864010537386));
#8264 = CARTESIAN_POINT('',(6.564501522727,-0.919724844344,
    3.044547952393));
#8265 = CARTESIAN_POINT('',(6.544782362711,-0.459893070073,
    3.134881680731));
#8266 = CARTESIAN_POINT('',(6.52506066673,1.462419926808E-07,
    3.134890894573));
#8267 = CARTESIAN_POINT('',(7.194955830288,9.79788809633E-08,
    3.134866194884));
#8268 = CARTESIAN_POINT('',(7.17523413433,0.459893206442,3.134875377707)
  );
#8269 = CARTESIAN_POINT('',(7.155514974434,0.9197284842,3.044648101131)
  );
#8270 = CARTESIAN_POINT('',(7.135789614928,1.35936976598,2.863996104852)
  );
#8271 = CARTESIAN_POINT('',(7.116065850023,1.758423365246,2.598366081882
    ));
#8272 = CARTESIAN_POINT('',(7.096344419526,2.098392847165,2.258428494519
    ));
#8273 = CARTESIAN_POINT('',(7.076622988121,2.363988195442,1.859350466527
    ));
#8274 = CARTESIAN_POINT('',(7.056901312849,2.54458803611,1.419748006714)
  );
#8275 = CARTESIAN_POINT('',(7.017457134128,2.725184370548,0.500005836578
    ));
#8276 = CARTESIAN_POINT('',(6.978012029261,2.544582240367,
    -0.419745990077));
#8277 = CARTESIAN_POINT('',(6.95828939313,2.363983437503,-0.859358925556
    ));
#8278 = CARTESIAN_POINT('',(6.938567143514,2.098400142925,
    -1.258443785823));
#8279 = CARTESIAN_POINT('',(6.918845243788,1.758443226842,
    -1.598406853489));
#8280 = CARTESIAN_POINT('',(6.89912330892,1.359359653663,-1.863993346372
    ));
#8281 = CARTESIAN_POINT('',(6.879401105525,0.919748160622,
    -2.044582680027));
#8282 = CARTESIAN_POINT('',(6.83995651758,-5.503945832991E-07,
    -2.225169525759));
#8283 = CARTESIAN_POINT('',(6.800511929633,-0.919748235965,
    -2.044577457392));
#8284 = CARTESIAN_POINT('',(6.780789726241,-1.359358116867,
    -1.863988116096));
#8285 = CARTESIAN_POINT('',(6.76106779137,-1.758444286977,
    -1.598413860376));
#8286 = CARTESIAN_POINT('',(6.741345891638,-2.098411434258,
    -1.258456821102));
#8287 = CARTESIAN_POINT('',(6.721623642027,-2.363998621026,
    -0.859365041117));
#8288 = CARTESIAN_POINT('',(6.701901005903,-2.54458325352,
    -0.419746832479));
#8289 = CARTESIAN_POINT('',(6.662455901021,-2.725163274785,
    0.500006337302));
#8290 = CARTESIAN_POINT('',(6.623011722305,-2.544575368135,
    1.419747164304));
#8291 = CARTESIAN_POINT('',(6.603290047217,-2.363994226406,1.85935466179
    ));
#8292 = CARTESIAN_POINT('',(6.583568615113,-2.098420652637,
    2.258430453721));
#8293 = CARTESIAN_POINT('',(6.563847185786,-1.758486139252,
    2.598430051172));
#8294 = CARTESIAN_POINT('',(6.544123419785,-1.35931894562,2.86400995383)
  );
#8295 = CARTESIAN_POINT('',(6.524398060849,-0.919724635607,
    3.044547571401));
#8296 = CARTESIAN_POINT('',(6.504678900837,-0.459892961485,
    3.134881050708));
#8297 = CARTESIAN_POINT('',(6.484957204856,1.469776215886E-07,
    3.134890224983));
#8298 = ADVANCED_FACE('',(#8299),#8408,.T.);
#8299 = FACE_BOUND('',#8300,.T.);
#8300 = EDGE_LOOP('',(#8301,#8302,#8303,#8352,#8360,#8407));
#8301 = ORIENTED_EDGE('',*,*,#8068,.F.);
#8302 = ORIENTED_EDGE('',*,*,#8082,.F.);
#8303 = ORIENTED_EDGE('',*,*,#8304,.F.);
#8304 = EDGE_CURVE('',#8305,#8083,#8307,.T.);
#8305 = VERTEX_POINT('',#8306);
#8306 = CARTESIAN_POINT('',(7.186116657468,-2.70277873747E-15,-2.665));
#8307 = B_SPLINE_CURVE_WITH_KNOTS('',7,(#8308,#8309,#8310,#8311,#8312,
    #8313,#8314,#8315,#8316,#8317,#8318,#8319,#8320,#8321,#8322,#8323,
    #8324,#8325,#8326,#8327,#8328,#8329,#8330,#8331,#8332,#8333,#8334,
    #8335,#8336,#8337,#8338,#8339,#8340,#8341,#8342,#8343,#8344,#8345,
    #8346,#8347,#8348,#8349,#8350,#8351),.UNSPECIFIED.,.F.,.F.,(8,6,6,6,
    6,6,6,8),(0.,4.010336397783E-02,6.513197786428E-02,0.279128449901,
    0.521001961721,0.732895382688,0.89709396189,1.),.UNSPECIFIED.);
#8308 = CARTESIAN_POINT('',(7.186116657468,-3.14277873747E-15,-2.665));
#8309 = CARTESIAN_POINT('',(7.184083121176,-5.69592074916E-02,-2.665));
#8310 = CARTESIAN_POINT('',(7.182049573988,-0.113918445198,
    -2.663804082186));
#8311 = CARTESIAN_POINT('',(7.180016014776,-0.170847528539,
    -2.661412248155));
#8312 = CARTESIAN_POINT('',(7.177982442534,-0.227716333497,
    -2.657825446793));
#8313 = CARTESIAN_POINT('',(7.175948856386,-0.284494796622,
    -2.65304557428));
#8314 = CARTESIAN_POINT('',(7.173915255577,-0.341152915029,
    -2.647075474086));
#8315 = CARTESIAN_POINT('',(7.17061245438,-0.432927431102,
    -2.635452523528));
#8316 = CARTESIAN_POINT('',(7.169343261424,-0.468135640949,
    -2.630523979707));
#8317 = CARTESIAN_POINT('',(7.168074061567,-0.503278073694,
    -2.625134229858));
#8318 = CARTESIAN_POINT('',(7.166804855393,-0.53834746213,
    -2.619284339114));
#8319 = CARTESIAN_POINT('',(7.165535643113,-0.573336574085,
    -2.61297551339));
#8320 = CARTESIAN_POINT('',(7.164266424571,-0.608238212421,
    -2.606209099385));
#8321 = CARTESIAN_POINT('',(7.152145230171,-0.94064762308,
    -2.537233556857));
#8322 = CARTESIAN_POINT('',(7.14128915049,-1.231433784943,
    -2.442116113936));
#8323 = CARTESIAN_POINT('',(7.130435245674,-1.510724836643,
    -2.314565771489));
#8324 = CARTESIAN_POINT('',(7.119582831974,-1.774257662178,
    -2.156328242426));
#8325 = CARTESIAN_POINT('',(7.108728945068,-2.018110529884,
    -1.969758332535));
#8326 = CARTESIAN_POINT('',(7.097872984868,-2.238738914675,
    -1.757798416342));
#8327 = CARTESIAN_POINT('',(7.074756015481,-2.652826062935,
    -1.260044258842));
#8328 = CARTESIAN_POINT('',(7.062484763067,-2.83920853236,
    -0.967979574709));
#8329 = CARTESIAN_POINT('',(7.050220096367,-2.987755952955,
    -0.653244319048));
#8330 = CARTESIAN_POINT('',(7.03795774516,-3.095377640045,
    -0.321763273852));
#8331 = CARTESIAN_POINT('',(7.025693670826,-3.160042420283,
    2.020622277968E-02));
#8332 = CARTESIAN_POINT('',(7.013422689626,-3.180770397314,
    0.366054530507));
#8333 = CARTESIAN_POINT('',(6.990412416884,-3.138243935055,1.00914010336
    ));
#8334 = CARTESIAN_POINT('',(6.979663059366,-3.085064464004,
    1.307335087281));
#8335 = CARTESIAN_POINT('',(6.968915349586,-2.998832943183,
    1.598806654642));
#8336 = CARTESIAN_POINT('',(6.958168656941,-2.880647097034,
    1.879219841755));
#8337 = CARTESIAN_POINT('',(6.947420498303,-2.732231615226,
    2.144482591402));
#8338 = CARTESIAN_POINT('',(6.93667082366,-2.55592280382,2.39078216559)
  );
#8339 = CARTESIAN_POINT('',(6.917599367297,-2.199017994075,
    2.788216149438));
#8340 = CARTESIAN_POINT('',(6.909272657127,-2.028261075905,
    2.948358006587));
#8341 = CARTESIAN_POINT('',(6.90094743877,-1.843978167024,3.093543706534
    ));
#8342 = CARTESIAN_POINT('',(6.892623293502,-1.647753879189,
    3.222431211723));
#8343 = CARTESIAN_POINT('',(6.88429866597,-1.441315174582,3.333886142168
    ));
#8344 = CARTESIAN_POINT('',(6.875972411304,-1.226523120405,
    3.426987246242));
#8345 = CARTESIAN_POINT('',(6.862427438704,-0.866801054832,
    3.547497867573));
#8346 = CARTESIAN_POINT('',(6.857208423764,-0.725708886438,
    3.586460381813));
#8347 = CARTESIAN_POINT('',(6.851988887465,-0.58259994888,3.617794011455
    ));
#8348 = CARTESIAN_POINT('',(6.846768754478,-0.437969395477,
    3.641376290481));
#8349 = CARTESIAN_POINT('',(6.841548067618,-0.292319468862,
    3.657125331272));
#8350 = CARTESIAN_POINT('',(6.836327272174,-0.146158544611,
    3.664999984663));
#8351 = CARTESIAN_POINT('',(6.831107500231,-1.748777761451E-07,3.665));
#8352 = ORIENTED_EDGE('',*,*,#8353,.T.);
#8353 = EDGE_CURVE('',#8305,#8354,#8356,.T.);
#8354 = VERTEX_POINT('',#8355);
#8355 = CARTESIAN_POINT('',(7.243864262065,-2.728423825566E-15,-2.665));
#8356 = LINE('',#8357,#8358);
#8357 = CARTESIAN_POINT('',(6.446202902092,-4.304191022488E-15,-2.665));
#8358 = VECTOR('',#8359,1.);
#8359 = DIRECTION('',(1.,-8.840892098501E-16,4.4E-16));
#8360 = ORIENTED_EDGE('',*,*,#8361,.T.);
#8361 = EDGE_CURVE('',#8354,#7929,#8362,.T.);
#8362 = B_SPLINE_CURVE_WITH_KNOTS('',7,(#8363,#8364,#8365,#8366,#8367,
    #8368,#8369,#8370,#8371,#8372,#8373,#8374,#8375,#8376,#8377,#8378,
    #8379,#8380,#8381,#8382,#8383,#8384,#8385,#8386,#8387,#8388,#8389,
    #8390,#8391,#8392,#8393,#8394,#8395,#8396,#8397,#8398,#8399,#8400,
    #8401,#8402,#8403,#8404,#8405,#8406),.UNSPECIFIED.,.F.,.F.,(8,6,6,6,
    6,6,6,8),(0.,4.595125934906E-02,0.205957857659,0.279963356285,
    0.521680603634,0.733445268384,0.892630388128,1.),.UNSPECIFIED.);
#8363 = CARTESIAN_POINT('',(7.243864262065,-4.058423825566E-15,-2.665));
#8364 = CARTESIAN_POINT('',(7.241533975631,-6.526635442293E-02,-2.665));
#8365 = CARTESIAN_POINT('',(7.23920370248,-0.130532770551,
    -2.663429809751));
#8366 = CARTESIAN_POINT('',(7.236873444533,-0.195753816158,
    -2.660289431238));
#8367 = CARTESIAN_POINT('',(7.23454320359,-0.260884173737,
    -2.655580499775));
#8368 = CARTESIAN_POINT('',(7.232212981325,-0.325878640503,
    -2.649306284012));
#8369 = CARTESIAN_POINT('',(7.229882779295,-0.390692128391,
    -2.641471685927));
#8370 = CARTESIAN_POINT('',(7.219438692186,-0.680179525826,
    -2.599391793753));
#8371 = CARTESIAN_POINT('',(7.21132415903,-0.90236516042,-2.547856268211
    ));
#8372 = CARTESIAN_POINT('',(7.203210534885,-1.119897808383,
    -2.47775133324));
#8373 = CARTESIAN_POINT('',(7.195097551492,-1.330929379314,
    -2.389602236673));
#8374 = CARTESIAN_POINT('',(7.186984278324,-1.53369555432,
    -2.284145946281));
#8375 = CARTESIAN_POINT('',(7.178870319535,-1.726523732454,
    -2.162327829556));
#8376 = CARTESIAN_POINT('',(7.167004562813,-1.991724685177,
    -1.961972071846));
#8377 = CARTESIAN_POINT('',(7.163252018269,-2.073138978653,
    -1.895360281685));
#8378 = CARTESIAN_POINT('',(7.159499422639,-2.151946774738,
    -1.825613357205));
#8379 = CARTESIAN_POINT('',(7.155746768375,-2.228003760257,
    -1.752854112503));
#8380 = CARTESIAN_POINT('',(7.151994050552,-2.301173235687,
    -1.67721332022));
#8381 = CARTESIAN_POINT('',(7.148241266867,-2.371326115154,
    -1.598829711543));
#8382 = CARTESIAN_POINT('',(7.132230836771,-2.657225144714,
    -1.253353430935));
#8383 = CARTESIAN_POINT('',(7.119965702568,-2.842757026451,
    -0.961009680283));
#8384 = CARTESIAN_POINT('',(7.107705423067,-2.990445761987,
    -0.646118277196));
#8385 = CARTESIAN_POINT('',(7.095446243086,-3.097221238435,
    -0.314600263926));
#8386 = CARTESIAN_POINT('',(7.083185534102,-3.161070422715,
    2.729427340406E-02));
#8387 = CARTESIAN_POINT('',(7.07092027996,-3.181030653748,0.372965519882
    ));
#8388 = CARTESIAN_POINT('',(7.0479242103,-3.137177252997,1.015568566948)
  );
#8389 = CARTESIAN_POINT('',(7.037182950395,-3.083421432714,
    1.313476754008));
#8390 = CARTESIAN_POINT('',(7.026445006758,-2.996666524233,
    1.604602782075));
#8391 = CARTESIAN_POINT('',(7.015709171956,-2.87801681025,1.884621521293
    ));
#8392 = CARTESIAN_POINT('',(7.004971537212,-2.729201778791,
    2.149451339285));
#8393 = CARTESIAN_POINT('',(6.994230424012,-2.552560718731,2.39529042447
    ));
#8394 = CARTESIAN_POINT('',(6.975419410226,-2.199857840476,
    2.786694157895));
#8395 = CARTESIAN_POINT('',(6.967345645726,-2.034488402081,2.94206018831
    ));
#8396 = CARTESIAN_POINT('',(6.959271892275,-1.856389685574,
    3.083393157994));
#8397 = CARTESIAN_POINT('',(6.951198061451,-1.667001812272,
    3.209466341806));
#8398 = CARTESIAN_POINT('',(6.943123844199,-1.467892029072,
    3.319236433556));
#8399 = CARTESIAN_POINT('',(6.935049678322,-1.260747742542,
    3.411848187219));
#8400 = CARTESIAN_POINT('',(6.921532656249,-0.903481670271,
    3.537137218258));
#8401 = CARTESIAN_POINT('',(6.916088287684,-0.756732966851,
    3.579515389425));
#8402 = CARTESIAN_POINT('',(6.91064455205,-0.607695248615,3.613611782879
    ));
#8403 = CARTESIAN_POINT('',(6.90520148971,-0.456929571026,3.639281328522
    ));
#8404 = CARTESIAN_POINT('',(6.899758892957,-0.305005782704,3.65642699019
    ));
#8405 = CARTESIAN_POINT('',(6.894316293327,-0.15250134697,3.66499998455)
  );
#8406 = CARTESIAN_POINT('',(6.88887294891,-1.633906569108E-07,3.665));
#8407 = ORIENTED_EDGE('',*,*,#7935,.T.);
#8408 = CYLINDRICAL_SURFACE('',#8409,3.165);
#8409 = AXIS2_PLACEMENT_3D('',#8410,#8411,#8412);
#8410 = CARTESIAN_POINT('',(6.446202902092,-2.854191022488E-15,0.5));
#8411 = DIRECTION('',(1.,-5.540892098501E-16,4.4E-16));
#8412 = DIRECTION('',(4.4E-16,7.E-17,-1.));
#8413 = ADVANCED_FACE('',(#8414),#8496,.F.);
#8414 = FACE_BOUND('',#8415,.F.);
#8415 = EDGE_LOOP('',(#8416,#8452,#8459,#8494,#8495));
#8416 = ORIENTED_EDGE('',*,*,#8417,.F.);
#8417 = EDGE_CURVE('',#8418,#7893,#8420,.T.);
#8418 = VERTEX_POINT('',#8419);
#8419 = CARTESIAN_POINT('',(7.904954455659,4.897832697799E-08,
    3.134842164813));
#8420 = B_SPLINE_CURVE_WITH_KNOTS('',9,(#8421,#8422,#8423,#8424,#8425,
    #8426,#8427,#8428,#8429,#8430,#8431,#8432,#8433,#8434,#8435,#8436,
    #8437,#8438,#8439,#8440,#8441,#8442,#8443,#8444,#8445,#8446,#8447,
    #8448,#8449,#8450,#8451),.UNSPECIFIED.,.F.,.F.,(10,7,7,7,10),(0.,
    1.58079326614,3.161586532279,4.742379798419,6.323173064558),
  .UNSPECIFIED.);
#8421 = CARTESIAN_POINT('',(7.904954455659,4.897832570799E-08,
    3.134842164813));
#8422 = CARTESIAN_POINT('',(7.885232759725,0.459888964303,3.134851356171
    ));
#8423 = CARTESIAN_POINT('',(7.865513599965,0.919720048097,3.044624911285
    ));
#8424 = CARTESIAN_POINT('',(7.845788240319,1.359357324017,2.863974571201
    ));
#8425 = CARTESIAN_POINT('',(7.826064475343,1.758407289709,2.598346977148
    ));
#8426 = CARTESIAN_POINT('',(7.806343044884,2.098373676908,2.258412496369
    ));
#8427 = CARTESIAN_POINT('',(7.786621613513,2.363966610621,1.859338113096
    ));
#8428 = CARTESIAN_POINT('',(7.766899938266,2.544564812419,1.419739665931
    ));
#8429 = CARTESIAN_POINT('',(7.727455759557,2.725159516965,0.500005887266
    ));
#8430 = CARTESIAN_POINT('',(7.68801065466,2.544559050875,-0.419737554723
    ));
#8431 = CARTESIAN_POINT('',(7.668288018511,2.363961903155,
    -0.859346484363));
#8432 = CARTESIAN_POINT('',(7.648565768893,2.098381038088,
    -1.258427709805));
#8433 = CARTESIAN_POINT('',(7.628843869183,1.75842722888,-1.59838768323)
  );
#8434 = CARTESIAN_POINT('',(7.609121934327,1.359347300445,
    -1.863971761416));
#8435 = CARTESIAN_POINT('',(7.589399730933,0.919739819986,-2.04455945631
    ));
#8436 = CARTESIAN_POINT('',(7.549955142981,-4.997145228144E-07,
    -2.2251446722));
#8437 = CARTESIAN_POINT('',(7.510510555028,-0.919739800685,
    -2.044554267885));
#8438 = CARTESIAN_POINT('',(7.490788351637,-1.359345675722,
    -1.863966581701));
#8439 = CARTESIAN_POINT('',(7.471066416778,-1.758428210966,
    -1.59839475552));
#8440 = CARTESIAN_POINT('',(7.451344517062,-2.098392264017,
    -1.258440823132));
#8441 = CARTESIAN_POINT('',(7.431622267449,-2.363977036117,
    -0.859352687849));
#8442 = CARTESIAN_POINT('',(7.411899631306,-2.54456002982,
    -0.419738491769));
#8443 = CARTESIAN_POINT('',(7.372454526395,-2.725138421205,0.50000628663
    ));
#8444 = CARTESIAN_POINT('',(7.33301034769,-2.544552178655,1.419738728877
    ));
#8445 = CARTESIAN_POINT('',(7.313288672627,-2.363972692144,
    1.859342220433));
#8446 = CARTESIAN_POINT('',(7.293567240558,-2.098401547779,
    2.258414377524));
#8447 = CARTESIAN_POINT('',(7.273845811268,-1.758470141757,
    2.598410881026));
#8448 = CARTESIAN_POINT('',(7.254122045196,-1.35930659159,2.863988369617
    ));
#8449 = CARTESIAN_POINT('',(7.23439668612,-0.919716294151,3.044524347362
    ));
#8450 = CARTESIAN_POINT('',(7.214677526245,-0.459888817345,
    3.134857012072));
#8451 = CARTESIAN_POINT('',(7.194955830288,9.79788890933E-08,
    3.134866194884));
#8452 = ORIENTED_EDGE('',*,*,#8453,.T.);
#8453 = EDGE_CURVE('',#8418,#8454,#8456,.T.);
#8454 = VERTEX_POINT('',#8455);
#8455 = CARTESIAN_POINT('',(7.598859515843,-1.638584458861E-07,3.665));
#8456 = B_SPLINE_CURVE_WITH_KNOTS('',1,(#8457,#8458),.UNSPECIFIED.,.F.,
  .F.,(2,2),(0.,0.659896538121),.PIECEWISE_BEZIER_KNOTS.);
#8457 = CARTESIAN_POINT('',(7.904954455659,4.897837201799E-08,
    3.134842164813));
#8458 = CARTESIAN_POINT('',(7.574999580711,-1.804489611155E-07,
    3.706325516733));
#8459 = ORIENTED_EDGE('',*,*,#8460,.T.);
#8460 = EDGE_CURVE('',#8454,#8354,#8461,.T.);
#8461 = B_SPLINE_CURVE_WITH_KNOTS('',6,(#8462,#8463,#8464,#8465,#8466,
    #8467,#8468,#8469,#8470,#8471,#8472,#8473,#8474,#8475,#8476,#8477,
    #8478,#8479,#8480,#8481,#8482,#8483,#8484,#8485,#8486,#8487,#8488,
    #8489,#8490,#8491,#8492,#8493),.UNSPECIFIED.,.F.,.F.,(7,5,5,5,5,5,7)
  ,(0.,0.101550564327,0.265382211669,0.474325756571,0.682122136358,
    0.84367702069,1.),.UNSPECIFIED.);
#8462 = CARTESIAN_POINT('',(7.598859515843,-1.638584922161E-07,3.665));
#8463 = CARTESIAN_POINT('',(7.592853046744,0.168278531843,3.665000000351
    ));
#8464 = CARTESIAN_POINT('',(7.586850196395,0.336560803537,3.654263182885
    ));
#8465 = CARTESIAN_POINT('',(7.580846811134,0.503982700443,3.632789921683
    ));
#8466 = CARTESIAN_POINT('',(7.574841498555,0.669691893524,3.6006712042)
  );
#8467 = CARTESIAN_POINT('',(7.568834425262,0.832850621315,3.558088043231
    ));
#8468 = CARTESIAN_POINT('',(7.553132899891,1.250424831243,3.420165442412
    ));
#8469 = CARTESIAN_POINT('',(7.543434839844,1.499483577737,3.308473245212
    ));
#8470 = CARTESIAN_POINT('',(7.533736737981,1.736313761662,3.171375777873
    ));
#8471 = CARTESIAN_POINT('',(7.524040643141,1.957759139864,3.010607975184
    ));
#8472 = CARTESIAN_POINT('',(7.514344906673,2.16095248717,2.828349831425)
  );
#8473 = CARTESIAN_POINT('',(7.492290421048,2.57615142398,2.370975683145)
  );
#8474 = CARTESIAN_POINT('',(7.479926756548,2.77530694345,2.083966186673)
  );
#8475 = CARTESIAN_POINT('',(7.467569984111,2.935638434669,1.772012843666
    ));
#8476 = CARTESIAN_POINT('',(7.45521158366,3.053600564141,1.441701034494)
  );
#8477 = CARTESIAN_POINT('',(7.442846363726,3.126813255647,1.100120700395
    ));
#8478 = CARTESIAN_POINT('',(7.418190509995,3.182453810488,0.411790133461
    ));
#8479 = CARTESIAN_POINT('',(7.405890963982,3.165398522428,
    6.482377395465E-02));
#8480 = CARTESIAN_POINT('',(7.393595890319,3.10287305939,-0.27829423577)
  );
#8481 = CARTESIAN_POINT('',(7.381301502916,2.996056420301,
    -0.610302793966));
#8482 = CARTESIAN_POINT('',(7.369002743758,2.847336129502,
    -0.924243781211));
#8483 = CARTESIAN_POINT('',(7.347150852194,2.515933173253,-1.43880751027
    ));
#8484 = CARTESIAN_POINT('',(7.337591832385,2.348112117135,
    -1.649195682877));
#8485 = CARTESIAN_POINT('',(7.328034487242,2.15932597037,-1.841927050515
    ));
#8486 = CARTESIAN_POINT('',(7.318477062841,1.951936251968,
    -2.014481546961));
#8487 = CARTESIAN_POINT('',(7.308917914578,1.728645871846,
    -2.164709680552));
#8488 = CARTESIAN_POINT('',(7.290111206645,1.264145277772,
    -2.413119314602));
#8489 = CARTESIAN_POINT('',(7.280861298208,1.023692398469,
    -2.512859368476));
#8490 = CARTESIAN_POINT('',(7.27161241297,0.774024279332,-2.588663961214
    ));
#8491 = CARTESIAN_POINT('',(7.262363337089,0.518113606359,
    -2.639558248377));
#8492 = CARTESIAN_POINT('',(7.253113142699,0.259041426218,-2.665));
#8493 = CARTESIAN_POINT('',(7.243864262065,-3.898423825566E-15,-2.665));
#8494 = ORIENTED_EDGE('',*,*,#8361,.T.);
#8495 = ORIENTED_EDGE('',*,*,#7928,.F.);
#8496 = B_SPLINE_SURFACE_WITH_KNOTS('',1,9,(
    (#8497,#8498,#8499,#8500,#8501,#8502,#8503,#8504,#8505,#8506,#8507
      ,#8508,#8509,#8510,#8511,#8512,#8513,#8514,#8515,#8516,#8517,#8518
      ,#8519,#8520,#8521,#8522,#8523,#8524,#8525,#8526,#8527)
    ,(#8528,#8529,#8530,#8531,#8532,#8533,#8534,#8535,#8536,#8537,#8538
      ,#8539,#8540,#8541,#8542,#8543,#8544,#8545,#8546,#8547,#8548,#8549
      ,#8550,#8551,#8552,#8553,#8554,#8555,#8556,#8557,#8558
  )),.UNSPECIFIED.,.F.,.F.,.F.,(2,2),(10,7,7,7,10),(0.,0.659896538121),(
    0.,1.58079326614,3.161586532279,4.742379798419,6.323173064558),
  .UNSPECIFIED.);
#8497 = CARTESIAN_POINT('',(7.904954455659,4.897832570799E-08,
    3.134842164813));
#8498 = CARTESIAN_POINT('',(7.885232759725,0.459888964303,3.134851356171
    ));
#8499 = CARTESIAN_POINT('',(7.865513599965,0.919720048097,3.044624911285
    ));
#8500 = CARTESIAN_POINT('',(7.845788240319,1.359357324017,2.863974571201
    ));
#8501 = CARTESIAN_POINT('',(7.826064475343,1.758407289709,2.598346977148
    ));
#8502 = CARTESIAN_POINT('',(7.806343044884,2.098373676908,2.258412496369
    ));
#8503 = CARTESIAN_POINT('',(7.786621613513,2.363966610621,1.859338113096
    ));
#8504 = CARTESIAN_POINT('',(7.766899938266,2.544564812419,1.419739665931
    ));
#8505 = CARTESIAN_POINT('',(7.727455759557,2.725159516965,0.500005887266
    ));
#8506 = CARTESIAN_POINT('',(7.68801065466,2.544559050875,-0.419737554723
    ));
#8507 = CARTESIAN_POINT('',(7.668288018511,2.363961903155,
    -0.859346484363));
#8508 = CARTESIAN_POINT('',(7.648565768893,2.098381038088,
    -1.258427709805));
#8509 = CARTESIAN_POINT('',(7.628843869183,1.75842722888,-1.59838768323)
  );
#8510 = CARTESIAN_POINT('',(7.609121934327,1.359347300445,
    -1.863971761416));
#8511 = CARTESIAN_POINT('',(7.589399730933,0.919739819986,-2.04455945631
    ));
#8512 = CARTESIAN_POINT('',(7.549955142981,-4.997145228144E-07,
    -2.2251446722));
#8513 = CARTESIAN_POINT('',(7.510510555028,-0.919739800685,
    -2.044554267885));
#8514 = CARTESIAN_POINT('',(7.490788351637,-1.359345675722,
    -1.863966581701));
#8515 = CARTESIAN_POINT('',(7.471066416778,-1.758428210966,
    -1.59839475552));
#8516 = CARTESIAN_POINT('',(7.451344517062,-2.098392264017,
    -1.258440823132));
#8517 = CARTESIAN_POINT('',(7.431622267449,-2.363977036117,
    -0.859352687849));
#8518 = CARTESIAN_POINT('',(7.411899631306,-2.54456002982,
    -0.419738491769));
#8519 = CARTESIAN_POINT('',(7.372454526395,-2.725138421205,0.50000628663
    ));
#8520 = CARTESIAN_POINT('',(7.33301034769,-2.544552178655,1.419738728877
    ));
#8521 = CARTESIAN_POINT('',(7.313288672627,-2.363972692144,
    1.859342220433));
#8522 = CARTESIAN_POINT('',(7.293567240558,-2.098401547779,
    2.258414377524));
#8523 = CARTESIAN_POINT('',(7.273845811268,-1.758470141757,
    2.598410881026));
#8524 = CARTESIAN_POINT('',(7.254122045196,-1.35930659159,2.863988369617
    ));
#8525 = CARTESIAN_POINT('',(7.23439668612,-0.919716294151,3.044524347362
    ));
#8526 = CARTESIAN_POINT('',(7.214677526245,-0.459888817345,
    3.134857012072));
#8527 = CARTESIAN_POINT('',(7.194955830288,9.79788890933E-08,
    3.134866194884));
#8528 = CARTESIAN_POINT('',(7.574999580711,-1.804490075055E-07,
    3.706325516733));
#8529 = CARTESIAN_POINT('',(7.555277322765,0.559609848835,3.706334423639
    ));
#8530 = CARTESIAN_POINT('',(7.535554892657,1.119221491691,3.596530165544
    ));
#8531 = CARTESIAN_POINT('',(7.515832883177,1.654205051034,3.376688969122
    ));
#8532 = CARTESIAN_POINT('',(7.496110766273,2.139788228383,3.05347436936)
  );
#8533 = CARTESIAN_POINT('',(7.476388489688,2.553502929448,2.639808428064
    ));
#8534 = CARTESIAN_POINT('',(7.456666214125,2.876695093147,2.154172930977
    ));
#8535 = CARTESIAN_POINT('',(7.436943954668,3.096462962672,1.619225610583
    ));
#8536 = CARTESIAN_POINT('',(7.397499492177,3.316226420389,0.500005972572
    ));
#8537 = CARTESIAN_POINT('',(7.358055092586,3.096457856743,
    -0.619221308022));
#8538 = CARTESIAN_POINT('',(7.338332898466,2.876692877002,
    -1.154177001752));
#8539 = CARTESIAN_POINT('',(7.318610678102,2.553509897708,
    -1.639819148633));
#8540 = CARTESIAN_POINT('',(7.298888433984,2.139818686459,
    -2.053516572883));
#8541 = CARTESIAN_POINT('',(7.279166192251,1.654176964653,
    -2.376703221386));
#8542 = CARTESIAN_POINT('',(7.259443968748,1.119222285157,
    -2.596458373289));
#8543 = CARTESIAN_POINT('',(7.219999534049,-2.204195564478E-07,
    -2.816211431693));
#8544 = CARTESIAN_POINT('',(7.180555099348,-1.119221777877,
    -2.596453544488));
#8545 = CARTESIAN_POINT('',(7.160832875849,-1.654174943255,
    -2.37669848541));
#8546 = CARTESIAN_POINT('',(7.141110634112,-2.139819230928,
    -2.053523733417));
#8547 = CARTESIAN_POINT('',(7.121388389989,-2.553520390001,
    -1.639832202422));
#8548 = CARTESIAN_POINT('',(7.101666169629,-2.876707215166,
    -1.154183440416));
#8549 = CARTESIAN_POINT('',(7.081943975516,-3.096458624533,
    -0.619222700677));
#8550 = CARTESIAN_POINT('',(7.042499575911,-3.316206068691,0.50000583451
    ));
#8551 = CARTESIAN_POINT('',(7.003055113424,-3.096450951137,1.61922421792
    ));
#8552 = CARTESIAN_POINT('',(6.983332854144,-2.876701221222,
    2.154176439467));
#8553 = CARTESIAN_POINT('',(6.963610577909,-2.553530154988,
    2.639809839891));
#8554 = CARTESIAN_POINT('',(6.94388830245,-2.139849266571,3.053535681625
    ));
#8555 = CARTESIAN_POINT('',(6.92416618449,-1.654156561939,3.376702019795
    ));
#8556 = CARTESIAN_POINT('',(6.90444417556,-1.119218358816,3.596432971937
    ));
#8557 = CARTESIAN_POINT('',(6.88472174534,-0.55961021306,3.706339791758)
  );
#8558 = CARTESIAN_POINT('',(6.864999487371,-1.837766251702E-07,
    3.706348699247));
#8559 = ADVANCED_FACE('',(#8560),#8607,.F.);
#8560 = FACE_BOUND('',#8561,.F.);
#8561 = EDGE_LOOP('',(#8562,#8599,#8604,#8605,#8606));
#8562 = ORIENTED_EDGE('',*,*,#8563,.F.);
#8563 = EDGE_CURVE('',#8564,#8305,#8566,.T.);
#8564 = VERTEX_POINT('',#8565);
#8565 = CARTESIAN_POINT('',(7.541121874027,-1.753494688604E-07,3.665));
#8566 = B_SPLINE_CURVE_WITH_KNOTS('',6,(#8567,#8568,#8569,#8570,#8571,
    #8572,#8573,#8574,#8575,#8576,#8577,#8578,#8579,#8580,#8581,#8582,
    #8583,#8584,#8585,#8586,#8587,#8588,#8589,#8590,#8591,#8592,#8593,
    #8594,#8595,#8596,#8597,#8598),.UNSPECIFIED.,.F.,.F.,(7,5,5,5,5,5,7)
  ,(0.,9.800523775687E-02,0.268199911577,0.471076786282,0.684363060723,
    0.845930791203,1.),.UNSPECIFIED.);
#8567 = CARTESIAN_POINT('',(7.541121874027,-1.753494770804E-07,3.665));
#8568 = CARTESIAN_POINT('',(7.535321991063,0.162403370272,3.665000000929
    ));
#8569 = CARTESIAN_POINT('',(7.529518318805,0.324809520808,3.654999847352
    ));
#8570 = CARTESIAN_POINT('',(7.523715239048,0.486442598019,3.634999907154
    ));
#8571 = CARTESIAN_POINT('',(7.517913925639,0.646536371013,3.605079065888
    ));
#8572 = CARTESIAN_POINT('',(7.512114097839,0.804336653657,3.565394338802
    ));
#8573 = CARTESIAN_POINT('',(7.496246476233,1.227870775593,3.430716314299
    ));
#8574 = CARTESIAN_POINT('',(7.486179697412,1.487544009475,3.316498453611
    ));
#8575 = CARTESIAN_POINT('',(7.476117108366,1.734176107718,3.1747633334)
  );
#8576 = CARTESIAN_POINT('',(7.466052155181,1.964221742254,3.007445651189
    ));
#8577 = CARTESIAN_POINT('',(7.455983003692,2.174468039351,2.816992360192
    ));
#8578 = CARTESIAN_POINT('',(7.433910702033,2.585927315929,2.355593059449
    ));
#8579 = CARTESIAN_POINT('',(7.421901226656,2.777771975231,2.076079052318
    ));
#8580 = CARTESIAN_POINT('',(7.409894734257,2.932957273226,1.773215056937
    ));
#8581 = CARTESIAN_POINT('',(7.397889716583,3.048241542496,1.453029769472
    ));
#8582 = CARTESIAN_POINT('',(7.385881619478,3.12143416349,1.122008299709)
  );
#8583 = CARTESIAN_POINT('',(7.361259961581,3.184014189082,0.435233669222
    ));
#8584 = CARTESIAN_POINT('',(7.348637597672,3.168933117158,
    7.881620615814E-02));
#8585 = CARTESIAN_POINT('',(7.336022051126,3.105882531514,
    -0.273819307155));
#8586 = CARTESIAN_POINT('',(7.323405813171,2.996117463594,
    -0.614815826266));
#8587 = CARTESIAN_POINT('',(7.31078272773,2.84221473842,-0.936647534082)
  );
#8588 = CARTESIAN_POINT('',(7.288605264746,2.502205624857,
    -1.456494939852));
#8589 = CARTESIAN_POINT('',(7.279044813627,2.332892170328,
    -1.665711149146));
#8590 = CARTESIAN_POINT('',(7.269485621204,2.142735430506,
    -1.857120313172));
#8591 = CARTESIAN_POINT('',(7.259926484837,1.934115182581,
    -2.028218555347));
#8592 = CARTESIAN_POINT('',(7.250366087373,1.709750099126,
    -2.176875043349));
#8593 = CARTESIAN_POINT('',(7.231692012267,1.246789597392,
    -2.420260600996));
#8594 = CARTESIAN_POINT('',(7.222576028315,1.009283357915,
    -2.517200990438));
#8595 = CARTESIAN_POINT('',(7.213461481473,0.76295066359,-2.590850028235
    ));
#8596 = CARTESIAN_POINT('',(7.204347147878,0.510641317521,-2.64028665056
    ));
#8597 = CARTESIAN_POINT('',(7.195231507941,0.255306316145,-2.665));
#8598 = CARTESIAN_POINT('',(7.186116657468,-3.29277873747E-15,-2.665));
#8599 = ORIENTED_EDGE('',*,*,#8600,.T.);
#8600 = EDGE_CURVE('',#8564,#8194,#8601,.T.);
#8601 = B_SPLINE_CURVE_WITH_KNOTS('',1,(#8602,#8603),.UNSPECIFIED.,.F.,
  .F.,(2,2),(0.,0.659896538121),.PIECEWISE_BEZIER_KNOTS.);
#8602 = CARTESIAN_POINT('',(7.564999487302,-1.96615920891E-07,
    3.706358588747));
#8603 = CARTESIAN_POINT('',(7.235059292163,9.724331724549E-08,
    3.13486676146));
#8604 = ORIENTED_EDGE('',*,*,#8193,.T.);
#8605 = ORIENTED_EDGE('',*,*,#8119,.F.);
#8606 = ORIENTED_EDGE('',*,*,#8304,.F.);
#8607 = B_SPLINE_SURFACE_WITH_KNOTS('',1,9,(
    (#8608,#8609,#8610,#8611,#8612,#8613,#8614,#8615,#8616,#8617,#8618
      ,#8619,#8620,#8621,#8622,#8623,#8624,#8625,#8626,#8627,#8628,#8629
      ,#8630,#8631,#8632,#8633,#8634,#8635,#8636,#8637,#8638)
    ,(#8639,#8640,#8641,#8642,#8643,#8644,#8645,#8646,#8647,#8648,#8649
      ,#8650,#8651,#8652,#8653,#8654,#8655,#8656,#8657,#8658,#8659,#8660
      ,#8661,#8662,#8663,#8664,#8665,#8666,#8667,#8668,#8669
  )),.UNSPECIFIED.,.F.,.F.,.F.,(2,2),(10,7,7,7,10),(0.,0.659896538121),(
    0.,1.58079326614,3.161586532279,4.742379798419,6.323173064558),
  .UNSPECIFIED.);
#8608 = CARTESIAN_POINT('',(7.564999487302,-1.96615928631E-07,
    3.706358588747));
#8609 = CARTESIAN_POINT('',(7.545277229323,0.559615760462,3.706368186886
    ));
#8610 = CARTESIAN_POINT('',(7.525554799026,1.119233470344,3.596566742942
    ));
#8611 = CARTESIAN_POINT('',(7.505832789721,1.654224456579,3.376718941686
    ));
#8612 = CARTESIAN_POINT('',(7.48611067296,2.139808530274,3.053499047352)
  );
#8613 = CARTESIAN_POINT('',(7.466388396277,2.553528926804,2.639831046517
    ));
#8614 = CARTESIAN_POINT('',(7.446666120692,2.876725332931,2.154190322807
    ));
#8615 = CARTESIAN_POINT('',(7.426943861193,3.096496234679,1.619237524737
    ));
#8616 = CARTESIAN_POINT('',(7.387499398686,3.31626234489,0.500005980027)
  );
#8617 = CARTESIAN_POINT('',(7.348054999137,3.096490634593,
    -0.619233110112));
#8618 = CARTESIAN_POINT('',(7.328332805043,2.876722800618,
    -1.154194276051));
#8619 = CARTESIAN_POINT('',(7.308610584681,2.5535365467,-1.639841312091)
  );
#8620 = CARTESIAN_POINT('',(7.288888340542,2.139841338284,
    -2.053543348383));
#8621 = CARTESIAN_POINT('',(7.269166098791,1.654194570638,
    -2.376733882679));
#8622 = CARTESIAN_POINT('',(7.249443875287,1.119234164767,
    -2.596491366779));
#8623 = CARTESIAN_POINT('',(7.209999440597,-2.354038502334E-07,
    -2.816246566901));
#8624 = CARTESIAN_POINT('',(7.170555005905,-1.119233614198,
    -2.59648616487));
#8625 = CARTESIAN_POINT('',(7.150832782405,-1.654192388791,
    -2.376728781476));
#8626 = CARTESIAN_POINT('',(7.131110540651,-2.139841921732,
    -2.053551067032));
#8627 = CARTESIAN_POINT('',(7.111388296505,-2.553547850073,
    -1.639855381614));
#8628 = CARTESIAN_POINT('',(7.091666076148,-2.876738248777,
    -1.154201217778));
#8629 = CARTESIAN_POINT('',(7.071943882061,-3.096491460509,
    -0.619234614728));
#8630 = CARTESIAN_POINT('',(7.032499482497,-3.316240414667,
    0.500005827033));
#8631 = CARTESIAN_POINT('',(6.993055019994,-3.096483292927,
    1.619236020113));
#8632 = CARTESIAN_POINT('',(6.973332760687,-2.87673193842,2.15419409976)
  );
#8633 = CARTESIAN_POINT('',(6.953610484374,-2.553558266747,
    2.639832564595));
#8634 = CARTESIAN_POINT('',(6.933888208909,-2.139874305977,
    3.053565112414));
#8635 = CARTESIAN_POINT('',(6.914166091006,-1.654172210219,
    3.376733002489));
#8636 = CARTESIAN_POINT('',(6.894444082297,-1.119230098417,
    3.596462009343));
#8637 = CARTESIAN_POINT('',(6.874721651878,-0.559616157024,
    3.706373970655));
#8638 = CARTESIAN_POINT('',(6.854999393875,-1.999463560557E-07,
    3.706383569376));
#8639 = CARTESIAN_POINT('',(7.235059292163,9.724330934549E-08,
    3.13486676146));
#8640 = CARTESIAN_POINT('',(7.215337596205,0.459893313559,3.13487598385)
  );
#8641 = CARTESIAN_POINT('',(7.195618436306,0.919728707002,3.044648913961
    ));
#8642 = CARTESIAN_POINT('',(7.175893076801,1.359370192671,2.86399663034)
  );
#8643 = CARTESIAN_POINT('',(7.156169311901,1.758423642168,2.598366437848
    ));
#8644 = CARTESIAN_POINT('',(7.136447881401,2.098393278966,2.258428903819
    ));
#8645 = CARTESIAN_POINT('',(7.116726449996,2.363988736402,1.859350777542
    ));
#8646 = CARTESIAN_POINT('',(7.097004774723,2.544588659725,1.41974822549)
  );
#8647 = CARTESIAN_POINT('',(7.057560596002,2.72518505503,0.500005836809)
  );
#8648 = CARTESIAN_POINT('',(7.018115491135,2.544582835537,
    -0.419746202804));
#8649 = CARTESIAN_POINT('',(6.998392855005,2.363983960148,
    -0.859359230188));
#8650 = CARTESIAN_POINT('',(6.97867060539,2.098400611805,-1.258444169369
    ));
#8651 = CARTESIAN_POINT('',(6.958948705663,1.758443638064,-1.59840732987
    ));
#8652 = CARTESIAN_POINT('',(6.939226770795,1.359359976959,
    -1.863993911473));
#8653 = CARTESIAN_POINT('',(6.9195045674,0.919748377427,-2.044583287683)
  );
#8654 = CARTESIAN_POINT('',(6.880059979454,-5.514502111769E-07,
    -2.225170165023));
#8655 = CARTESIAN_POINT('',(6.840615391508,-0.919748450658,
    -2.04457804354));
#8656 = CARTESIAN_POINT('',(6.820893188116,-1.359358431312,
    -1.863988660077));
#8657 = CARTESIAN_POINT('',(6.801171253244,-1.758444700736,
    -1.598414368477));
#8658 = CARTESIAN_POINT('',(6.781449353512,-2.09841194986,
    -1.258457262538));
#8659 = CARTESIAN_POINT('',(6.761727103901,-2.363999207461,
    -0.859365374228));
#8660 = CARTESIAN_POINT('',(6.742004467778,-2.544583852153,
    -0.419747051253));
#8661 = CARTESIAN_POINT('',(6.702559362896,-2.725163868832,
    0.500006337071));
#8662 = CARTESIAN_POINT('',(6.66311518418,-2.544575938324,1.419747377033
    ));
#8663 = CARTESIAN_POINT('',(6.643393509091,-2.363994794521,
    1.859354988527));
#8664 = CARTESIAN_POINT('',(6.623672076985,-2.098421205319,
    2.258430869412));
#8665 = CARTESIAN_POINT('',(6.60395064766,-1.758486687286,2.598430679682
    ));
#8666 = CARTESIAN_POINT('',(6.584226881658,-1.359319156713,
    2.864010537386));
#8667 = CARTESIAN_POINT('',(6.564501522727,-0.919724844344,
    3.044547952392));
#8668 = CARTESIAN_POINT('',(6.544782362711,-0.459893070073,
    3.134881680731));
#8669 = CARTESIAN_POINT('',(6.52506066673,1.462419924608E-07,
    3.134890894573));
#8670 = ADVANCED_FACE('',(#8671),#8716,.F.);
#8671 = FACE_BOUND('',#8672,.F.);
#8672 = EDGE_LOOP('',(#8673,#8709,#8714,#8715));
#8673 = ORIENTED_EDGE('',*,*,#8674,.F.);
#8674 = EDGE_CURVE('',#8675,#8194,#8677,.T.);
#8675 = VERTEX_POINT('',#8676);
#8676 = CARTESIAN_POINT('',(7.945057917535,4.824280396018E-08,
    3.134842628375));
#8677 = B_SPLINE_CURVE_WITH_KNOTS('',9,(#8678,#8679,#8680,#8681,#8682,
    #8683,#8684,#8685,#8686,#8687,#8688,#8689,#8690,#8691,#8692,#8693,
    #8694,#8695,#8696,#8697,#8698,#8699,#8700,#8701,#8702,#8703,#8704,
    #8705,#8706,#8707,#8708),.UNSPECIFIED.,.F.,.F.,(10,7,7,7,10),(0.,
    1.58079326614,3.161586532279,4.742379798419,6.323173064558),
  .UNSPECIFIED.);
#8678 = CARTESIAN_POINT('',(7.945057917535,4.824280293018E-08,
    3.134842628375));
#8679 = CARTESIAN_POINT('',(7.925336221601,0.459889053445,3.134851859301
    ));
#8680 = CARTESIAN_POINT('',(7.905617061838,0.919720234936,3.044625624629
    ));
#8681 = CARTESIAN_POINT('',(7.885891702194,1.359357697559,2.863975004269
    ));
#8682 = CARTESIAN_POINT('',(7.866167937222,1.758407497886,2.598347251074
    ));
#8683 = CARTESIAN_POINT('',(7.84644650676,2.098374026668,2.25841283692)
  );
#8684 = CARTESIAN_POINT('',(7.826725075389,2.363967059158,1.859338370965
    ));
#8685 = CARTESIAN_POINT('',(7.807003400142,2.54456533655,1.419739848747)
  );
#8686 = CARTESIAN_POINT('',(7.767559221432,2.725160094903,0.500005887496
    ));
#8687 = CARTESIAN_POINT('',(7.728114116536,2.544559546562,
    -0.419737731492));
#8688 = CARTESIAN_POINT('',(7.708391480387,2.363962333377,-0.85934673585
    ));
#8689 = CARTESIAN_POINT('',(7.688669230769,2.098381424928,
    -1.258428024603));
#8690 = CARTESIAN_POINT('',(7.668947331059,1.758427571353,
    -1.598388077571));
#8691 = CARTESIAN_POINT('',(7.649225396203,1.359347570596,
    -1.863972234094));
#8692 = CARTESIAN_POINT('',(7.629503192809,0.919740000832,
    -2.044559964482));
#8693 = CARTESIAN_POINT('',(7.590058604857,-5.007701750022E-07,
    -2.225145204919));
#8694 = CARTESIAN_POINT('',(7.550614016904,-0.91973997942,
    -2.044554754549));
#8695 = CARTESIAN_POINT('',(7.530891813513,-1.359345937023,
    -1.863967033258));
#8696 = CARTESIAN_POINT('',(7.511169878653,-1.758428555977,
    -1.598395181581));
#8697 = CARTESIAN_POINT('',(7.491447978937,-2.098392697578,
    -1.258441195818));
#8698 = CARTESIAN_POINT('',(7.471725729324,-2.363977530128,
    -0.859352967815));
#8699 = CARTESIAN_POINT('',(7.452003093182,-2.544560528969,
    -0.419738674583));
#8700 = CARTESIAN_POINT('',(7.412557988271,-2.725138908708,
    0.500006286399));
#8701 = CARTESIAN_POINT('',(7.373113809566,-2.54455264936,1.419738905648
    ));
#8702 = CARTESIAN_POINT('',(7.353392134503,-2.363973167836,
    1.859342494024));
#8703 = CARTESIAN_POINT('',(7.333670702432,-2.098402018421,
    2.258414724466));
#8704 = CARTESIAN_POINT('',(7.313949273143,-1.758470621045,
    2.598411427497));
#8705 = CARTESIAN_POINT('',(7.294225507071,-1.359306749534,
    2.863988860753));
#8706 = CARTESIAN_POINT('',(7.274500147999,-0.919716466927,
    3.044524628869));
#8707 = CARTESIAN_POINT('',(7.254780988121,-0.459888907958,
    3.134857539081));
#8708 = CARTESIAN_POINT('',(7.235059292163,9.724331724549E-08,
    3.13486676146));
#8709 = ORIENTED_EDGE('',*,*,#8710,.T.);
#8710 = EDGE_CURVE('',#8675,#8418,#8711,.T.);
#8711 = B_SPLINE_CURVE_WITH_KNOTS('',1,(#8712,#8713),.UNSPECIFIED.,.F.,
  .F.,(2,2),(0.,4.010346187924E-02),.PIECEWISE_BEZIER_KNOTS.);
#8712 = CARTESIAN_POINT('',(7.945057917535,4.824284902018E-08,
    3.134842628375));
#8713 = CARTESIAN_POINT('',(7.904954455659,4.897837201799E-08,
    3.134842164813));
#8714 = ORIENTED_EDGE('',*,*,#8417,.T.);
#8715 = ORIENTED_EDGE('',*,*,#8229,.F.);
#8716 = B_SPLINE_SURFACE_WITH_KNOTS('',1,9,(
    (#8717,#8718,#8719,#8720,#8721,#8722,#8723,#8724,#8725,#8726,#8727
      ,#8728,#8729,#8730,#8731,#8732,#8733,#8734,#8735,#8736,#8737,#8738
      ,#8739,#8740,#8741,#8742,#8743,#8744,#8745,#8746,#8747)
    ,(#8748,#8749,#8750,#8751,#8752,#8753,#8754,#8755,#8756,#8757,#8758
      ,#8759,#8760,#8761,#8762,#8763,#8764,#8765,#8766,#8767,#8768,#8769
      ,#8770,#8771,#8772,#8773,#8774,#8775,#8776,#8777,#8778
  )),.UNSPECIFIED.,.F.,.F.,.F.,(2,2),(10,7,7,7,10),(0.,
    4.010346187924E-02),(0.,1.58079326614,3.161586532279,4.742379798419,
    6.323173064558),.UNSPECIFIED.);
#8717 = CARTESIAN_POINT('',(7.945057917535,4.824280271018E-08,
    3.134842628375));
#8718 = CARTESIAN_POINT('',(7.925336221601,0.459889053445,3.134851859301
    ));
#8719 = CARTESIAN_POINT('',(7.905617061838,0.919720234936,3.044625624629
    ));
#8720 = CARTESIAN_POINT('',(7.885891702194,1.359357697559,2.863975004269
    ));
#8721 = CARTESIAN_POINT('',(7.866167937222,1.758407497885,2.598347251074
    ));
#8722 = CARTESIAN_POINT('',(7.84644650676,2.098374026668,2.25841283692)
  );
#8723 = CARTESIAN_POINT('',(7.826725075389,2.363967059158,1.859338370965
    ));
#8724 = CARTESIAN_POINT('',(7.807003400142,2.54456533655,1.419739848747)
  );
#8725 = CARTESIAN_POINT('',(7.767559221432,2.725160094903,0.500005887496
    ));
#8726 = CARTESIAN_POINT('',(7.728114116536,2.544559546562,
    -0.419737731492));
#8727 = CARTESIAN_POINT('',(7.708391480387,2.363962333377,-0.85934673585
    ));
#8728 = CARTESIAN_POINT('',(7.688669230769,2.098381424928,
    -1.258428024603));
#8729 = CARTESIAN_POINT('',(7.668947331059,1.758427571353,
    -1.598388077571));
#8730 = CARTESIAN_POINT('',(7.649225396203,1.359347570596,
    -1.863972234094));
#8731 = CARTESIAN_POINT('',(7.629503192809,0.919740000832,
    -2.044559964482));
#8732 = CARTESIAN_POINT('',(7.590058604857,-5.007701801422E-07,
    -2.225145204919));
#8733 = CARTESIAN_POINT('',(7.550614016904,-0.91973997942,
    -2.044554754549));
#8734 = CARTESIAN_POINT('',(7.530891813513,-1.359345937023,
    -1.863967033258));
#8735 = CARTESIAN_POINT('',(7.511169878653,-1.758428555976,
    -1.598395181581));
#8736 = CARTESIAN_POINT('',(7.491447978937,-2.098392697578,
    -1.258441195818));
#8737 = CARTESIAN_POINT('',(7.471725729324,-2.363977530128,
    -0.859352967815));
#8738 = CARTESIAN_POINT('',(7.452003093182,-2.544560528969,
    -0.419738674583));
#8739 = CARTESIAN_POINT('',(7.412557988271,-2.725138908708,
    0.500006286399));
#8740 = CARTESIAN_POINT('',(7.373113809566,-2.54455264936,1.419738905648
    ));
#8741 = CARTESIAN_POINT('',(7.353392134503,-2.363973167836,
    1.859342494024));
#8742 = CARTESIAN_POINT('',(7.333670702432,-2.098402018421,
    2.258414724466));
#8743 = CARTESIAN_POINT('',(7.313949273143,-1.758470621045,
    2.598411427497));
#8744 = CARTESIAN_POINT('',(7.294225507071,-1.359306749534,
    2.863988860753));
#8745 = CARTESIAN_POINT('',(7.274500147999,-0.919716466927,
    3.044524628869));
#8746 = CARTESIAN_POINT('',(7.254780988121,-0.459888907958,
    3.134857539081));
#8747 = CARTESIAN_POINT('',(7.235059292163,9.724331746549E-08,
    3.13486676146));
#8748 = CARTESIAN_POINT('',(7.904954455659,4.897832570799E-08,
    3.134842164813));
#8749 = CARTESIAN_POINT('',(7.885232759725,0.459888964303,3.134851356171
    ));
#8750 = CARTESIAN_POINT('',(7.865513599965,0.919720048097,3.044624911285
    ));
#8751 = CARTESIAN_POINT('',(7.845788240319,1.359357324017,2.863974571201
    ));
#8752 = CARTESIAN_POINT('',(7.826064475343,1.758407289709,2.598346977148
    ));
#8753 = CARTESIAN_POINT('',(7.806343044884,2.098373676908,2.258412496369
    ));
#8754 = CARTESIAN_POINT('',(7.786621613513,2.363966610621,1.859338113096
    ));
#8755 = CARTESIAN_POINT('',(7.766899938266,2.544564812419,1.419739665931
    ));
#8756 = CARTESIAN_POINT('',(7.727455759557,2.725159516965,0.500005887266
    ));
#8757 = CARTESIAN_POINT('',(7.68801065466,2.544559050875,-0.419737554723
    ));
#8758 = CARTESIAN_POINT('',(7.668288018511,2.363961903155,
    -0.859346484363));
#8759 = CARTESIAN_POINT('',(7.648565768893,2.098381038088,
    -1.258427709805));
#8760 = CARTESIAN_POINT('',(7.628843869183,1.75842722888,-1.59838768323)
  );
#8761 = CARTESIAN_POINT('',(7.609121934327,1.359347300445,
    -1.863971761416));
#8762 = CARTESIAN_POINT('',(7.589399730933,0.919739819986,-2.04455945631
    ));
#8763 = CARTESIAN_POINT('',(7.549955142981,-4.997145228144E-07,
    -2.2251446722));
#8764 = CARTESIAN_POINT('',(7.510510555028,-0.919739800685,
    -2.044554267885));
#8765 = CARTESIAN_POINT('',(7.490788351637,-1.359345675722,
    -1.863966581701));
#8766 = CARTESIAN_POINT('',(7.471066416778,-1.758428210966,
    -1.59839475552));
#8767 = CARTESIAN_POINT('',(7.451344517062,-2.098392264017,
    -1.258440823132));
#8768 = CARTESIAN_POINT('',(7.431622267449,-2.363977036117,
    -0.859352687849));
#8769 = CARTESIAN_POINT('',(7.411899631306,-2.54456002982,
    -0.419738491769));
#8770 = CARTESIAN_POINT('',(7.372454526395,-2.725138421205,0.50000628663
    ));
#8771 = CARTESIAN_POINT('',(7.33301034769,-2.544552178655,1.419738728877
    ));
#8772 = CARTESIAN_POINT('',(7.313288672627,-2.363972692144,
    1.859342220433));
#8773 = CARTESIAN_POINT('',(7.293567240558,-2.098401547779,
    2.258414377524));
#8774 = CARTESIAN_POINT('',(7.273845811268,-1.758470141757,
    2.598410881026));
#8775 = CARTESIAN_POINT('',(7.254122045196,-1.35930659159,2.863988369617
    ));
#8776 = CARTESIAN_POINT('',(7.23439668612,-0.919716294151,3.044524347362
    ));
#8777 = CARTESIAN_POINT('',(7.214677526245,-0.459888817345,
    3.134857012072));
#8778 = CARTESIAN_POINT('',(7.194955830288,9.79788890933E-08,
    3.134866194884));
#8779 = ADVANCED_FACE('',(#8780),#8883,.T.);
#8780 = FACE_BOUND('',#8781,.T.);
#8781 = EDGE_LOOP('',(#8782,#8783,#8784,#8827,#8835,#8882));
#8782 = ORIENTED_EDGE('',*,*,#8353,.F.);
#8783 = ORIENTED_EDGE('',*,*,#8563,.F.);
#8784 = ORIENTED_EDGE('',*,*,#8785,.F.);
#8785 = EDGE_CURVE('',#8786,#8564,#8788,.T.);
#8786 = VERTEX_POINT('',#8787);
#8787 = CARTESIAN_POINT('',(7.896131031304,-4.018088459729E-15,-2.665));
#8788 = B_SPLINE_CURVE_WITH_KNOTS('',7,(#8789,#8790,#8791,#8792,#8793,
    #8794,#8795,#8796,#8797,#8798,#8799,#8800,#8801,#8802,#8803,#8804,
    #8805,#8806,#8807,#8808,#8809,#8810,#8811,#8812,#8813,#8814,#8815,
    #8816,#8817,#8818,#8819,#8820,#8821,#8822,#8823,#8824,#8825,#8826),
  .UNSPECIFIED.,.F.,.F.,(8,6,6,6,6,6,8),(0.,4.540712433031E-02,
    0.279395605134,0.521351966147,0.733574252647,0.896304176684,1.),
  .UNSPECIFIED.);
#8789 = CARTESIAN_POINT('',(7.896131031304,-3.908088459729E-15,-2.665));
#8790 = CARTESIAN_POINT('',(7.893828581193,-6.449146454511E-02,-2.665));
#8791 = CARTESIAN_POINT('',(7.891526116771,-0.128982989269,
    -2.663466872862));
#8792 = CARTESIAN_POINT('',(7.889223636498,-0.193430738583,
    -2.660400621497));
#8793 = CARTESIAN_POINT('',(7.88692113906,-0.257790989202,
    -2.655802805156));
#8794 = CARTESIAN_POINT('',(7.884618623369,-0.32202013014,
    -2.649676539429));
#8795 = CARTESIAN_POINT('',(7.882316088564,-0.386074662714,
    -2.642026496248));
#8796 = CARTESIAN_POINT('',(7.868148187992,-0.778868709451,
    -2.585617176021));
#8797 = CARTESIAN_POINT('',(7.856276525365,-1.10219883998,
    -2.498053712791));
#8798 = CARTESIAN_POINT('',(7.844408997489,-1.41367592871,
    -2.370994940783));
#8799 = CARTESIAN_POINT('',(7.832542429279,-1.707616381627,
    -2.206499173683));
#8800 = CARTESIAN_POINT('',(7.820674664533,-1.978820612731,
    -2.007476266893));
#8801 = CARTESIAN_POINT('',(7.808802812025,-2.222561701198,
    -1.777693850093));
#8802 = CARTESIAN_POINT('',(7.784668182037,-2.654426455765,
    -1.257651808609));
#8803 = CARTESIAN_POINT('',(7.772392885548,-2.840605551104,
    -0.965319698348));
#8804 = CARTESIAN_POINT('',(7.760124182068,-2.988903403821,
    -0.650336714967));
#8805 = CARTESIAN_POINT('',(7.747857796456,-3.096231888808,
    -0.318636487013));
#8806 = CARTESIAN_POINT('',(7.735589675811,-3.160564077501,
    2.351546113298E-02));
#8807 = CARTESIAN_POINT('',(7.723314633643,-3.180925920913,
    0.369501917997));
#8808 = CARTESIAN_POINT('',(7.700283766967,-3.137641018508,
    1.013114464121));
#8809 = CARTESIAN_POINT('',(7.689517834784,-3.083994073584,
    1.311705713628));
#8810 = CARTESIAN_POINT('',(7.678753570343,-2.997201119955,
    1.603508439661));
#8811 = CARTESIAN_POINT('',(7.667990338865,-2.878371241371,
    1.884169195323));
#8812 = CARTESIAN_POINT('',(7.657225639918,-2.729243832995,
    2.149579816197));
#8813 = CARTESIAN_POINT('',(7.646459422437,-2.552173033296,
    2.395914127562));
#8814 = CARTESIAN_POINT('',(7.627446052936,-2.195505764824,
    2.791374639714));
#8815 = CARTESIAN_POINT('',(7.619193972755,-2.02607125457,2.949837347876
    ));
#8816 = CARTESIAN_POINT('',(7.610943336775,-1.84337112944,3.093596317299
    ));
#8817 = CARTESIAN_POINT('',(7.602693736657,-1.648948735307,
    3.221346561912));
#8818 = CARTESIAN_POINT('',(7.594443677151,-1.444484885813,
    3.331983633009));
#8819 = CARTESIAN_POINT('',(7.586192054611,-1.231789980893,
    3.424608825651));
#8820 = CARTESIAN_POINT('',(7.57268174267,-0.873285625896,3.545699942649
    ));
#8821 = CARTESIAN_POINT('',(7.567422760185,-0.731190558897,
    3.585255428879));
#8822 = CARTESIAN_POINT('',(7.562163251089,-0.587032312178,
    3.617068492637));
#8823 = CARTESIAN_POINT('',(7.556903134036,-0.441317299573,
    3.641012885509));
#8824 = CARTESIAN_POINT('',(7.55164244666,-0.294559291798,3.657004190559
    ));
#8825 = CARTESIAN_POINT('',(7.546381640187,-0.14727841934,3.664999984523
    ));
#8826 = CARTESIAN_POINT('',(7.541121874027,-1.753494698104E-07,3.665));
#8827 = ORIENTED_EDGE('',*,*,#8828,.T.);
#8828 = EDGE_CURVE('',#8786,#8829,#8831,.T.);
#8829 = VERTEX_POINT('',#8830);
#8830 = CARTESIAN_POINT('',(7.953850829038,-4.043721199098E-15,-2.665));
#8831 = LINE('',#8832,#8833);
#8832 = CARTESIAN_POINT('',(6.446202902092,-4.304191022488E-15,-2.665));
#8833 = VECTOR('',#8834,1.);
#8834 = DIRECTION('',(1.,-8.840892098501E-16,4.4E-16));
#8835 = ORIENTED_EDGE('',*,*,#8836,.T.);
#8836 = EDGE_CURVE('',#8829,#8454,#8837,.T.);
#8837 = B_SPLINE_CURVE_WITH_KNOTS('',7,(#8838,#8839,#8840,#8841,#8842,
    #8843,#8844,#8845,#8846,#8847,#8848,#8849,#8850,#8851,#8852,#8853,
    #8854,#8855,#8856,#8857,#8858,#8859,#8860,#8861,#8862,#8863,#8864,
    #8865,#8866,#8867,#8868,#8869,#8870,#8871,#8872,#8873,#8874,#8875,
    #8876,#8877,#8878,#8879,#8880,#8881),.UNSPECIFIED.,.F.,.F.,(8,6,6,6,
    6,6,6,8),(0.,4.631539976677E-02,0.206322193051,0.27832764245,
    0.522906190136,0.732752025423,0.892044111142,1.),.UNSPECIFIED.);
#8838 = CARTESIAN_POINT('',(7.953850829038,-4.823721199098E-15,-2.665));
#8839 = CARTESIAN_POINT('',(7.951502079164,-6.578347601656E-02,-2.665));
#8840 = CARTESIAN_POINT('',(7.949153342694,-0.131567018453,
    -2.663404828988));
#8841 = CARTESIAN_POINT('',(7.946804621664,-0.197304102828,
    -2.660214489133));
#8842 = CARTESIAN_POINT('',(7.944455917955,-0.262948324997,
    -2.655430668224));
#8843 = CARTESIAN_POINT('',(7.942107233292,-0.32845340115,
    -2.649056739674));
#8844 = CARTESIAN_POINT('',(7.939758569242,-0.393773167813,
    -2.641097762516));
#8845 = CARTESIAN_POINT('',(7.929296023835,-0.68372390544,
    -2.598611834202));
#8846 = CARTESIAN_POINT('',(7.92118149432,-0.90585045135,-2.546822225394
    ));
#8847 = CARTESIAN_POINT('',(7.913067873631,-1.123302775544,
    -2.476468541231));
#8848 = CARTESIAN_POINT('',(7.90495489267,-1.334233389564,
    -2.388078142923));
#8849 = CARTESIAN_POINT('',(7.896841620335,-1.536878818611,
    -2.282390015648));
#8850 = CARTESIAN_POINT('',(7.888727660715,-1.729567544166,
    -2.160351439225));
#8851 = CARTESIAN_POINT('',(7.876963319245,-1.992274419232,
    -1.961407562593));
#8852 = CARTESIAN_POINT('',(7.873312194499,-2.071478771586,
    -1.89659094488));
#8853 = CARTESIAN_POINT('',(7.869661021765,-2.148216111005,
    -1.828806243768));
#8854 = CARTESIAN_POINT('',(7.86600979395,-2.222353469069,
    -1.758166521444));
#8855 = CARTESIAN_POINT('',(7.862358506304,-2.293764686146,
    -1.68479198584));
#8856 = CARTESIAN_POINT('',(7.858707156415,-2.362330411392,
    -1.608809990635));
#8857 = CARTESIAN_POINT('',(7.842653112172,-2.650785595611,
    -1.263869662199));
#8858 = CARTESIAN_POINT('',(7.830242509264,-2.83963778231,
    -0.968693693111));
#8859 = CARTESIAN_POINT('',(7.817837088731,-2.989806757204,
    -0.650297876133));
#8860 = CARTESIAN_POINT('',(7.805432802078,-3.098098152271,
    -0.314811142843));
#8861 = CARTESIAN_POINT('',(7.793026932369,-3.162423026693,
    3.129425541391E-02));
#8862 = CARTESIAN_POINT('',(7.780616192382,-3.18178910698,0.38117886193)
  );
#8863 = CARTESIAN_POINT('',(7.757572429022,-3.13536210628,1.024942063168
    ));
#8864 = CARTESIAN_POINT('',(7.746928656385,-3.081254605939,
    1.319960804253));
#8865 = CARTESIAN_POINT('',(7.736288066695,-2.994767584957,
    1.608236673243));
#8866 = CARTESIAN_POINT('',(7.725649496527,-2.876983676209,1.8855635297)
  );
#8867 = CARTESIAN_POINT('',(7.715009199362,-2.72958907558,2.147971194761
    ));
#8868 = CARTESIAN_POINT('',(7.704365561082,-2.554858860552,
    2.391759990395));
#8869 = CARTESIAN_POINT('',(7.685646495726,-2.204727796201,
    2.782014149011));
#8870 = CARTESIAN_POINT('',(7.677567336007,-2.039576856417,
    2.937835617355));
#8871 = CARTESIAN_POINT('',(7.669488185523,-1.861649875272,
    3.079632017369));
#8872 = CARTESIAN_POINT('',(7.661408950856,-1.672387324383,
    3.206171156324));
#8873 = CARTESIAN_POINT('',(7.653329316514,-1.473357473019,
    3.316404469407));
#8874 = CARTESIAN_POINT('',(7.645249719178,-1.266249443267,
    3.409471704034));
#8875 = CARTESIAN_POINT('',(7.63169753273,-0.908286822694,3.535745581328
    ));
#8876 = CARTESIAN_POINT('',(7.626223428736,-0.760800087056,
    3.578582299282));
#8877 = CARTESIAN_POINT('',(7.620749964544,-0.610986910564,
    3.613049785232));
#8878 = CARTESIAN_POINT('',(7.615277183817,-0.459417399293,
    3.638999787529));
#8879 = CARTESIAN_POINT('',(7.609804877634,-0.306670693268,
    3.656333139542));
#8880 = CARTESIAN_POINT('',(7.60433257208,-0.153333755973,3.664999984443
    ));
#8881 = CARTESIAN_POINT('',(7.598859515843,-1.638584461461E-07,3.665));
#8882 = ORIENTED_EDGE('',*,*,#8460,.T.);
#8883 = CYLINDRICAL_SURFACE('',#8884,3.165);
#8884 = AXIS2_PLACEMENT_3D('',#8885,#8886,#8887);
#8885 = CARTESIAN_POINT('',(6.446202902092,-2.854191022488E-15,0.5));
#8886 = DIRECTION('',(1.,-5.540892098501E-16,4.4E-16));
#8887 = DIRECTION('',(4.4E-16,7.E-17,-1.));
#8888 = ADVANCED_FACE('',(#8889),#8971,.F.);
#8889 = FACE_BOUND('',#8890,.F.);
#8890 = EDGE_LOOP('',(#8891,#8927,#8934,#8969,#8970));
#8891 = ORIENTED_EDGE('',*,*,#8892,.F.);
#8892 = EDGE_CURVE('',#8893,#8418,#8895,.T.);
#8893 = VERTEX_POINT('',#8894);
#8894 = CARTESIAN_POINT('',(8.614953080967,-2.502833730958E-11,
    3.134818134726));
#8895 = B_SPLINE_CURVE_WITH_KNOTS('',9,(#8896,#8897,#8898,#8899,#8900,
    #8901,#8902,#8903,#8904,#8905,#8906,#8907,#8908,#8909,#8910,#8911,
    #8912,#8913,#8914,#8915,#8916,#8917,#8918,#8919,#8920,#8921,#8922,
    #8923,#8924,#8925,#8926),.UNSPECIFIED.,.F.,.F.,(10,7,7,7,10),(0.,
    1.58079326614,3.161586532279,4.742379798419,6.323173064558),
  .UNSPECIFIED.);
#8896 = CARTESIAN_POINT('',(8.614953080967,-2.503064730958E-11,
    3.134818134726));
#8897 = CARTESIAN_POINT('',(8.595231385057,0.459884722163,3.134827334646
    ));
#8898 = CARTESIAN_POINT('',(8.575512225436,0.919711611999,3.044601721453
    ));
#8899 = CARTESIAN_POINT('',(8.555786865647,1.359344882062,2.86395303756)
  );
#8900 = CARTESIAN_POINT('',(8.536063100604,1.758391214181,2.598327872424
    ));
#8901 = CARTESIAN_POINT('',(8.516341670179,2.098354506658,2.258396498225
    ));
#8902 = CARTESIAN_POINT('',(8.496620238844,2.363945025808,1.859325759671
    ));
#8903 = CARTESIAN_POINT('',(8.476898563622,2.544541588737,1.41973132515)
  );
#8904 = CARTESIAN_POINT('',(8.437454384925,2.725134663392,0.500005937954
    ));
#8905 = CARTESIAN_POINT('',(8.398009279998,2.544535861393,
    -0.419729119373));
#8906 = CARTESIAN_POINT('',(8.37828664383,2.363940368815,-0.859334043174
    ));
#8907 = CARTESIAN_POINT('',(8.358564394211,2.098361933259,
    -1.258411633794));
#8908 = CARTESIAN_POINT('',(8.338842494515,1.758411230923,
    -1.598368512979));
#8909 = CARTESIAN_POINT('',(8.319120559673,1.359334947232,
    -1.863950176469));
#8910 = CARTESIAN_POINT('',(8.299398356279,0.919731479353,
    -2.044536232601));
#8911 = CARTESIAN_POINT('',(8.259953768321,-4.490343257797E-07,
    -2.22511981865));
#8912 = CARTESIAN_POINT('',(8.220509180361,-0.919731365408,
    -2.044531078386));
#8913 = CARTESIAN_POINT('',(8.200786976972,-1.359333234583,
    -1.863945047314));
#8914 = CARTESIAN_POINT('',(8.181065042124,-1.75841213496,
    -1.598375650671));
#8915 = CARTESIAN_POINT('',(8.161343142424,-2.098373093783,
    -1.258424825167));
#8916 = CARTESIAN_POINT('',(8.141620892808,-2.363955451215,
    -0.859340334586));
#8917 = CARTESIAN_POINT('',(8.121898256648,-2.544536806128,
    -0.419730151061));
#8918 = CARTESIAN_POINT('',(8.082453151706,-2.725113567635,
    0.500006235957));
#8919 = CARTESIAN_POINT('',(8.043008973014,-2.544528989184,
    1.419730293454));
#8920 = CARTESIAN_POINT('',(8.023287297975,-2.36395115789,1.85932977908)
  );
#8921 = CARTESIAN_POINT('',(8.003565865943,-2.098382442931,2.25839830133
    ));
#8922 = CARTESIAN_POINT('',(7.983844436686,-1.758454144265,
    2.598391710891));
#8923 = CARTESIAN_POINT('',(7.964120670547,-1.359294237565,
    2.863966785409));
#8924 = CARTESIAN_POINT('',(7.944395311329,-0.919707952696,
    3.044501123329));
#8925 = CARTESIAN_POINT('',(7.924676151592,-0.459884673209,
    3.134832973444));
#8926 = CARTESIAN_POINT('',(7.904954455659,4.897837201799E-08,
    3.134842164813));
#8927 = ORIENTED_EDGE('',*,*,#8928,.T.);
#8928 = EDGE_CURVE('',#8893,#8929,#8931,.T.);
#8929 = VERTEX_POINT('',#8930);
#8930 = CARTESIAN_POINT('',(8.308846082863,-1.643247152014E-07,3.665));
#8931 = B_SPLINE_CURVE_WITH_KNOTS('',1,(#8932,#8933),.UNSPECIFIED.,.F.,
  .F.,(2,2),(0.,0.659896538121),.PIECEWISE_BEZIER_KNOTS.);
#8932 = CARTESIAN_POINT('',(8.614953080967,-2.499851730958E-11,
    3.134818134726));
#8933 = CARTESIAN_POINT('',(8.28499967399,-1.771240246008E-07,
    3.7063023342));
#8934 = ORIENTED_EDGE('',*,*,#8935,.T.);
#8935 = EDGE_CURVE('',#8929,#8829,#8936,.T.);
#8936 = B_SPLINE_CURVE_WITH_KNOTS('',6,(#8937,#8938,#8939,#8940,#8941,
    #8942,#8943,#8944,#8945,#8946,#8947,#8948,#8949,#8950,#8951,#8952,
    #8953,#8954,#8955,#8956,#8957,#8958,#8959,#8960,#8961,#8962,#8963,
    #8964,#8965,#8966,#8967,#8968),.UNSPECIFIED.,.F.,.F.,(7,5,5,5,5,5,7)
  ,(0.,0.101550561974,0.265382206469,0.474325737396,0.682122110184,
    0.843685481839,1.),.UNSPECIFIED.);
#8937 = CARTESIAN_POINT('',(8.308846082863,-1.643247482814E-07,3.665));
#8938 = CARTESIAN_POINT('',(8.302839613893,0.168278527528,3.665000000376
    ));
#8939 = CARTESIAN_POINT('',(8.296836763645,0.336560795373,3.654263183425
    ));
#8940 = CARTESIAN_POINT('',(8.29083337849,0.503982688491,3.632789923231)
  );
#8941 = CARTESIAN_POINT('',(8.284828066029,0.669691877904,3.600671207238
    ));
#8942 = CARTESIAN_POINT('',(8.278820992866,0.832850602203,3.558088048224
    ));
#8943 = CARTESIAN_POINT('',(8.263119467803,1.250424805106,3.420165453173
    ));
#8944 = CARTESIAN_POINT('',(8.25342140795,1.499483548329,3.308473260186)
  );
#8945 = CARTESIAN_POINT('',(8.243723306291,1.736313729654,3.171375797816
    ));
#8946 = CARTESIAN_POINT('',(8.234027211642,1.957759106062,3.010608000729
    ));
#8947 = CARTESIAN_POINT('',(8.22433147535,2.160952452504,2.828349863059)
  );
#8948 = CARTESIAN_POINT('',(8.202276990714,2.576151378128,2.370975742013
    ));
#8949 = CARTESIAN_POINT('',(8.189913327019,2.775306891212,2.083966269942
    ));
#8950 = CARTESIAN_POINT('',(8.177556555373,2.935638381989,1.772012953642
    ));
#8951 = CARTESIAN_POINT('',(8.165198155725,3.053600517438,1.441701172045
    ));
#8952 = CARTESIAN_POINT('',(8.152832936608,3.126813221528,1.100120864866
    ));
#8953 = CARTESIAN_POINT('',(8.128177084112,3.18245381485,0.411790335698)
  );
#8954 = CARTESIAN_POINT('',(8.11587753852,3.165398549654,
    6.482398688591E-02));
#8955 = CARTESIAN_POINT('',(8.103582465282,3.102873112312,
    -0.278294015387));
#8956 = CARTESIAN_POINT('',(8.091288078299,2.996056501128,
    -0.610302570022));
#8957 = CARTESIAN_POINT('',(8.078989319556,2.847336239702,-0.92424355812
    ));
#8958 = CARTESIAN_POINT('',(8.057136926266,2.515925716386,
    -1.438819128838));
#8959 = CARTESIAN_POINT('',(8.047577404018,2.348094656534,
    -1.649217601351));
#8960 = CARTESIAN_POINT('',(8.038019556836,2.159296401493,
    -1.841957255444));
#8961 = CARTESIAN_POINT('',(8.028461630359,1.951892869549,
    -2.014517652278));
#8962 = CARTESIAN_POINT('',(8.018901979587,1.728587431307,
    -2.164749004083));
#8963 = CARTESIAN_POINT('',(8.000095269968,1.264080194953,
    -2.413146309645));
#8964 = CARTESIAN_POINT('',(7.990845862407,1.023638335105,
    -2.512875783422));
#8965 = CARTESIAN_POINT('',(7.981597477738,0.773982715627,
    -2.588672227329));
#8966 = CARTESIAN_POINT('',(7.972348902452,0.518085554109,
    -2.639561002845));
#8967 = CARTESIAN_POINT('',(7.963099208993,0.25902740333,-2.665));
#8968 = CARTESIAN_POINT('',(7.953850829038,-4.613721199098E-15,-2.665));
#8969 = ORIENTED_EDGE('',*,*,#8836,.T.);
#8970 = ORIENTED_EDGE('',*,*,#8453,.F.);
#8971 = B_SPLINE_SURFACE_WITH_KNOTS('',1,9,(
    (#8972,#8973,#8974,#8975,#8976,#8977,#8978,#8979,#8980,#8981,#8982
      ,#8983,#8984,#8985,#8986,#8987,#8988,#8989,#8990,#8991,#8992,#8993
      ,#8994,#8995,#8996,#8997,#8998,#8999,#9000,#9001,#9002)
    ,(#9003,#9004,#9005,#9006,#9007,#9008,#9009,#9010,#9011,#9012,#9013
      ,#9014,#9015,#9016,#9017,#9018,#9019,#9020,#9021,#9022,#9023,#9024
      ,#9025,#9026,#9027,#9028,#9029,#9030,#9031,#9032,#9033
  )),.UNSPECIFIED.,.F.,.F.,.F.,(2,2),(10,7,7,7,10),(0.,0.659896538121),(
    0.,1.58079326614,3.161586532279,4.742379798419,6.323173064558),
  .UNSPECIFIED.);
#8972 = CARTESIAN_POINT('',(8.614953080967,-2.503064730958E-11,
    3.134818134726));
#8973 = CARTESIAN_POINT('',(8.595231385057,0.459884722163,3.134827334646
    ));
#8974 = CARTESIAN_POINT('',(8.575512225436,0.919711611999,3.044601721453
    ));
#8975 = CARTESIAN_POINT('',(8.555786865647,1.359344882062,2.86395303756)
  );
#8976 = CARTESIAN_POINT('',(8.536063100604,1.758391214181,2.598327872424
    ));
#8977 = CARTESIAN_POINT('',(8.516341670179,2.098354506658,2.258396498225
    ));
#8978 = CARTESIAN_POINT('',(8.496620238844,2.363945025808,1.859325759671
    ));
#8979 = CARTESIAN_POINT('',(8.476898563622,2.544541588737,1.41973132515)
  );
#8980 = CARTESIAN_POINT('',(8.437454384925,2.725134663392,0.500005937954
    ));
#8981 = CARTESIAN_POINT('',(8.398009279998,2.544535861393,
    -0.419729119373));
#8982 = CARTESIAN_POINT('',(8.37828664383,2.363940368815,-0.859334043174
    ));
#8983 = CARTESIAN_POINT('',(8.358564394211,2.098361933259,
    -1.258411633794));
#8984 = CARTESIAN_POINT('',(8.338842494515,1.758411230923,
    -1.598368512979));
#8985 = CARTESIAN_POINT('',(8.319120559673,1.359334947232,
    -1.863950176469));
#8986 = CARTESIAN_POINT('',(8.299398356279,0.919731479353,
    -2.044536232601));
#8987 = CARTESIAN_POINT('',(8.259953768321,-4.490343257797E-07,
    -2.22511981865));
#8988 = CARTESIAN_POINT('',(8.220509180361,-0.919731365408,
    -2.044531078386));
#8989 = CARTESIAN_POINT('',(8.200786976972,-1.359333234583,
    -1.863945047314));
#8990 = CARTESIAN_POINT('',(8.181065042124,-1.75841213496,
    -1.598375650671));
#8991 = CARTESIAN_POINT('',(8.161343142424,-2.098373093783,
    -1.258424825167));
#8992 = CARTESIAN_POINT('',(8.141620892808,-2.363955451215,
    -0.859340334586));
#8993 = CARTESIAN_POINT('',(8.121898256648,-2.544536806128,
    -0.419730151061));
#8994 = CARTESIAN_POINT('',(8.082453151706,-2.725113567635,
    0.500006235957));
#8995 = CARTESIAN_POINT('',(8.043008973014,-2.544528989184,
    1.419730293454));
#8996 = CARTESIAN_POINT('',(8.023287297975,-2.36395115789,1.85932977908)
  );
#8997 = CARTESIAN_POINT('',(8.003565865943,-2.098382442931,2.25839830133
    ));
#8998 = CARTESIAN_POINT('',(7.983844436686,-1.758454144265,
    2.598391710891));
#8999 = CARTESIAN_POINT('',(7.964120670547,-1.359294237565,
    2.863966785409));
#9000 = CARTESIAN_POINT('',(7.944395311329,-0.919707952696,
    3.044501123329));
#9001 = CARTESIAN_POINT('',(7.924676151592,-0.459884673209,
    3.134832973444));
#9002 = CARTESIAN_POINT('',(7.904954455659,4.897837201799E-08,
    3.134842164813));
#9003 = CARTESIAN_POINT('',(8.28499967399,-1.771240577208E-07,
    3.7063023342));
#9004 = CARTESIAN_POINT('',(8.265277416067,0.559605806918,3.706311240538
    ));
#9005 = CARTESIAN_POINT('',(8.245554986092,1.119213402006,3.596507775974
    ));
#9006 = CARTESIAN_POINT('',(8.225832976475,1.654193093314,3.376668168878
    ));
#9007 = CARTESIAN_POINT('',(8.206110859506,2.139772760141,3.053455904698
    ));
#9008 = CARTESIAN_POINT('',(8.186388582954,2.553484469111,2.639792953886
    ));
#9009 = CARTESIAN_POINT('',(8.166666307426,2.876674295748,2.154160967866
    ));
#9010 = CARTESIAN_POINT('',(8.146944047992,3.096440575767,1.619217515121
    ));
#9011 = CARTESIAN_POINT('',(8.107499585513,3.316202443418,0.500005969138
    ));
#9012 = CARTESIAN_POINT('',(8.068055185893,3.096435467505,
    -0.619213219058));
#9013 = CARTESIAN_POINT('',(8.048332991756,2.876672076085,
    -1.154165044769));
#9014 = CARTESIAN_POINT('',(8.028610771391,2.553491432949,-1.63980367993
    ));
#9015 = CARTESIAN_POINT('',(8.008888527286,2.139803212462,
    -2.053498112546));
#9016 = CARTESIAN_POINT('',(7.989166285566,1.654165001747,
    -2.376682423859));
#9017 = CARTESIAN_POINT('',(7.969444062064,1.119214189837,
    -2.596435986358));
#9018 = CARTESIAN_POINT('',(7.929999627358,-2.238608669531E-07,
    -2.816187454742));
#9019 = CARTESIAN_POINT('',(7.890555192651,-1.119213688984,
    -2.596431155234));
#9020 = CARTESIAN_POINT('',(7.870832969154,-1.65416298632,
    -2.376677684449));
#9021 = CARTESIAN_POINT('',(7.851110727428,-2.139803762231,
    -2.053505268639));
#9022 = CARTESIAN_POINT('',(7.83138848332,-2.553501929683,
    -1.639816728419));
#9023 = CARTESIAN_POINT('',(7.811666262957,-2.876686417683,
    -1.154171477463));
#9024 = CARTESIAN_POINT('',(7.791944068827,-3.096436237618,
    -0.619214605286));
#9025 = CARTESIAN_POINT('',(7.752499669193,-3.316182091719,
    0.500005837959));
#9026 = CARTESIAN_POINT('',(7.713055206719,-3.096428561909,
    1.619216128885));
#9027 = CARTESIAN_POINT('',(7.693332947462,-2.876680420389,
    2.154164482327));
#9028 = CARTESIAN_POINT('',(7.673610671261,-2.553511690212,
    2.639794371013));
#9029 = CARTESIAN_POINT('',(7.653888395836,-2.139833793028,
    3.053517221405));
#9030 = CARTESIAN_POINT('',(7.63416627781,-1.654144598247,3.376681222982
    ));
#9031 = CARTESIAN_POINT('',(7.614444268743,-1.119210262703,
    3.596410584686));
#9032 = CARTESIAN_POINT('',(7.594721838656,-0.55960616449,3.706316609817
    ));
#9033 = CARTESIAN_POINT('',(7.574999580711,-1.804489611155E-07,
    3.706325516733));
#9034 = ADVANCED_FACE('',(#9035),#9082,.F.);
#9035 = FACE_BOUND('',#9036,.F.);
#9036 = EDGE_LOOP('',(#9037,#9074,#9079,#9080,#9081));
#9037 = ORIENTED_EDGE('',*,*,#9038,.F.);
#9038 = EDGE_CURVE('',#9039,#8786,#9041,.T.);
#9039 = VERTEX_POINT('',#9040);
#9040 = CARTESIAN_POINT('',(8.251136247914,-1.758185091757E-07,3.665));
#9041 = B_SPLINE_CURVE_WITH_KNOTS('',6,(#9042,#9043,#9044,#9045,#9046,
    #9047,#9048,#9049,#9050,#9051,#9052,#9053,#9054,#9055,#9056,#9057,
    #9058,#9059,#9060,#9061,#9062,#9063,#9064,#9065,#9066,#9067,#9068,
    #9069,#9070,#9071,#9072,#9073),.UNSPECIFIED.,.F.,.F.,(7,5,5,5,5,5,7)
  ,(0.,9.800523980617E-02,0.268199935273,0.471076841994,0.684387325784,
    0.846370553733,1.),.UNSPECIFIED.);
#9042 = CARTESIAN_POINT('',(8.251136247914,-1.758185544757E-07,3.665));
#9043 = CARTESIAN_POINT('',(8.245336364941,0.162403369803,3.665000000953
    ));
#9044 = CARTESIAN_POINT('',(8.239532692647,0.324809520338,3.6549998474)
  );
#9045 = CARTESIAN_POINT('',(8.233729612857,0.486442597551,3.634999907227
    ));
#9046 = CARTESIAN_POINT('',(8.227928299428,0.646536370549,3.605079065985
    ));
#9047 = CARTESIAN_POINT('',(8.222128471618,0.804336653198,3.565394338922
    ));
#9048 = CARTESIAN_POINT('',(8.206260848943,1.227870803719,3.4307163054)
  );
#9049 = CARTESIAN_POINT('',(8.196194069081,1.487544064266,3.31649842955)
  );
#9050 = CARTESIAN_POINT('',(8.186131479011,1.734176185978,3.174763288455
    ));
#9051 = CARTESIAN_POINT('',(8.176066524783,1.964221839697,3.007445580335
    ));
#9052 = CARTESIAN_POINT('',(8.165997372234,2.174468150748,2.816992259296
    ));
#9053 = CARTESIAN_POINT('',(8.143925067857,2.585927451752,2.355592878507
    ));
#9054 = CARTESIAN_POINT('',(8.131915590813,2.777772117133,2.076078818286
    ));
#9055 = CARTESIAN_POINT('',(8.119909096739,2.932957409165,1.773214766226
    ));
#9056 = CARTESIAN_POINT('',(8.107904077403,3.048241659664,1.45302942128)
  );
#9057 = CARTESIAN_POINT('',(8.095895978645,3.121434248868,1.122007896134
    ));
#9058 = CARTESIAN_POINT('',(8.071272887061,3.184017819532,0.435193266604
    ));
#9059 = CARTESIAN_POINT('',(8.058649088659,3.168929636847,
    7.873480576237E-02));
#9060 = CARTESIAN_POINT('',(8.04603211108,3.105860936326,-0.273939879613
    ));
#9061 = CARTESIAN_POINT('',(8.033414441525,2.996067444447,
    -0.614971107417));
#9062 = CARTESIAN_POINT('',(8.020789920893,2.842127183529,
    -0.936830603095));
#9063 = CARTESIAN_POINT('',(7.998586443496,2.501679575941,
    -1.457261833311));
#9064 = CARTESIAN_POINT('',(7.989001392217,2.331855877615,-1.66696508455
    ));
#9065 = CARTESIAN_POINT('',(7.97941761802,2.141087884611,-1.858760154513
    ));
#9066 = CARTESIAN_POINT('',(7.969833901756,1.931775308669,-2.03012521617
    ));
#9067 = CARTESIAN_POINT('',(7.960248908038,1.706659720722,
    -2.178915292279));
#9068 = CARTESIAN_POINT('',(7.94157627601,1.243399003786,-2.421642282576
    ));
#9069 = CARTESIAN_POINT('',(7.932486326159,1.006470276258,
    -2.518040815114));
#9070 = CARTESIAN_POINT('',(7.923397795235,0.760789688716,
    -2.591272838687));
#9071 = CARTESIAN_POINT('',(7.914309474356,0.509183431067,
    -2.640427530692));
#9072 = CARTESIAN_POINT('',(7.905219865044,0.254577589352,
    -2.664999999999));
#9073 = CARTESIAN_POINT('',(7.896131031304,-3.738088459729E-15,-2.665));
#9074 = ORIENTED_EDGE('',*,*,#9075,.T.);
#9075 = EDGE_CURVE('',#9039,#8675,#9076,.T.);
#9076 = B_SPLINE_CURVE_WITH_KNOTS('',1,(#9077,#9078),.UNSPECIFIED.,.F.,
  .F.,(2,2),(0.,0.659896538121),.PIECEWISE_BEZIER_KNOTS.);
#9077 = CARTESIAN_POINT('',(8.274999580664,-1.932874055163E-07,
    3.706333608143));
#9078 = CARTESIAN_POINT('',(7.945057917535,4.824284902018E-08,
    3.134842628375));
#9079 = ORIENTED_EDGE('',*,*,#8674,.T.);
#9080 = ORIENTED_EDGE('',*,*,#8600,.F.);
#9081 = ORIENTED_EDGE('',*,*,#8785,.F.);
#9082 = B_SPLINE_SURFACE_WITH_KNOTS('',1,9,(
    (#9083,#9084,#9085,#9086,#9087,#9088,#9089,#9090,#9091,#9092,#9093
      ,#9094,#9095,#9096,#9097,#9098,#9099,#9100,#9101,#9102,#9103,#9104
      ,#9105,#9106,#9107,#9108,#9109,#9110,#9111,#9112,#9113)
    ,(#9114,#9115,#9116,#9117,#9118,#9119,#9120,#9121,#9122,#9123,#9124
      ,#9125,#9126,#9127,#9128,#9129,#9130,#9131,#9132,#9133,#9134,#9135
      ,#9136,#9137,#9138,#9139,#9140,#9141,#9142,#9143,#9144
  )),.UNSPECIFIED.,.F.,.F.,.F.,(2,2),(10,7,7,7,10),(0.,0.659896538121),(
    0.,1.58079326614,3.161586532279,4.742379798419,6.323173064558),
  .UNSPECIFIED.);
#9083 = CARTESIAN_POINT('',(8.274999580664,-1.932874510063E-07,
    3.706333608143));
#9084 = CARTESIAN_POINT('',(8.25527732271,0.559611404789,3.706343205687)
  );
#9085 = CARTESIAN_POINT('',(8.235554892555,1.119224752951,3.596542616865
    ));
#9086 = CARTESIAN_POINT('',(8.215832883106,1.654211571154,3.376696528252
    ));
#9087 = CARTESIAN_POINT('',(8.196110766269,2.139791862069,3.053479150693
    ));
#9088 = CARTESIAN_POINT('',(8.176388489628,2.553509034465,2.639814372328
    ));
#9089 = CARTESIAN_POINT('',(8.156666214077,2.876702922299,2.154177432037
    ));
#9090 = CARTESIAN_POINT('',(8.136943954604,3.096472111298,1.619228801619
    ));
#9091 = CARTESIAN_POINT('',(8.097499492109,3.316236508203,0.500005976593
    ));
#9092 = CARTESIAN_POINT('',(8.058055092529,3.096466508877,
    -0.619224393498));
#9093 = CARTESIAN_POINT('',(8.038332898416,2.876700386462,
    -1.154181391423));
#9094 = CARTESIAN_POINT('',(8.018610678052,2.553516649937,
    -1.639824643389));
#9095 = CARTESIAN_POINT('',(7.998888433929,2.13982466429,-2.053523456044
    ));
#9096 = CARTESIAN_POINT('',(7.979166192191,1.654181680089,
    -2.376711471908));
#9097 = CARTESIAN_POINT('',(7.959443968688,1.119225441802,-2.59646724337
    ));
#9098 = CARTESIAN_POINT('',(7.919999533991,-2.388461062687E-07,
    -2.816220730236));
#9099 = CARTESIAN_POINT('',(7.880555099293,-1.11922489766,
    -2.596462039138));
#9100 = CARTESIAN_POINT('',(7.860832875794,-1.654179504214,
    -2.376706367271));
#9101 = CARTESIAN_POINT('',(7.841110634052,-2.139825253038,
    -2.05353117025));
#9102 = CARTESIAN_POINT('',(7.821388389923,-2.553527957753,
    -1.639838707612));
#9103 = CARTESIAN_POINT('',(7.801666169563,-2.876715838055,
    -1.154188327178));
#9104 = CARTESIAN_POINT('',(7.781943975457,-3.096467337117,
    -0.619225891685));
#9105 = CARTESIAN_POINT('',(7.742499575863,-3.316214577979,
    0.500005830483));
#9106 = CARTESIAN_POINT('',(7.703055113372,-3.096459167222,
    1.619227303423));
#9107 = CARTESIAN_POINT('',(7.68333285409,-2.876709524354,2.154181214962
    ));
#9108 = CARTESIAN_POINT('',(7.663610577815,-2.553538369965,
    2.639815895708));
#9109 = CARTESIAN_POINT('',(7.643888302386,-2.139857632472,
    3.053545220197));
#9110 = CARTESIAN_POINT('',(7.624166184412,-1.654159318824,
    3.376710592493));
#9111 = CARTESIAN_POINT('',(7.604444175555,-1.119221374599,
    3.596437885594));
#9112 = CARTESIAN_POINT('',(7.58472174528,-0.559611794692,3.706348990619
    ));
#9113 = CARTESIAN_POINT('',(7.564999487302,-1.96615920891E-07,
    3.706358588747));
#9114 = CARTESIAN_POINT('',(7.945057917535,4.824280293018E-08,
    3.134842628375));
#9115 = CARTESIAN_POINT('',(7.925336221601,0.459889053445,3.134851859301
    ));
#9116 = CARTESIAN_POINT('',(7.905617061838,0.919720234936,3.044625624629
    ));
#9117 = CARTESIAN_POINT('',(7.885891702194,1.359357697559,2.863975004269
    ));
#9118 = CARTESIAN_POINT('',(7.866167937222,1.758407497886,2.598347251074
    ));
#9119 = CARTESIAN_POINT('',(7.84644650676,2.098374026668,2.25841283692)
  );
#9120 = CARTESIAN_POINT('',(7.826725075389,2.363967059158,1.859338370965
    ));
#9121 = CARTESIAN_POINT('',(7.807003400142,2.54456533655,1.419739848747)
  );
#9122 = CARTESIAN_POINT('',(7.767559221432,2.725160094903,0.500005887496
    ));
#9123 = CARTESIAN_POINT('',(7.728114116536,2.544559546562,
    -0.419737731492));
#9124 = CARTESIAN_POINT('',(7.708391480387,2.363962333377,-0.85934673585
    ));
#9125 = CARTESIAN_POINT('',(7.688669230769,2.098381424928,
    -1.258428024603));
#9126 = CARTESIAN_POINT('',(7.668947331059,1.758427571353,
    -1.598388077571));
#9127 = CARTESIAN_POINT('',(7.649225396203,1.359347570596,
    -1.863972234094));
#9128 = CARTESIAN_POINT('',(7.629503192809,0.919740000832,
    -2.044559964482));
#9129 = CARTESIAN_POINT('',(7.590058604857,-5.007701750022E-07,
    -2.225145204919));
#9130 = CARTESIAN_POINT('',(7.550614016904,-0.91973997942,
    -2.044554754549));
#9131 = CARTESIAN_POINT('',(7.530891813513,-1.359345937023,
    -1.863967033258));
#9132 = CARTESIAN_POINT('',(7.511169878653,-1.758428555977,
    -1.598395181581));
#9133 = CARTESIAN_POINT('',(7.491447978937,-2.098392697578,
    -1.258441195818));
#9134 = CARTESIAN_POINT('',(7.471725729324,-2.363977530128,
    -0.859352967815));
#9135 = CARTESIAN_POINT('',(7.452003093182,-2.544560528969,
    -0.419738674583));
#9136 = CARTESIAN_POINT('',(7.412557988271,-2.725138908708,
    0.500006286399));
#9137 = CARTESIAN_POINT('',(7.373113809566,-2.54455264936,1.419738905648
    ));
#9138 = CARTESIAN_POINT('',(7.353392134503,-2.363973167836,
    1.859342494024));
#9139 = CARTESIAN_POINT('',(7.333670702432,-2.098402018421,
    2.258414724466));
#9140 = CARTESIAN_POINT('',(7.313949273143,-1.758470621045,
    2.598411427497));
#9141 = CARTESIAN_POINT('',(7.294225507071,-1.359306749534,
    2.863988860753));
#9142 = CARTESIAN_POINT('',(7.274500147999,-0.919716466927,
    3.044524628869));
#9143 = CARTESIAN_POINT('',(7.254780988121,-0.459888907958,
    3.134857539081));
#9144 = CARTESIAN_POINT('',(7.235059292163,9.724331724549E-08,
    3.13486676146));
#9145 = ADVANCED_FACE('',(#9146),#9191,.F.);
#9146 = FACE_BOUND('',#9147,.F.);
#9147 = EDGE_LOOP('',(#9148,#9184,#9189,#9190));
#9148 = ORIENTED_EDGE('',*,*,#9149,.F.);
#9149 = EDGE_CURVE('',#9150,#8675,#9152,.T.);
#9150 = VERTEX_POINT('',#9151);
#9151 = CARTESIAN_POINT('',(8.655056542844,-7.605143551191E-10,
    3.134818495274));
#9152 = B_SPLINE_CURVE_WITH_KNOTS('',9,(#9153,#9154,#9155,#9156,#9157,
    #9158,#9159,#9160,#9161,#9162,#9163,#9164,#9165,#9166,#9167,#9168,
    #9169,#9170,#9171,#9172,#9173,#9174,#9175,#9176,#9177,#9178,#9179,
    #9180,#9181,#9182,#9183),.UNSPECIFIED.,.F.,.F.,(10,7,7,7,10),(0.,
    1.58079326614,3.161586532279,4.742379798419,6.323173064558),
  .UNSPECIFIED.);
#9153 = CARTESIAN_POINT('',(8.655056542844,-7.605170051191E-10,
    3.134818495274));
#9154 = CARTESIAN_POINT('',(8.635334846934,0.459884793329,3.134827734761
    ));
#9155 = CARTESIAN_POINT('',(8.615615687311,0.919711762877,3.044602335312
    ));
#9156 = CARTESIAN_POINT('',(8.595890327524,1.359345202455,2.863953378207
    ));
#9157 = CARTESIAN_POINT('',(8.576166562484,1.758391353611,2.59832806431)
  );
#9158 = CARTESIAN_POINT('',(8.556445132056,2.098354774378,2.258396770027
    ));
#9159 = CARTESIAN_POINT('',(8.536723700722,2.363945381922,1.859325964394
    ));
#9160 = CARTESIAN_POINT('',(8.517002025499,2.544542013384,1.419731472008
    ));
#9161 = CARTESIAN_POINT('',(8.477557846801,2.725135134785,0.500005938184
    ));
#9162 = CARTESIAN_POINT('',(8.438112741875,2.544536257596,
    -0.419729260183));
#9163 = CARTESIAN_POINT('',(8.418390105707,2.363940706614,
    -0.859334241516));
#9164 = CARTESIAN_POINT('',(8.398667856089,2.098362238059,
    -1.258411879844));
#9165 = CARTESIAN_POINT('',(8.378945956392,1.758411504648,
    -1.598368825279));
#9166 = CARTESIAN_POINT('',(8.35922402155,1.359335164238,-1.863950556723
    ));
#9167 = CARTESIAN_POINT('',(8.339501818156,0.919731624241,
    -2.044536641291));
#9168 = CARTESIAN_POINT('',(8.300057230198,-4.500900544175E-07,
    -2.225120244825));
#9169 = CARTESIAN_POINT('',(8.260612642239,-0.919731508185,
    -2.044531465566));
#9170 = CARTESIAN_POINT('',(8.240890438849,-1.359333442738,
    -1.863945406447));
#9171 = CARTESIAN_POINT('',(8.221168504001,-1.758412411223,
    -1.598375994691));
#9172 = CARTESIAN_POINT('',(8.201446604301,-2.098373445304,
    -1.258425129106));
#9173 = CARTESIAN_POINT('',(8.181724354685,-2.363955852803,
    -0.859340561407));
#9174 = CARTESIAN_POINT('',(8.162001718525,-2.544537205794,
    -0.419730297918));
#9175 = CARTESIAN_POINT('',(8.122556613584,-2.725113948593,
    0.500006235727));
#9176 = CARTESIAN_POINT('',(8.083112434892,-2.544529360405,
    1.419730434265));
#9177 = CARTESIAN_POINT('',(8.063390759852,-2.363951541159,
    1.859329999526));
#9178 = CARTESIAN_POINT('',(8.043669327818,-2.098382831532,
    2.258398579523));
#9179 = CARTESIAN_POINT('',(8.023947898564,-1.758454554807,
    2.598392175322));
#9180 = CARTESIAN_POINT('',(8.004224132423,-1.35929434236,2.863967184124
    ));
#9181 = CARTESIAN_POINT('',(7.984498773209,-0.919708089511,
    3.044501305351));
#9182 = CARTESIAN_POINT('',(7.964779613469,-0.459884745846,
    3.134833397439));
#9183 = CARTESIAN_POINT('',(7.945057917535,4.824284902018E-08,
    3.134842628375));
#9184 = ORIENTED_EDGE('',*,*,#9185,.T.);
#9185 = EDGE_CURVE('',#9150,#8893,#9186,.T.);
#9186 = B_SPLINE_CURVE_WITH_KNOTS('',1,(#9187,#9188),.UNSPECIFIED.,.F.,
  .F.,(2,2),(0.,4.010346187924E-02),.PIECEWISE_BEZIER_KNOTS.);
#9187 = CARTESIAN_POINT('',(8.655056542844,-7.604842151191E-10,
    3.134818495274));
#9188 = CARTESIAN_POINT('',(8.614953080967,-2.499851730958E-11,
    3.134818134726));
#9189 = ORIENTED_EDGE('',*,*,#8892,.T.);
#9190 = ORIENTED_EDGE('',*,*,#8710,.F.);
#9191 = B_SPLINE_SURFACE_WITH_KNOTS('',1,9,(
    (#9192,#9193,#9194,#9195,#9196,#9197,#9198,#9199,#9200,#9201,#9202
      ,#9203,#9204,#9205,#9206,#9207,#9208,#9209,#9210,#9211,#9212,#9213
      ,#9214,#9215,#9216,#9217,#9218,#9219,#9220,#9221,#9222)
    ,(#9223,#9224,#9225,#9226,#9227,#9228,#9229,#9230,#9231,#9232,#9233
      ,#9234,#9235,#9236,#9237,#9238,#9239,#9240,#9241,#9242,#9243,#9244
      ,#9245,#9246,#9247,#9248,#9249,#9250,#9251,#9252,#9253
  )),.UNSPECIFIED.,.F.,.F.,.F.,(2,2),(10,7,7,7,10),(0.,
    4.010346187924E-02),(0.,1.58079326614,3.161586532279,4.742379798419,
    6.323173064558),.UNSPECIFIED.);
#9192 = CARTESIAN_POINT('',(8.655056542844,-7.605170051191E-10,
    3.134818495274));
#9193 = CARTESIAN_POINT('',(8.635334846934,0.459884793329,3.134827734761
    ));
#9194 = CARTESIAN_POINT('',(8.615615687311,0.919711762877,3.044602335312
    ));
#9195 = CARTESIAN_POINT('',(8.595890327524,1.359345202455,2.863953378207
    ));
#9196 = CARTESIAN_POINT('',(8.576166562484,1.758391353611,2.59832806431)
  );
#9197 = CARTESIAN_POINT('',(8.556445132056,2.098354774378,2.258396770027
    ));
#9198 = CARTESIAN_POINT('',(8.536723700722,2.363945381922,1.859325964394
    ));
#9199 = CARTESIAN_POINT('',(8.517002025499,2.544542013384,1.419731472008
    ));
#9200 = CARTESIAN_POINT('',(8.477557846801,2.725135134785,0.500005938184
    ));
#9201 = CARTESIAN_POINT('',(8.438112741875,2.544536257596,
    -0.419729260183));
#9202 = CARTESIAN_POINT('',(8.418390105707,2.363940706614,
    -0.859334241516));
#9203 = CARTESIAN_POINT('',(8.398667856089,2.098362238059,
    -1.258411879844));
#9204 = CARTESIAN_POINT('',(8.378945956392,1.758411504648,
    -1.598368825279));
#9205 = CARTESIAN_POINT('',(8.35922402155,1.359335164237,-1.863950556723
    ));
#9206 = CARTESIAN_POINT('',(8.339501818156,0.919731624241,
    -2.044536641291));
#9207 = CARTESIAN_POINT('',(8.300057230198,-4.500900694075E-07,
    -2.225120244825));
#9208 = CARTESIAN_POINT('',(8.260612642239,-0.919731508185,
    -2.044531465566));
#9209 = CARTESIAN_POINT('',(8.240890438849,-1.359333442738,
    -1.863945406447));
#9210 = CARTESIAN_POINT('',(8.221168504001,-1.758412411223,
    -1.598375994691));
#9211 = CARTESIAN_POINT('',(8.201446604301,-2.098373445304,
    -1.258425129105));
#9212 = CARTESIAN_POINT('',(8.181724354685,-2.363955852803,
    -0.859340561407));
#9213 = CARTESIAN_POINT('',(8.162001718525,-2.544537205794,
    -0.419730297918));
#9214 = CARTESIAN_POINT('',(8.122556613584,-2.725113948593,
    0.500006235727));
#9215 = CARTESIAN_POINT('',(8.083112434892,-2.544529360405,
    1.419730434265));
#9216 = CARTESIAN_POINT('',(8.063390759852,-2.363951541159,
    1.859329999526));
#9217 = CARTESIAN_POINT('',(8.043669327818,-2.098382831532,
    2.258398579523));
#9218 = CARTESIAN_POINT('',(8.023947898564,-1.758454554807,
    2.598392175322));
#9219 = CARTESIAN_POINT('',(8.004224132423,-1.35929434236,2.863967184124
    ));
#9220 = CARTESIAN_POINT('',(7.984498773209,-0.919708089511,
    3.044501305351));
#9221 = CARTESIAN_POINT('',(7.964779613469,-0.459884745846,
    3.134833397439));
#9222 = CARTESIAN_POINT('',(7.945057917535,4.824284902018E-08,
    3.134842628375));
#9223 = CARTESIAN_POINT('',(8.614953080967,-2.503064730958E-11,
    3.134818134726));
#9224 = CARTESIAN_POINT('',(8.595231385057,0.459884722163,3.134827334646
    ));
#9225 = CARTESIAN_POINT('',(8.575512225436,0.919711611999,3.044601721453
    ));
#9226 = CARTESIAN_POINT('',(8.555786865647,1.359344882062,2.86395303756)
  );
#9227 = CARTESIAN_POINT('',(8.536063100604,1.758391214181,2.598327872424
    ));
#9228 = CARTESIAN_POINT('',(8.516341670179,2.098354506658,2.258396498225
    ));
#9229 = CARTESIAN_POINT('',(8.496620238844,2.363945025808,1.859325759671
    ));
#9230 = CARTESIAN_POINT('',(8.476898563622,2.544541588737,1.41973132515)
  );
#9231 = CARTESIAN_POINT('',(8.437454384925,2.725134663392,0.500005937954
    ));
#9232 = CARTESIAN_POINT('',(8.398009279998,2.544535861393,
    -0.419729119373));
#9233 = CARTESIAN_POINT('',(8.37828664383,2.363940368815,-0.859334043174
    ));
#9234 = CARTESIAN_POINT('',(8.358564394211,2.098361933259,
    -1.258411633794));
#9235 = CARTESIAN_POINT('',(8.338842494515,1.758411230923,
    -1.598368512979));
#9236 = CARTESIAN_POINT('',(8.319120559673,1.359334947232,
    -1.863950176469));
#9237 = CARTESIAN_POINT('',(8.299398356279,0.919731479353,
    -2.044536232601));
#9238 = CARTESIAN_POINT('',(8.259953768321,-4.490343257797E-07,
    -2.22511981865));
#9239 = CARTESIAN_POINT('',(8.220509180361,-0.919731365408,
    -2.044531078386));
#9240 = CARTESIAN_POINT('',(8.200786976972,-1.359333234583,
    -1.863945047314));
#9241 = CARTESIAN_POINT('',(8.181065042124,-1.75841213496,
    -1.598375650671));
#9242 = CARTESIAN_POINT('',(8.161343142424,-2.098373093783,
    -1.258424825167));
#9243 = CARTESIAN_POINT('',(8.141620892808,-2.363955451215,
    -0.859340334586));
#9244 = CARTESIAN_POINT('',(8.121898256648,-2.544536806128,
    -0.419730151061));
#9245 = CARTESIAN_POINT('',(8.082453151706,-2.725113567635,
    0.500006235957));
#9246 = CARTESIAN_POINT('',(8.043008973014,-2.544528989184,
    1.419730293454));
#9247 = CARTESIAN_POINT('',(8.023287297975,-2.36395115789,1.85932977908)
  );
#9248 = CARTESIAN_POINT('',(8.003565865943,-2.098382442931,2.25839830133
    ));
#9249 = CARTESIAN_POINT('',(7.983844436686,-1.758454144265,
    2.598391710891));
#9250 = CARTESIAN_POINT('',(7.964120670547,-1.359294237565,
    2.863966785409));
#9251 = CARTESIAN_POINT('',(7.944395311329,-0.919707952696,
    3.044501123329));
#9252 = CARTESIAN_POINT('',(7.924676151592,-0.459884673209,
    3.134832973444));
#9253 = CARTESIAN_POINT('',(7.904954455659,4.897837201799E-08,
    3.134842164813));
#9254 = ADVANCED_FACE('',(#9255),#9358,.T.);
#9255 = FACE_BOUND('',#9256,.T.);
#9256 = EDGE_LOOP('',(#9257,#9258,#9259,#9302,#9310,#9357));
#9257 = ORIENTED_EDGE('',*,*,#8828,.F.);
#9258 = ORIENTED_EDGE('',*,*,#9038,.F.);
#9259 = ORIENTED_EDGE('',*,*,#9260,.F.);
#9260 = EDGE_CURVE('',#9261,#9039,#9263,.T.);
#9261 = VERTEX_POINT('',#9262);
#9262 = CARTESIAN_POINT('',(8.606145405245,-4.333398182035E-15,-2.665));
#9263 = B_SPLINE_CURVE_WITH_KNOTS('',7,(#9264,#9265,#9266,#9267,#9268,
    #9269,#9270,#9271,#9272,#9273,#9274,#9275,#9276,#9277,#9278,#9279,
    #9280,#9281,#9282,#9283,#9284,#9285,#9286,#9287,#9288,#9289,#9290,
    #9291,#9292,#9293,#9294,#9295,#9296,#9297,#9298,#9299,#9300,#9301),
  .UNSPECIFIED.,.F.,.F.,(8,6,6,6,6,6,8),(0.,4.785816611175E-02,
    0.279847704795,0.521939239741,0.733684489657,0.896781131628,1.),
  .UNSPECIFIED.);
#9264 = CARTESIAN_POINT('',(8.606145405245,-4.663398182035E-15,-2.665));
#9265 = CARTESIAN_POINT('',(8.603718666426,-6.797278244958E-02,-2.665));
#9266 = CARTESIAN_POINT('',(8.601291911983,-0.135945632161,
    -2.663296886131));
#9267 = CARTESIAN_POINT('',(8.598865139719,-0.203867222625,
    -2.659890661095));
#9268 = CARTESIAN_POINT('',(8.596438348011,-0.271686366001,
    -2.654783248903));
#9269 = CARTESIAN_POINT('',(8.594011535798,-0.339352013117,
    -2.647978494874));
#9270 = CARTESIAN_POINT('',(8.591584702592,-0.406813253466,
    -2.639482165636));
#9271 = CARTESIAN_POINT('',(8.57739382125,-0.799796596881,
    -2.579953971053));
#9272 = CARTESIAN_POINT('',(8.565623721613,-1.119733293752,
    -2.491014551988));
#9273 = CARTESIAN_POINT('',(8.553857566579,-1.42777346898,
    -2.363336626241));
#9274 = CARTESIAN_POINT('',(8.542092361,-1.718390358551,-2.198956872199)
  );
#9275 = CARTESIAN_POINT('',(8.530326011193,-1.986528903474,
    -2.000734596235));
#9276 = CARTESIAN_POINT('',(8.518555772563,-2.227596067425,
    -1.772357100192));
#9277 = CARTESIAN_POINT('',(8.494515646361,-2.657035974046,
    -1.253742212945));
#9278 = CARTESIAN_POINT('',(8.482233464855,-2.842886488548,
    -0.960966821455));
#9279 = CARTESIAN_POINT('',(8.469957892016,-2.990778393017,
    -0.645571874704));
#9280 = CARTESIAN_POINT('',(8.457684643211,-3.097627856206,
    -0.313505946796));
#9281 = CARTESIAN_POINT('',(8.445409636147,-3.161414497122,
    2.895180769237E-02));
#9282 = CARTESIAN_POINT('',(8.433127699494,-3.181174247188,
    0.375170799856));
#9283 = CARTESIAN_POINT('',(8.410114091183,-3.136736945002,
    1.018219383256));
#9284 = CARTESIAN_POINT('',(8.399372355319,-3.082736587115,
    1.316045187142));
#9285 = CARTESIAN_POINT('',(8.388632267195,-2.995751039987,
    1.607062706266));
#9286 = CARTESIAN_POINT('',(8.377893203005,-2.87688781075,1.886949380314
    ));
#9287 = CARTESIAN_POINT('',(8.367152694297,-2.727879055984,
    2.151626570583));
#9288 = CARTESIAN_POINT('',(8.35641069373,-2.551066162894,2.397295805423
    ));
#9289 = CARTESIAN_POINT('',(8.337402888067,-2.194366963242,
    2.792517867531));
#9290 = CARTESIAN_POINT('',(8.329132191648,-2.024462383703,
    2.951249828776));
#9291 = CARTESIAN_POINT('',(8.320862950292,-1.841240477157,
    3.095203512726));
#9292 = CARTESIAN_POINT('',(8.312594750377,-1.646255973035,
    3.223066120922));
#9293 = CARTESIAN_POINT('',(8.30432607956,-1.44120210638,3.333727275844)
  );
#9294 = CARTESIAN_POINT('',(8.296055823586,-1.227902633436,
    3.426284282653));
#9295 = CARTESIAN_POINT('',(8.282551038722,-0.869365040667,
    3.546788695676));
#9296 = CARTESIAN_POINT('',(8.277316223326,-0.727876183464,
    3.585985112401));
#9297 = CARTESIAN_POINT('',(8.272080884445,-0.584352292192,
    3.617507849836));
#9298 = CARTESIAN_POINT('',(8.26684494433,-0.439292950561,3.641232956773
    ));
#9299 = CARTESIAN_POINT('',(8.261608443808,-0.293204938778,
    3.657077551605));
#9300 = CARTESIAN_POINT('',(8.256371830648,-0.146601261505,
    3.664999984573));
#9301 = CARTESIAN_POINT('',(8.251136247914,-1.758185087057E-07,3.665));
#9302 = ORIENTED_EDGE('',*,*,#9303,.T.);
#9303 = EDGE_CURVE('',#9261,#9304,#9306,.T.);
#9304 = VERTEX_POINT('',#9305);
#9305 = CARTESIAN_POINT('',(8.663837396107,-4.359018572671E-15,-2.665));
#9306 = LINE('',#9307,#9308);
#9307 = CARTESIAN_POINT('',(6.446202902092,-4.304191022488E-15,-2.665));
#9308 = VECTOR('',#9309,1.);
#9309 = DIRECTION('',(1.,-8.840892098501E-16,4.4E-16));
#9310 = ORIENTED_EDGE('',*,*,#9311,.T.);
#9311 = EDGE_CURVE('',#9304,#8929,#9312,.T.);
#9312 = B_SPLINE_CURVE_WITH_KNOTS('',7,(#9313,#9314,#9315,#9316,#9317,
    #9318,#9319,#9320,#9321,#9322,#9323,#9324,#9325,#9326,#9327,#9328,
    #9329,#9330,#9331,#9332,#9333,#9334,#9335,#9336,#9337,#9338,#9339,
    #9340,#9341,#9342,#9343,#9344,#9345,#9346,#9347,#9348,#9349,#9350,
    #9351,#9352,#9353,#9354,#9355,#9356),.UNSPECIFIED.,.F.,.F.,(8,6,6,6,
    6,6,6,8),(0.,4.587325632972E-02,0.205879837674,0.279885328231,
    0.521560106508,0.733261164311,0.892016703785,1.),.UNSPECIFIED.);
#9313 = CARTESIAN_POINT('',(8.663837396107,-4.249018572671E-15,-2.665));
#9314 = CARTESIAN_POINT('',(8.661511065088,-6.515557169789E-02,-2.665));
#9315 = CARTESIAN_POINT('',(8.659184747244,-0.130311206651,
    -2.663435135797));
#9316 = CARTESIAN_POINT('',(8.656858444475,-0.195421703961,
    -2.660305408959));
#9317 = CARTESIAN_POINT('',(8.654532158591,-0.260441975774,
    -2.655612443591));
#9318 = CARTESIAN_POINT('',(8.652205891308,-0.325327047277,
    -2.649359486333));
#9319 = CARTESIAN_POINT('',(8.649879644252,-0.390032056699,
    -2.64155140636));
#9320 = CARTESIAN_POINT('',(8.639439511489,-0.679420120381,
    -2.599558352199));
#9321 = CARTESIAN_POINT('',(8.631324977549,-0.901618375366,
    -2.548077266055));
#9322 = CARTESIAN_POINT('',(8.623211352654,-1.119168193568,
    -2.478025630956));
#9323 = CARTESIAN_POINT('',(8.615098368725,-1.330221355949,
    -2.389928241912));
#9324 = CARTESIAN_POINT('',(8.606985095362,-1.533013363091,
    -2.28452163439));
#9325 = CARTESIAN_POINT('',(8.598871136734,-1.725871382452,
    -2.162750766058));
#9326 = CARTESIAN_POINT('',(8.58700538069,-1.991121416606,
    -1.962459991227));
#9327 = CARTESIAN_POINT('',(8.583252836431,-2.072552028101,
    -1.895868150514));
#9328 = CARTESIAN_POINT('',(8.579500241143,-2.151376910429,
    -1.826140536967));
#9329 = CARTESIAN_POINT('',(8.575747587267,-2.227451720331,
    -1.753399929322));
#9330 = CARTESIAN_POINT('',(8.57199486987,-2.300639726246,
    -1.677777066723));
#9331 = CARTESIAN_POINT('',(8.568242086635,-2.370811808316,
    -1.599410648725));
#9332 = CARTESIAN_POINT('',(8.552233810783,-2.656757029336,
    -1.254050860453));
#9333 = CARTESIAN_POINT('',(8.539970836748,-2.84233373434,
    -0.961808867364));
#9334 = CARTESIAN_POINT('',(8.527712711701,-2.990086943193,
    -0.647016946907));
#9335 = CARTESIAN_POINT('',(8.515455685646,-3.096946455218,
    -0.31559210623));
#9336 = CARTESIAN_POINT('',(8.5031971285,-3.160898346748,
    2.621946999256E-02));
#9337 = CARTESIAN_POINT('',(8.490934029956,-3.180978267368,
    0.371821796389));
#9338 = CARTESIAN_POINT('',(8.467943331282,-3.137378262821,
    1.014291143936));
#9339 = CARTESIAN_POINT('',(8.457205297612,-3.083761294093,
    1.312130759158));
#9340 = CARTESIAN_POINT('',(8.44647057674,-2.997162433677,1.603206180305
    ));
#9341 = CARTESIAN_POINT('',(8.435737963575,-2.87868305798,1.883195696453
    ));
#9342 = CARTESIAN_POINT('',(8.425003555498,-2.730049146052,
    2.148020526865));
#9343 = CARTESIAN_POINT('',(8.414265676076,-2.553595917314,
    2.393881091534));
#9344 = CARTESIAN_POINT('',(8.395479679194,-2.201588033104,
    2.784968118131));
#9345 = CARTESIAN_POINT('',(8.387427716667,-2.036792345615,
    2.940043974849));
#9346 = CARTESIAN_POINT('',(8.379375759529,-1.859324479416,
    3.081173656822));
#9347 = CARTESIAN_POINT('',(8.371323719663,-1.670611725692,
    3.207138980448));
#9348 = CARTESIAN_POINT('',(8.363271291501,-1.472207380101,
    3.316903113308));
#9349 = CARTESIAN_POINT('',(8.35521890847,-1.265783886431,3.409615157625
    ));
#9350 = CARTESIAN_POINT('',(8.341692509602,-0.908513401849,
    3.535679763456));
#9351 = CARTESIAN_POINT('',(8.336217003158,-0.76099188286,3.578538167111
    ));
#9352 = CARTESIAN_POINT('',(8.33074213684,-0.611142148104,3.613023203929
    ));
#9353 = CARTESIAN_POINT('',(8.32526795448,-0.459534733102,3.638986470945
    ));
#9354 = CARTESIAN_POINT('',(8.319794247089,-0.306749218303,
    3.656328700378));
#9355 = CARTESIAN_POINT('',(8.314320540477,-0.15337301718,3.664999984417
    ));
#9356 = CARTESIAN_POINT('',(8.308846082863,-1.643247143714E-07,3.665));
#9357 = ORIENTED_EDGE('',*,*,#8935,.T.);
#9358 = CYLINDRICAL_SURFACE('',#9359,3.165);
#9359 = AXIS2_PLACEMENT_3D('',#9360,#9361,#9362);
#9360 = CARTESIAN_POINT('',(6.446202902092,-2.854191022488E-15,0.5));
#9361 = DIRECTION('',(1.,-5.540892098501E-16,4.4E-16));
#9362 = DIRECTION('',(4.4E-16,7.E-17,-1.));
#9363 = ADVANCED_FACE('',(#9364),#9446,.F.);
#9364 = FACE_BOUND('',#9365,.F.);
#9365 = EDGE_LOOP('',(#9366,#9402,#9409,#9444,#9445));
#9366 = ORIENTED_EDGE('',*,*,#9367,.F.);
#9367 = EDGE_CURVE('',#9368,#8893,#9370,.T.);
#9368 = VERTEX_POINT('',#9369);
#9369 = CARTESIAN_POINT('',(9.324951706214,-4.903054365261E-08,
    3.134794104654));
#9370 = B_SPLINE_CURVE_WITH_KNOTS('',9,(#9371,#9372,#9373,#9374,#9375,
    #9376,#9377,#9378,#9379,#9380,#9381,#9382,#9383,#9384,#9385,#9386,
    #9387,#9388,#9389,#9390,#9391,#9392,#9393,#9394,#9395,#9396,#9397,
    #9398,#9399,#9400,#9401),.UNSPECIFIED.,.F.,.F.,(10,7,7,7,10),(0.,
    1.58079326614,3.161586532279,4.742379798419,6.323173064558),
  .UNSPECIFIED.);
#9371 = CARTESIAN_POINT('',(9.324951706214,-4.903054461261E-08,
    3.134794104654));
#9372 = CARTESIAN_POINT('',(9.305230010327,0.45988048002,3.134803313117)
  );
#9373 = CARTESIAN_POINT('',(9.285510850843,0.919703175894,3.044578531615
    ));
#9374 = CARTESIAN_POINT('',(9.265785490915,1.359332440098,2.863931503916
    ));
#9375 = CARTESIAN_POINT('',(9.246061725801,1.758375138646,2.598308767698
    ));
#9376 = CARTESIAN_POINT('',(9.226340295412,2.098335336402,2.258380500082
    ));
#9377 = CARTESIAN_POINT('',(9.206618864113,2.363923440989,1.859313406247
    ));
#9378 = CARTESIAN_POINT('',(9.186897188915,2.54451836505,1.419722984373)
  );
#9379 = CARTESIAN_POINT('',(9.14745301023,2.725109809815,0.500005988646)
  );
#9380 = CARTESIAN_POINT('',(9.108007905273,2.544512671909,
    -0.419720684017));
#9381 = CARTESIAN_POINT('',(9.088285269087,2.363918834475,-0.85932160198
    ));
#9382 = CARTESIAN_POINT('',(9.068563019467,2.09834282843,-1.258395557777
    ));
#9383 = CARTESIAN_POINT('',(9.048841119785,1.758395232968,
    -1.598349342722));
#9384 = CARTESIAN_POINT('',(9.029119184956,1.359322594021,
    -1.863928591517));
#9385 = CARTESIAN_POINT('',(9.009396981563,0.919723138722,
    -2.044513008889));
#9386 = CARTESIAN_POINT('',(8.969952393598,-3.98349905095E-07,
    -2.225094965096));
#9387 = CARTESIAN_POINT('',(8.930507805633,-0.919722930127,
    -2.044507888885));
#9388 = CARTESIAN_POINT('',(8.910785602243,-1.359320793437,
    -1.863923512926));
#9389 = CARTESIAN_POINT('',(8.89106366741,-1.75839605895,-1.598356545822
    ));
#9390 = CARTESIAN_POINT('',(8.871341767722,-2.098353923542,
    -1.258408827203));
#9391 = CARTESIAN_POINT('',(8.851619518107,-2.363933866308,
    -0.859327981326));
#9392 = CARTESIAN_POINT('',(8.831896881928,-2.544513582432,
    -0.419721810356));
#9393 = CARTESIAN_POINT('',(8.792451776957,-2.725088714061,
    0.500006185281));
#9394 = CARTESIAN_POINT('',(8.753007598276,-2.544505799711,
    1.419721858025));
#9395 = CARTESIAN_POINT('',(8.733285923262,-2.363929623635,
    1.859317337723));
#9396 = CARTESIAN_POINT('',(8.713564491264,-2.09836333808,2.25838222513)
  );
#9397 = CARTESIAN_POINT('',(8.693843062044,-1.758438146776,
    2.598372540751));
#9398 = CARTESIAN_POINT('',(8.674119295835,-1.359281883541,
    2.863945201196));
#9399 = CARTESIAN_POINT('',(8.654393936477,-0.919699611246,
    3.044477899294));
#9400 = CARTESIAN_POINT('',(8.634674776877,-0.459880529075,
    3.134808934813));
#9401 = CARTESIAN_POINT('',(8.614953080967,-2.499851730958E-11,
    3.134818134726));
#9402 = ORIENTED_EDGE('',*,*,#9403,.T.);
#9403 = EDGE_CURVE('',#9368,#9404,#9406,.T.);
#9404 = VERTEX_POINT('',#9405);
#9405 = CARTESIAN_POINT('',(9.01883264999,-1.647888645167E-07,3.665));
#9406 = B_SPLINE_CURVE_WITH_KNOTS('',1,(#9407,#9408),.UNSPECIFIED.,.F.,
  .F.,(2,2),(0.,0.659896538121),.PIECEWISE_BEZIER_KNOTS.);
#9407 = CARTESIAN_POINT('',(9.324951706214,-4.903057843261E-08,
    3.134794104654));
#9408 = CARTESIAN_POINT('',(8.99499976721,-1.738012202161E-07,
    3.706279151677));
#9409 = ORIENTED_EDGE('',*,*,#9410,.T.);
#9410 = EDGE_CURVE('',#9404,#9304,#9411,.T.);
#9411 = B_SPLINE_CURVE_WITH_KNOTS('',6,(#9412,#9413,#9414,#9415,#9416,
    #9417,#9418,#9419,#9420,#9421,#9422,#9423,#9424,#9425,#9426,#9427,
    #9428,#9429,#9430,#9431,#9432,#9433,#9434,#9435,#9436,#9437,#9438,
    #9439,#9440,#9441,#9442,#9443),.UNSPECIFIED.,.F.,.F.,(7,5,5,5,5,5,7)
  ,(0.,0.101550566206,0.265382215722,0.474325768286,0.682122159545,
    0.843731856166,1.),.UNSPECIFIED.);
#9412 = CARTESIAN_POINT('',(9.01883264999,-1.647888304167E-07,3.665));
#9413 = CARTESIAN_POINT('',(9.01282618075,0.168278534275,3.665000000401)
  );
#9414 = CARTESIAN_POINT('',(9.006823330206,0.336560809332,3.654263182554
    ));
#9415 = CARTESIAN_POINT('',(9.00081994476,0.503982709553,3.632789920544)
  );
#9416 = CARTESIAN_POINT('',(8.994814632022,0.669691905852,3.600671201831
    ));
#9417 = CARTESIAN_POINT('',(8.988807558593,0.832850636712,3.558088039223
    ));
#9418 = CARTESIAN_POINT('',(8.973106032967,1.250424852801,3.420165433553
    ));
#9419 = CARTESIAN_POINT('',(8.963407972831,1.499483602166,3.308473232798
    ));
#9420 = CARTESIAN_POINT('',(8.953709870903,1.736313788397,3.171375761242
    ));
#9421 = CARTESIAN_POINT('',(8.944013775971,1.957759168208,3.010607953784
    ));
#9422 = CARTESIAN_POINT('',(8.934318039383,2.160952516328,2.828349804831
    ));
#9423 = CARTESIAN_POINT('',(8.912263553145,2.576151458452,2.370975638125
    ));
#9424 = CARTESIAN_POINT('',(8.899899888135,2.77530698032,2.083966126802)
  );
#9425 = CARTESIAN_POINT('',(8.887543115165,2.935638470425,1.772012767791
    ));
#9426 = CARTESIAN_POINT('',(8.875184714204,3.053600595024,1.441700942308
    ));
#9427 = CARTESIAN_POINT('',(8.86281949378,3.126813277825,1.100120592464)
  );
#9428 = CARTESIAN_POINT('',(8.838163638881,3.182453808644,0.41178999075)
  );
#9429 = CARTESIAN_POINT('',(8.825864092189,3.165398503642,
    6.482361199867E-02));
#9430 = CARTESIAN_POINT('',(8.813569017858,3.102873018606,-0.27829441433
    ));
#9431 = CARTESIAN_POINT('',(8.801274629779,2.996056353063,-0.61030298532
    ));
#9432 = CARTESIAN_POINT('',(8.788975869932,2.847336032177,-0.9242439805)
  );
#9433 = CARTESIAN_POINT('',(8.767120734806,2.515883845454,
    -1.438884063235));
#9434 = CARTESIAN_POINT('',(8.757558470194,2.347998054668,
    -1.649338651258));
#9435 = CARTESIAN_POINT('',(8.747997882836,2.15913359084,-1.842123416174
    ));
#9436 = CARTESIAN_POINT('',(8.738437215987,1.951654553928,
    -2.014715886212));
#9437 = CARTESIAN_POINT('',(8.72887482246,1.728266831288,-2.16496465869)
  );
#9438 = CARTESIAN_POINT('',(8.71006811502,1.263723477353,-2.413294240012
    ));
#9439 = CARTESIAN_POINT('',(8.700821452659,1.023342018751,
    -2.512965735563));
#9440 = CARTESIAN_POINT('',(8.69157581152,0.773754910836,-2.588717524514
    ));
#9441 = CARTESIAN_POINT('',(8.682329979915,0.517931805183,
    -2.639576096684));
#9442 = CARTESIAN_POINT('',(8.673083031987,0.258950547728,
    -2.664999999999));
#9443 = CARTESIAN_POINT('',(8.663837396107,-4.099018572671E-15,-2.665));
#9444 = ORIENTED_EDGE('',*,*,#9311,.T.);
#9445 = ORIENTED_EDGE('',*,*,#8928,.F.);
#9446 = B_SPLINE_SURFACE_WITH_KNOTS('',1,9,(
    (#9447,#9448,#9449,#9450,#9451,#9452,#9453,#9454,#9455,#9456,#9457
      ,#9458,#9459,#9460,#9461,#9462,#9463,#9464,#9465,#9466,#9467,#9468
      ,#9469,#9470,#9471,#9472,#9473,#9474,#9475,#9476,#9477)
    ,(#9478,#9479,#9480,#9481,#9482,#9483,#9484,#9485,#9486,#9487,#9488
      ,#9489,#9490,#9491,#9492,#9493,#9494,#9495,#9496,#9497,#9498,#9499
      ,#9500,#9501,#9502,#9503,#9504,#9505,#9506,#9507,#9508
  )),.UNSPECIFIED.,.F.,.F.,.F.,(2,2),(10,7,7,7,10),(0.,0.659896538121),(
    0.,1.58079326614,3.161586532279,4.742379798419,6.323173064558),
  .UNSPECIFIED.);
#9447 = CARTESIAN_POINT('',(9.324951706214,-4.903054461261E-08,
    3.134794104654));
#9448 = CARTESIAN_POINT('',(9.305230010327,0.45988048002,3.134803313117)
  );
#9449 = CARTESIAN_POINT('',(9.285510850843,0.919703175894,3.044578531615
    ));
#9450 = CARTESIAN_POINT('',(9.265785490915,1.359332440098,2.863931503916
    ));
#9451 = CARTESIAN_POINT('',(9.246061725801,1.758375138646,2.598308767698
    ));
#9452 = CARTESIAN_POINT('',(9.226340295412,2.098335336402,2.258380500082
    ));
#9453 = CARTESIAN_POINT('',(9.206618864113,2.363923440989,1.859313406247
    ));
#9454 = CARTESIAN_POINT('',(9.186897188915,2.54451836505,1.419722984373)
  );
#9455 = CARTESIAN_POINT('',(9.14745301023,2.725109809815,0.500005988646)
  );
#9456 = CARTESIAN_POINT('',(9.108007905273,2.544512671909,
    -0.419720684017));
#9457 = CARTESIAN_POINT('',(9.088285269087,2.363918834475,-0.85932160198
    ));
#9458 = CARTESIAN_POINT('',(9.068563019467,2.09834282843,-1.258395557777
    ));
#9459 = CARTESIAN_POINT('',(9.048841119785,1.758395232968,
    -1.598349342722));
#9460 = CARTESIAN_POINT('',(9.029119184956,1.359322594021,
    -1.863928591517));
#9461 = CARTESIAN_POINT('',(9.009396981563,0.919723138722,
    -2.044513008889));
#9462 = CARTESIAN_POINT('',(8.969952393598,-3.98349905095E-07,
    -2.225094965096));
#9463 = CARTESIAN_POINT('',(8.930507805633,-0.919722930127,
    -2.044507888885));
#9464 = CARTESIAN_POINT('',(8.910785602243,-1.359320793437,
    -1.863923512926));
#9465 = CARTESIAN_POINT('',(8.89106366741,-1.75839605895,-1.598356545822
    ));
#9466 = CARTESIAN_POINT('',(8.871341767722,-2.098353923542,
    -1.258408827203));
#9467 = CARTESIAN_POINT('',(8.851619518107,-2.363933866308,
    -0.859327981326));
#9468 = CARTESIAN_POINT('',(8.831896881928,-2.544513582432,
    -0.419721810356));
#9469 = CARTESIAN_POINT('',(8.792451776957,-2.725088714061,
    0.500006185281));
#9470 = CARTESIAN_POINT('',(8.753007598276,-2.544505799711,
    1.419721858025));
#9471 = CARTESIAN_POINT('',(8.733285923262,-2.363929623635,
    1.859317337723));
#9472 = CARTESIAN_POINT('',(8.713564491264,-2.09836333808,2.25838222513)
  );
#9473 = CARTESIAN_POINT('',(8.693843062044,-1.758438146776,
    2.598372540751));
#9474 = CARTESIAN_POINT('',(8.674119295835,-1.359281883541,
    2.863945201196));
#9475 = CARTESIAN_POINT('',(8.654393936477,-0.919699611246,
    3.044477899294));
#9476 = CARTESIAN_POINT('',(8.634674776877,-0.459880529075,
    3.134808934813));
#9477 = CARTESIAN_POINT('',(8.614953080967,-2.499851730958E-11,
    3.134818134726));
#9478 = CARTESIAN_POINT('',(8.99499976721,-1.738011858361E-07,
    3.706279151677));
#9479 = CARTESIAN_POINT('',(8.97527750931,0.559601764997,3.706288057429)
  );
#9480 = CARTESIAN_POINT('',(8.955555079468,1.119205312314,3.596485386396
    ));
#9481 = CARTESIAN_POINT('',(8.935833069715,1.654181135585,3.376647368628
    ));
#9482 = CARTESIAN_POINT('',(8.916110952679,2.13975729189,3.053437440032)
  );
#9483 = CARTESIAN_POINT('',(8.896388676161,2.553466008766,2.639777479707
    ));
#9484 = CARTESIAN_POINT('',(8.876666400667,2.876653498341,2.154149004756
    ));
#9485 = CARTESIAN_POINT('',(8.856944141258,3.096418188854,1.61920941966)
  );
#9486 = CARTESIAN_POINT('',(8.81749967879,3.316178466439,0.500005965708)
  );
#9487 = CARTESIAN_POINT('',(8.778055279141,3.096413078262,
    -0.619205130086));
#9488 = CARTESIAN_POINT('',(8.758333084986,2.876651275165,
    -1.154153087779));
#9489 = CARTESIAN_POINT('',(8.738610864619,2.553472968186,
    -1.639788211218));
#9490 = CARTESIAN_POINT('',(8.718888620528,2.139787738464,
    -2.053479652201));
#9491 = CARTESIAN_POINT('',(8.699166378821,1.654153038841,
    -2.376661626322));
#9492 = CARTESIAN_POINT('',(8.67944415532,1.119206094518,-2.596413599419
    ));
#9493 = CARTESIAN_POINT('',(8.639999720608,-2.272980575784E-07,
    -2.816163477785));
#9494 = CARTESIAN_POINT('',(8.600555285895,-1.119205600084,
    -2.596408765975));
#9495 = CARTESIAN_POINT('',(8.580833062397,-1.654151029377,
    -2.376656883483));
#9496 = CARTESIAN_POINT('',(8.561110820686,-2.139788293526,
    -2.053486803859));
#9497 = CARTESIAN_POINT('',(8.54138857659,-2.553483469356,
    -1.639801254413));
#9498 = CARTESIAN_POINT('',(8.521666356228,-2.876665620192,
    -1.15415951451));
#9499 = CARTESIAN_POINT('',(8.501944162079,-3.096413850695,
    -0.619206509895));
#9500 = CARTESIAN_POINT('',(8.462499762416,-3.316158114741,
    0.500005841403));
#9501 = CARTESIAN_POINT('',(8.423055299953,-3.096406172675,
    1.619208039844));
#9502 = CARTESIAN_POINT('',(8.403333040721,-2.876659619553,2.15415252518
    ));
#9503 = CARTESIAN_POINT('',(8.383610764553,-2.55349322543,2.639778902125
    ));
#9504 = CARTESIAN_POINT('',(8.363888489163,-2.139818319486,
    3.053498761177));
#9505 = CARTESIAN_POINT('',(8.34416637107,-1.654132634554,3.376660426161
    ));
#9506 = CARTESIAN_POINT('',(8.324444361867,-1.119202166592,
    3.596388197429));
#9507 = CARTESIAN_POINT('',(8.304721931913,-0.559602115922,
    3.706293427869));
#9508 = CARTESIAN_POINT('',(8.28499967399,-1.771240246008E-07,
    3.7063023342));
#9509 = ADVANCED_FACE('',(#9510),#9557,.F.);
#9510 = FACE_BOUND('',#9511,.F.);
#9511 = EDGE_LOOP('',(#9512,#9549,#9554,#9555,#9556));
#9512 = ORIENTED_EDGE('',*,*,#9513,.F.);
#9513 = EDGE_CURVE('',#9514,#9261,#9516,.T.);
#9514 = VERTEX_POINT('',#9515);
#9515 = CARTESIAN_POINT('',(8.96115062192,-1.762859124911E-07,3.665));
#9516 = B_SPLINE_CURVE_WITH_KNOTS('',6,(#9517,#9518,#9519,#9520,#9521,
    #9522,#9523,#9524,#9525,#9526,#9527,#9528,#9529,#9530,#9531,#9532,
    #9533,#9534,#9535,#9536,#9537,#9538,#9539,#9540,#9541,#9542,#9543,
    #9544,#9545,#9546,#9547,#9548),.UNSPECIFIED.,.F.,.F.,(7,5,5,5,5,5,7)
  ,(0.,9.800523354132E-02,0.268199874681,0.471076704908,0.684322698298,
    0.845078200325,1.),.UNSPECIFIED.);
#9517 = CARTESIAN_POINT('',(8.96115062192,-1.762859452711E-07,3.665));
#9518 = CARTESIAN_POINT('',(8.955350738933,0.162403369336,3.665000000977
    ));
#9519 = CARTESIAN_POINT('',(8.9495470666,0.324809519871,3.654999847448)
  );
#9520 = CARTESIAN_POINT('',(8.943743986775,0.486442597086,3.634999907299
    ));
#9521 = CARTESIAN_POINT('',(8.937942673324,0.646536370087,3.605079066081
    ));
#9522 = CARTESIAN_POINT('',(8.932142845503,0.804336652743,3.565394339042
    ));
#9523 = CARTESIAN_POINT('',(8.916275225396,1.227870734674,3.430716327399
    ));
#9524 = CARTESIAN_POINT('',(8.906208448133,1.487543931237,3.316498488097
    ));
#9525 = CARTESIAN_POINT('',(8.896145860674,1.734175996659,3.174763397285
    ));
#9526 = CARTESIAN_POINT('',(8.886080909045,1.96422160439,3.007445751507)
  );
#9527 = CARTESIAN_POINT('',(8.876011759083,2.174467882021,2.81699250273)
  );
#9528 = CARTESIAN_POINT('',(8.853939461038,2.585927128102,2.355593310469
    ));
#9529 = CARTESIAN_POINT('',(8.841929987743,2.777771781535,2.076079373021
    ));
#9530 = CARTESIAN_POINT('',(8.829923497398,2.932957089327,1.773215451686
    ));
#9531 = CARTESIAN_POINT('',(8.817918481797,3.048241385002,1.453030239018
    ));
#9532 = CARTESIAN_POINT('',(8.80591038679,3.121434049235,1.122008841058)
  );
#9533 = CARTESIAN_POINT('',(8.781291113626,3.184008145691,0.435300740401
    ));
#9534 = CARTESIAN_POINT('',(8.768671136441,3.168938885057,
    7.895148936848E-02));
#9535 = CARTESIAN_POINT('',(8.756057970897,3.105918416517,
    -0.273618845969));
#9536 = CARTESIAN_POINT('',(8.743444114868,2.996200616169,
    -0.614557608519));
#9537 = CARTESIAN_POINT('',(8.730823417299,2.842360318288,
    -0.936343068857));
#9538 = CARTESIAN_POINT('',(8.708696391206,2.503190205024,
    -1.455051241096));
#9539 = CARTESIAN_POINT('',(8.699184028755,2.334868468598,
    -1.663310844545));
#9540 = CARTESIAN_POINT('',(8.68967288967,2.145900690462,-1.853959685222
    ));
#9541 = CARTESIAN_POINT('',(8.680161803042,1.938628073878,
    -2.024528810394));
#9542 = CARTESIAN_POINT('',(8.670649486819,1.715724962043,-2.17291495791
    ));
#9543 = CARTESIAN_POINT('',(8.65197300925,1.25335894942,-2.417571083284)
  );
#9544 = CARTESIAN_POINT('',(8.642806551531,1.014735502286,
    -2.515566048186));
#9545 = CARTESIAN_POINT('',(8.633641567086,0.767139805622,
    -2.590026864376));
#9546 = CARTESIAN_POINT('',(8.624476801724,0.513467775401,
    -2.640012374678));
#9547 = CARTESIAN_POINT('',(8.615310695247,0.256719123932,-2.665));
#9548 = CARTESIAN_POINT('',(8.606145405245,-4.843398182035E-15,-2.665));
#9549 = ORIENTED_EDGE('',*,*,#9550,.T.);
#9550 = EDGE_CURVE('',#9514,#9150,#9551,.T.);
#9551 = B_SPLINE_CURVE_WITH_KNOTS('',1,(#9552,#9553),.UNSPECIFIED.,.F.,
  .F.,(2,2),(0.,0.659896538121),.PIECEWISE_BEZIER_KNOTS.);
#9552 = CARTESIAN_POINT('',(8.984999673962,-1.899618224016E-07,
    3.706308627518));
#9553 = CARTESIAN_POINT('',(8.655056542844,-7.604842151191E-10,
    3.134818495274));
#9554 = ORIENTED_EDGE('',*,*,#9149,.T.);
#9555 = ORIENTED_EDGE('',*,*,#9075,.F.);
#9556 = ORIENTED_EDGE('',*,*,#9260,.F.);
#9557 = B_SPLINE_SURFACE_WITH_KNOTS('',1,9,(
    (#9558,#9559,#9560,#9561,#9562,#9563,#9564,#9565,#9566,#9567,#9568
      ,#9569,#9570,#9571,#9572,#9573,#9574,#9575,#9576,#9577,#9578,#9579
      ,#9580,#9581,#9582,#9583,#9584,#9585,#9586,#9587,#9588)
    ,(#9589,#9590,#9591,#9592,#9593,#9594,#9595,#9596,#9597,#9598,#9599
      ,#9600,#9601,#9602,#9603,#9604,#9605,#9606,#9607,#9608,#9609,#9610
      ,#9611,#9612,#9613,#9614,#9615,#9616,#9617,#9618,#9619
  )),.UNSPECIFIED.,.F.,.F.,.F.,(2,2),(10,7,7,7,10),(0.,0.659896538121),(
    0.,1.58079326614,3.161586532279,4.742379798419,6.323173064558),
  .UNSPECIFIED.);
#9558 = CARTESIAN_POINT('',(8.984999673962,-1.899618546416E-07,
    3.706308627518));
#9559 = CARTESIAN_POINT('',(8.965277416033,0.559607049114,3.706318224495
    ));
#9560 = CARTESIAN_POINT('',(8.945554986021,1.119216035563,3.596518490798
    ));
#9561 = CARTESIAN_POINT('',(8.925832976424,1.654198685735,3.376674114825
    ));
#9562 = CARTESIAN_POINT('',(8.906110859518,2.139775193869,3.05345925404)
  );
#9563 = CARTESIAN_POINT('',(8.886388582911,2.55348914213,2.639797698141)
  );
#9564 = CARTESIAN_POINT('',(8.866666307398,2.876680511672,2.154164541271
    ));
#9565 = CARTESIAN_POINT('',(8.846944047951,3.096447987922,1.619220078502
    ));
#9566 = CARTESIAN_POINT('',(8.807499585468,3.316210671522,0.500005973159
    ));
#9567 = CARTESIAN_POINT('',(8.768055185857,3.096442383168,
    -0.619215676885));
#9568 = CARTESIAN_POINT('',(8.748332991724,2.876677972311,
    -1.154168506798));
#9569 = CARTESIAN_POINT('',(8.72861077136,2.553496753179,-1.639807974692
    ));
#9570 = CARTESIAN_POINT('',(8.708888527251,2.139807990298,
    -2.053503563709));
#9571 = CARTESIAN_POINT('',(8.689166285527,1.654168789543,
    -2.376689061143));
#9572 = CARTESIAN_POINT('',(8.669444062025,1.119216718838,
    -2.596443119967));
#9573 = CARTESIAN_POINT('',(8.629999627321,-2.42288287054E-07,
    -2.816194893577));
#9574 = CARTESIAN_POINT('',(8.590555192616,-1.119216181125,
    -2.596437913411));
#9575 = CARTESIAN_POINT('',(8.570832969118,-1.654166619641,
    -2.376683953072));
#9576 = CARTESIAN_POINT('',(8.551110727389,-2.139808584348,
    -2.053511273472));
#9577 = CARTESIAN_POINT('',(8.531388483276,-2.553508065438,
    -1.639822033613));
#9578 = CARTESIAN_POINT('',(8.511666262914,-2.876693427337,
    -1.154175436581));
#9579 = CARTESIAN_POINT('',(8.49194406879,-3.096443213731,
    -0.619217168645));
#9580 = CARTESIAN_POINT('',(8.452499669164,-3.316188741298,
    0.500005833933));
#9581 = CARTESIAN_POINT('',(8.413055206686,-3.096435041523,
    1.619218586735));
#9582 = CARTESIAN_POINT('',(8.393332947429,-2.876687110293,
    2.154168330167));
#9583 = CARTESIAN_POINT('',(8.373610671192,-2.553518473189,
    2.639799226822));
#9584 = CARTESIAN_POINT('',(8.353888395799,-2.13984095897,3.053525327987
    ));
#9585 = CARTESIAN_POINT('',(8.334166277753,-1.654146427431,
    3.376688182498));
#9586 = CARTESIAN_POINT('',(8.31444426875,-1.11921265078,3.596413761846)
  );
#9587 = CARTESIAN_POINT('',(8.294721838618,-0.559607432363,
    3.706324010587));
#9588 = CARTESIAN_POINT('',(8.274999580664,-1.932874055163E-07,
    3.706333608143));
#9589 = CARTESIAN_POINT('',(8.655056542844,-7.605170051191E-10,
    3.134818495274));
#9590 = CARTESIAN_POINT('',(8.635334846934,0.459884793329,3.134827734761
    ));
#9591 = CARTESIAN_POINT('',(8.615615687311,0.919711762877,3.044602335312
    ));
#9592 = CARTESIAN_POINT('',(8.595890327524,1.359345202455,2.863953378207
    ));
#9593 = CARTESIAN_POINT('',(8.576166562484,1.758391353611,2.59832806431)
  );
#9594 = CARTESIAN_POINT('',(8.556445132056,2.098354774378,2.258396770027
    ));
#9595 = CARTESIAN_POINT('',(8.536723700722,2.363945381922,1.859325964394
    ));
#9596 = CARTESIAN_POINT('',(8.517002025499,2.544542013384,1.419731472008
    ));
#9597 = CARTESIAN_POINT('',(8.477557846801,2.725135134785,0.500005938184
    ));
#9598 = CARTESIAN_POINT('',(8.438112741875,2.544536257596,
    -0.419729260183));
#9599 = CARTESIAN_POINT('',(8.418390105707,2.363940706614,
    -0.859334241516));
#9600 = CARTESIAN_POINT('',(8.398667856089,2.098362238059,
    -1.258411879844));
#9601 = CARTESIAN_POINT('',(8.378945956392,1.758411504648,
    -1.598368825279));
#9602 = CARTESIAN_POINT('',(8.35922402155,1.359335164238,-1.863950556723
    ));
#9603 = CARTESIAN_POINT('',(8.339501818156,0.919731624241,
    -2.044536641291));
#9604 = CARTESIAN_POINT('',(8.300057230198,-4.500900544175E-07,
    -2.225120244825));
#9605 = CARTESIAN_POINT('',(8.260612642239,-0.919731508185,
    -2.044531465566));
#9606 = CARTESIAN_POINT('',(8.240890438849,-1.359333442738,
    -1.863945406447));
#9607 = CARTESIAN_POINT('',(8.221168504001,-1.758412411223,
    -1.598375994691));
#9608 = CARTESIAN_POINT('',(8.201446604301,-2.098373445304,
    -1.258425129106));
#9609 = CARTESIAN_POINT('',(8.181724354685,-2.363955852803,
    -0.859340561407));
#9610 = CARTESIAN_POINT('',(8.162001718525,-2.544537205794,
    -0.419730297918));
#9611 = CARTESIAN_POINT('',(8.122556613584,-2.725113948593,
    0.500006235727));
#9612 = CARTESIAN_POINT('',(8.083112434892,-2.544529360405,
    1.419730434265));
#9613 = CARTESIAN_POINT('',(8.063390759852,-2.363951541159,
    1.859329999526));
#9614 = CARTESIAN_POINT('',(8.043669327818,-2.098382831532,
    2.258398579523));
#9615 = CARTESIAN_POINT('',(8.023947898564,-1.758454554807,
    2.598392175322));
#9616 = CARTESIAN_POINT('',(8.004224132423,-1.35929434236,2.863967184124
    ));
#9617 = CARTESIAN_POINT('',(7.984498773209,-0.919708089511,
    3.044501305351));
#9618 = CARTESIAN_POINT('',(7.964779613469,-0.459884745846,
    3.134833397439));
#9619 = CARTESIAN_POINT('',(7.945057917535,4.824284902018E-08,
    3.134842628375));
#9620 = ADVANCED_FACE('',(#9621),#9666,.F.);
#9621 = FACE_BOUND('',#9622,.F.);
#9622 = EDGE_LOOP('',(#9623,#9659,#9664,#9665));
#9623 = ORIENTED_EDGE('',*,*,#9624,.F.);
#9624 = EDGE_CURVE('',#9625,#9150,#9627,.T.);
#9625 = VERTEX_POINT('',#9626);
#9626 = CARTESIAN_POINT('',(9.365055168092,-4.976600167042E-08,
    3.134794362188));
#9627 = B_SPLINE_CURVE_WITH_KNOTS('',9,(#9628,#9629,#9630,#9631,#9632,
    #9633,#9634,#9635,#9636,#9637,#9638,#9639,#9640,#9641,#9642,#9643,
    #9644,#9645,#9646,#9647,#9648,#9649,#9650,#9651,#9652,#9653,#9654,
    #9655,#9656,#9657,#9658),.UNSPECIFIED.,.F.,.F.,(10,7,7,7,10),(0.,
    1.58079326614,3.161586532279,4.742379798419,6.323173064558),
  .UNSPECIFIED.);
#9628 = CARTESIAN_POINT('',(9.365055168092,-4.976600233042E-08,
    3.134794362188));
#9629 = CARTESIAN_POINT('',(9.345333472206,0.459880533211,3.134803610218
    ));
#9630 = CARTESIAN_POINT('',(9.32561431272,0.919703290811,3.044579045989)
  );
#9631 = CARTESIAN_POINT('',(9.305888952792,1.359332707343,2.863931752143
    ));
#9632 = CARTESIAN_POINT('',(9.286165187682,1.75837520933,2.598308877545)
  );
#9633 = CARTESIAN_POINT('',(9.26644375729,2.098335522082,2.258380703134)
  );
#9634 = CARTESIAN_POINT('',(9.246722325991,2.363923704681,1.859313557824
    ));
#9635 = CARTESIAN_POINT('',(9.227000650793,2.544518690214,1.419723095272
    ));
#9636 = CARTESIAN_POINT('',(9.187556472108,2.725110174664,0.500005988876
    ));
#9637 = CARTESIAN_POINT('',(9.148111367151,2.544512968628,
    -0.419720788869));
#9638 = CARTESIAN_POINT('',(9.128388730965,2.36391907985,-0.859321747177
    ));
#9639 = CARTESIAN_POINT('',(9.108666481345,2.09834305119,-1.258395735078
    ));
#9640 = CARTESIAN_POINT('',(9.088944581664,1.758395437945,
    -1.598349572982));
#9641 = CARTESIAN_POINT('',(9.069222646833,1.359322757881,
    -1.863928879348));
#9642 = CARTESIAN_POINT('',(9.049500443441,0.919723247652,
    -2.044513318094));
#9643 = CARTESIAN_POINT('',(9.010055855476,-3.994056688428E-07,
    -2.225095284728));
#9644 = CARTESIAN_POINT('',(8.970611267511,-0.919723036945,
    -2.044508176582));
#9645 = CARTESIAN_POINT('',(8.950889064121,-1.359320948448,
    -1.863923779636));
#9646 = CARTESIAN_POINT('',(8.931167129288,-1.758396266464,
    -1.598356807802));
#9647 = CARTESIAN_POINT('',(8.9114452296,-2.098354193024,-1.258409062393
    ));
#9648 = CARTESIAN_POINT('',(8.891722979985,-2.363934175473,
    -0.859328155001));
#9649 = CARTESIAN_POINT('',(8.872000343806,-2.544513882615,
    -0.419721921255));
#9650 = CARTESIAN_POINT('',(8.832555238835,-2.725088988476,0.50000618505
    ));
#9651 = CARTESIAN_POINT('',(8.793111060154,-2.544506071448,
    1.419721962878));
#9652 = CARTESIAN_POINT('',(8.77338938514,-2.363929914481,1.859317505022
    ));
#9653 = CARTESIAN_POINT('',(8.753667953141,-2.098363644641,
    2.258382434573));
#9654 = CARTESIAN_POINT('',(8.733946523922,-1.758438488571,
    2.598372923143));
#9655 = CARTESIAN_POINT('',(8.714222757712,-1.359281935187,
    2.863945507491));
#9656 = CARTESIAN_POINT('',(8.694497398357,-0.919699712099,3.04447798183
    ));
#9657 = CARTESIAN_POINT('',(8.674778238755,-0.459880583737,
    3.134809255795));
#9658 = CARTESIAN_POINT('',(8.655056542844,-7.604842151191E-10,
    3.134818495274));
#9659 = ORIENTED_EDGE('',*,*,#9660,.T.);
#9660 = EDGE_CURVE('',#9625,#9368,#9661,.T.);
#9661 = B_SPLINE_CURVE_WITH_KNOTS('',1,(#9662,#9663),.UNSPECIFIED.,.F.,
  .F.,(2,2),(0.,4.010346187924E-02),.PIECEWISE_BEZIER_KNOTS.);
#9662 = CARTESIAN_POINT('',(9.365055168092,-4.976603614042E-08,
    3.134794362188));
#9663 = CARTESIAN_POINT('',(9.324951706214,-4.903057843261E-08,
    3.134794104654));
#9664 = ORIENTED_EDGE('',*,*,#9367,.T.);
#9665 = ORIENTED_EDGE('',*,*,#9185,.F.);
#9666 = B_SPLINE_SURFACE_WITH_KNOTS('',1,9,(
    (#9667,#9668,#9669,#9670,#9671,#9672,#9673,#9674,#9675,#9676,#9677
      ,#9678,#9679,#9680,#9681,#9682,#9683,#9684,#9685,#9686,#9687,#9688
      ,#9689,#9690,#9691,#9692,#9693,#9694,#9695,#9696,#9697)
    ,(#9698,#9699,#9700,#9701,#9702,#9703,#9704,#9705,#9706,#9707,#9708
      ,#9709,#9710,#9711,#9712,#9713,#9714,#9715,#9716,#9717,#9718,#9719
      ,#9720,#9721,#9722,#9723,#9724,#9725,#9726,#9727,#9728
  )),.UNSPECIFIED.,.F.,.F.,.F.,(2,2),(10,7,7,7,10),(0.,
    4.010346187924E-02),(0.,1.58079326614,3.161586532279,4.742379798419,
    6.323173064558),.UNSPECIFIED.);
#9667 = CARTESIAN_POINT('',(9.365055168092,-4.976600255042E-08,
    3.134794362188));
#9668 = CARTESIAN_POINT('',(9.345333472206,0.459880533211,3.134803610218
    ));
#9669 = CARTESIAN_POINT('',(9.32561431272,0.919703290811,3.044579045989)
  );
#9670 = CARTESIAN_POINT('',(9.305888952792,1.359332707343,2.863931752143
    ));
#9671 = CARTESIAN_POINT('',(9.286165187682,1.75837520933,2.598308877545)
  );
#9672 = CARTESIAN_POINT('',(9.26644375729,2.098335522082,2.258380703134)
  );
#9673 = CARTESIAN_POINT('',(9.246722325991,2.363923704681,1.859313557824
    ));
#9674 = CARTESIAN_POINT('',(9.227000650793,2.544518690214,1.419723095272
    ));
#9675 = CARTESIAN_POINT('',(9.187556472108,2.725110174664,0.500005988876
    ));
#9676 = CARTESIAN_POINT('',(9.148111367151,2.544512968628,
    -0.419720788869));
#9677 = CARTESIAN_POINT('',(9.128388730965,2.36391907985,-0.859321747177
    ));
#9678 = CARTESIAN_POINT('',(9.108666481345,2.09834305119,-1.258395735078
    ));
#9679 = CARTESIAN_POINT('',(9.088944581664,1.758395437945,
    -1.598349572982));
#9680 = CARTESIAN_POINT('',(9.069222646833,1.359322757881,
    -1.863928879348));
#9681 = CARTESIAN_POINT('',(9.049500443441,0.919723247652,
    -2.044513318094));
#9682 = CARTESIAN_POINT('',(9.010055855476,-3.994056711528E-07,
    -2.225095284728));
#9683 = CARTESIAN_POINT('',(8.970611267511,-0.919723036945,
    -2.044508176582));
#9684 = CARTESIAN_POINT('',(8.950889064121,-1.359320948448,
    -1.863923779636));
#9685 = CARTESIAN_POINT('',(8.931167129288,-1.758396266464,
    -1.598356807803));
#9686 = CARTESIAN_POINT('',(8.9114452296,-2.098354193024,-1.258409062393
    ));
#9687 = CARTESIAN_POINT('',(8.891722979985,-2.363934175473,
    -0.859328155001));
#9688 = CARTESIAN_POINT('',(8.872000343806,-2.544513882615,
    -0.419721921255));
#9689 = CARTESIAN_POINT('',(8.832555238835,-2.725088988476,0.50000618505
    ));
#9690 = CARTESIAN_POINT('',(8.793111060154,-2.544506071448,
    1.419721962878));
#9691 = CARTESIAN_POINT('',(8.77338938514,-2.363929914481,1.859317505022
    ));
#9692 = CARTESIAN_POINT('',(8.753667953141,-2.098363644641,
    2.258382434574));
#9693 = CARTESIAN_POINT('',(8.733946523922,-1.758438488572,
    2.598372923143));
#9694 = CARTESIAN_POINT('',(8.714222757712,-1.359281935187,
    2.863945507491));
#9695 = CARTESIAN_POINT('',(8.694497398357,-0.919699712099,3.04447798183
    ));
#9696 = CARTESIAN_POINT('',(8.674778238755,-0.459880583737,
    3.134809255795));
#9697 = CARTESIAN_POINT('',(8.655056542844,-7.604842151191E-10,
    3.134818495274));
#9698 = CARTESIAN_POINT('',(9.324951706214,-4.903054461261E-08,
    3.134794104654));
#9699 = CARTESIAN_POINT('',(9.305230010327,0.45988048002,3.134803313117)
  );
#9700 = CARTESIAN_POINT('',(9.285510850843,0.919703175894,3.044578531615
    ));
#9701 = CARTESIAN_POINT('',(9.265785490915,1.359332440098,2.863931503916
    ));
#9702 = CARTESIAN_POINT('',(9.246061725801,1.758375138646,2.598308767698
    ));
#9703 = CARTESIAN_POINT('',(9.226340295412,2.098335336402,2.258380500082
    ));
#9704 = CARTESIAN_POINT('',(9.206618864113,2.363923440989,1.859313406247
    ));
#9705 = CARTESIAN_POINT('',(9.186897188915,2.54451836505,1.419722984373)
  );
#9706 = CARTESIAN_POINT('',(9.14745301023,2.725109809815,0.500005988646)
  );
#9707 = CARTESIAN_POINT('',(9.108007905273,2.544512671909,
    -0.419720684017));
#9708 = CARTESIAN_POINT('',(9.088285269087,2.363918834475,-0.85932160198
    ));
#9709 = CARTESIAN_POINT('',(9.068563019467,2.09834282843,-1.258395557777
    ));
#9710 = CARTESIAN_POINT('',(9.048841119785,1.758395232968,
    -1.598349342722));
#9711 = CARTESIAN_POINT('',(9.029119184956,1.359322594021,
    -1.863928591517));
#9712 = CARTESIAN_POINT('',(9.009396981563,0.919723138722,
    -2.044513008889));
#9713 = CARTESIAN_POINT('',(8.969952393598,-3.98349905095E-07,
    -2.225094965096));
#9714 = CARTESIAN_POINT('',(8.930507805633,-0.919722930127,
    -2.044507888885));
#9715 = CARTESIAN_POINT('',(8.910785602243,-1.359320793437,
    -1.863923512926));
#9716 = CARTESIAN_POINT('',(8.89106366741,-1.75839605895,-1.598356545822
    ));
#9717 = CARTESIAN_POINT('',(8.871341767722,-2.098353923542,
    -1.258408827203));
#9718 = CARTESIAN_POINT('',(8.851619518107,-2.363933866308,
    -0.859327981326));
#9719 = CARTESIAN_POINT('',(8.831896881928,-2.544513582432,
    -0.419721810356));
#9720 = CARTESIAN_POINT('',(8.792451776957,-2.725088714061,
    0.500006185281));
#9721 = CARTESIAN_POINT('',(8.753007598276,-2.544505799711,
    1.419721858025));
#9722 = CARTESIAN_POINT('',(8.733285923262,-2.363929623635,
    1.859317337723));
#9723 = CARTESIAN_POINT('',(8.713564491264,-2.09836333808,2.25838222513)
  );
#9724 = CARTESIAN_POINT('',(8.693843062044,-1.758438146776,
    2.598372540751));
#9725 = CARTESIAN_POINT('',(8.674119295835,-1.359281883541,
    2.863945201196));
#9726 = CARTESIAN_POINT('',(8.654393936477,-0.919699611246,
    3.044477899294));
#9727 = CARTESIAN_POINT('',(8.634674776877,-0.459880529075,
    3.134808934813));
#9728 = CARTESIAN_POINT('',(8.614953080967,-2.499851730958E-11,
    3.134818134726));
#9729 = ADVANCED_FACE('',(#9730),#9833,.T.);
#9730 = FACE_BOUND('',#9731,.T.);
#9731 = EDGE_LOOP('',(#9732,#9733,#9734,#9777,#9785,#9832));
#9732 = ORIENTED_EDGE('',*,*,#9303,.F.);
#9733 = ORIENTED_EDGE('',*,*,#9513,.F.);
#9734 = ORIENTED_EDGE('',*,*,#9735,.F.);
#9735 = EDGE_CURVE('',#9736,#9514,#9738,.T.);
#9736 = VERTEX_POINT('',#9737);
#9737 = CARTESIAN_POINT('',(9.316159779296,-4.648707904389E-15,-2.665));
#9738 = B_SPLINE_CURVE_WITH_KNOTS('',7,(#9739,#9740,#9741,#9742,#9743,
    #9744,#9745,#9746,#9747,#9748,#9749,#9750,#9751,#9752,#9753,#9754,
    #9755,#9756,#9757,#9758,#9759,#9760,#9761,#9762,#9763,#9764,#9765,
    #9766,#9767,#9768,#9769,#9770,#9771,#9772,#9773,#9774,#9775,#9776),
  .UNSPECIFIED.,.F.,.F.,(8,6,6,6,6,6,8),(0.,4.701740654965E-02,
    0.279007082452,0.521953839307,0.733707065047,0.896870771125,1.),
  .UNSPECIFIED.);
#9739 = CARTESIAN_POINT('',(9.316159779296,-4.538707904389E-15,-2.665));
#9740 = CARTESIAN_POINT('',(9.313775675414,-6.677858089841E-02,-2.665));
#9741 = CARTESIAN_POINT('',(9.311391556048,-0.133557234862,
    -2.663356203328));
#9742 = CARTESIAN_POINT('',(9.309007419475,-0.200287288056,
    -2.660068612914));
#9743 = CARTESIAN_POINT('',(9.306623264305,-0.266920198559,
    -2.655139021091));
#9744 = CARTESIAN_POINT('',(9.304239089472,-0.333407556363,
    -2.648571009595));
#9745 = CARTESIAN_POINT('',(9.301854894244,-0.399701083372,
    -2.640369949563));
#9746 = CARTESIAN_POINT('',(9.287706662615,-0.791659118036,
    -2.582055629415));
#9747 = CARTESIAN_POINT('',(9.27593657628,-1.111829606326,
    -2.493961527688));
#9748 = CARTESIAN_POINT('',(9.264170432855,-1.420205929306,
    -2.367097632887));
#9749 = CARTESIAN_POINT('',(9.252405229385,-1.711255962504,
    -2.203486019197));
#9750 = CARTESIAN_POINT('',(9.240638870488,-1.979917111802,
    -2.005972632752));
#9751 = CARTESIAN_POINT('',(9.22886861661,-2.221586618738,
    -1.778232632035));
#9752 = CARTESIAN_POINT('',(9.204785095927,-2.653171805607,
    -1.259820424673));
#9753 = CARTESIAN_POINT('',(9.192459423755,-2.840337036464,
    -0.966403716219));
#9754 = CARTESIAN_POINT('',(9.180140475573,-2.989318288832,
    -0.650125272794));
#9755 = CARTESIAN_POINT('',(9.167823881182,-3.096988180146,
    -0.316992035743));
#9756 = CARTESIAN_POINT('',(9.155505518551,-3.161296819508,
    2.665301959618E-02));
#9757 = CARTESIAN_POINT('',(9.143180106738,-3.18126390042,0.374109206072
    ));
#9758 = CARTESIAN_POINT('',(9.12012274562,-3.13671176176,1.018378213861)
  );
#9759 = CARTESIAN_POINT('',(9.109380613492,-3.082694158494,
    1.316212363918));
#9760 = CARTESIAN_POINT('',(9.098640129596,-2.995689265673,
    1.607236000845));
#9761 = CARTESIAN_POINT('',(9.087900670102,-2.876804950275,
    1.887126146488));
#9762 = CARTESIAN_POINT('',(9.077159766175,-2.727773802327,
    2.151803814365));
#9763 = CARTESIAN_POINT('',(9.066417370408,-2.550937710889,
    2.397470261555));
#9764 = CARTESIAN_POINT('',(9.047405777322,-2.194139105368,2.79274555365
    ));
#9765 = CARTESIAN_POINT('',(9.03913168657,-2.024147381034,2.951525067756
    ));
#9766 = CARTESIAN_POINT('',(9.030859052864,-1.840829024662,
    3.095512572628));
#9767 = CARTESIAN_POINT('',(9.022587461587,-1.645740859239,
    3.223393856336));
#9768 = CARTESIAN_POINT('',(9.014315397236,-1.440578401335,
    3.334057473995));
#9769 = CARTESIAN_POINT('',(9.006041743599,-1.2271678577,3.426600019553)
  );
#9770 = CARTESIAN_POINT('',(8.992538108226,-0.868627017424,
    3.546993056262));
#9771 = CARTESIAN_POINT('',(8.987307841216,-0.727252324699,
    3.586122071253));
#9772 = CARTESIAN_POINT('',(8.982077051323,-0.583847866888,
    3.617590313879));
#9773 = CARTESIAN_POINT('',(8.976845661487,-0.438911949432,
    3.641274261851));
#9774 = CARTESIAN_POINT('',(8.971613713114,-0.292950043608,
    3.657091320499));
#9775 = CARTESIAN_POINT('',(8.966381653279,-0.146473819054,
    3.664999984564));
#9776 = CARTESIAN_POINT('',(8.96115062192,-1.762859120311E-07,3.665));
#9777 = ORIENTED_EDGE('',*,*,#9778,.T.);
#9778 = EDGE_CURVE('',#9736,#9779,#9781,.T.);
#9779 = VERTEX_POINT('',#9780);
#9780 = CARTESIAN_POINT('',(9.373823963275,-4.674315946289E-15,-2.665));
#9781 = LINE('',#9782,#9783);
#9782 = CARTESIAN_POINT('',(6.446202902092,-4.304191022488E-15,-2.665));
#9783 = VECTOR('',#9784,1.);
#9784 = DIRECTION('',(1.,-8.840892098501E-16,4.4E-16));
#9785 = ORIENTED_EDGE('',*,*,#9786,.T.);
#9786 = EDGE_CURVE('',#9779,#9404,#9787,.T.);
#9787 = B_SPLINE_CURVE_WITH_KNOTS('',7,(#9788,#9789,#9790,#9791,#9792,
    #9793,#9794,#9795,#9796,#9797,#9798,#9799,#9800,#9801,#9802,#9803,
    #9804,#9805,#9806,#9807,#9808,#9809,#9810,#9811,#9812,#9813,#9814,
    #9815,#9816,#9817,#9818,#9819,#9820,#9821,#9822,#9823,#9824,#9825,
    #9826,#9827,#9828,#9829,#9830,#9831),.UNSPECIFIED.,.F.,.F.,(8,6,6,6,
    6,6,6,8),(0.,4.68885533805E-02,0.204895426925,0.278900964395,
    0.522392249886,0.733952746089,0.891737535029,1.),.UNSPECIFIED.);
#9788 = CARTESIAN_POINT('',(9.373823963275,-5.004315946289E-15,-2.665));
#9789 = CARTESIAN_POINT('',(9.371446146622,-6.659757455607E-02,-2.665));
#9790 = CARTESIAN_POINT('',(9.369068343329,-0.133195229093,
    -2.663365102119));
#9791 = CARTESIAN_POINT('',(9.366690555851,-0.199744678592,
    -2.66009530934));
#9792 = CARTESIAN_POINT('',(9.364312786298,-0.266197770926,
    -2.655192394701));
#9793 = CARTESIAN_POINT('',(9.361935036434,-0.332506486856,
    -2.648659901294));
#9794 = CARTESIAN_POINT('',(9.359557307675,-0.398622940035,
    -2.640503142262));
#9795 = CARTESIAN_POINT('',(9.349167112846,-0.686492360273,
    -2.597792592169));
#9796 = CARTESIAN_POINT('',(9.341154045268,-0.905783572965,
    -2.546488005287));
#9797 = CARTESIAN_POINT('',(9.333141840437,-1.12050793202,
    -2.477085515442));
#9798 = CARTESIAN_POINT('',(9.325130244514,-1.328886497157,
    -2.390092881714));
#9799 = CARTESIAN_POINT('',(9.317118380852,-1.529220126545,
    -2.286219453228));
#9800 = CARTESIAN_POINT('',(9.309105874755,-1.719896905022,
    -2.166373067179));
#9801 = CARTESIAN_POINT('',(9.297341529311,-1.983493298569,
    -1.968608522668));
#9802 = CARTESIAN_POINT('',(9.293588988676,-2.065129546883,
    -1.902268939511));
#9803 = CARTESIAN_POINT('',(9.289836397719,-2.144169780326,
    -1.832785536811));
#9804 = CARTESIAN_POINT('',(9.286083748769,-2.220469276467,
    -1.760280646135));
#9805 = CARTESIAN_POINT('',(9.282331036753,-2.293890899914,
    -1.68488458297));
#9806 = CARTESIAN_POINT('',(9.278578259195,-2.364305102314,
    -1.60673564672));
#9807 = CARTESIAN_POINT('',(9.262477900179,-2.652968860808,
    -1.260280181078));
#9808 = CARTESIAN_POINT('',(9.250122577676,-2.84060120565,
    -0.966206875975));
#9809 = CARTESIAN_POINT('',(9.237772309477,-2.989873996471,
    -0.649164776916));
#9810 = CARTESIAN_POINT('',(9.225423161575,-3.097639474434,
    -0.315202764823));
#9811 = CARTESIAN_POINT('',(9.21307245103,-3.161836903359,
    2.929217775529E-02));
#9812 = CARTESIAN_POINT('',(9.200716990054,-3.181484172966,0.37757267247
    ));
#9813 = CARTESIAN_POINT('',(9.177641373717,-3.136035843908,
    1.022299410049));
#9814 = CARTESIAN_POINT('',(9.166910510611,-3.081698012953,
    1.319800957682));
#9815 = CARTESIAN_POINT('',(9.156182945517,-2.994439820356,
    1.610464262975));
#9816 = CARTESIAN_POINT('',(9.145457472818,-2.875371117242,
    1.889978995372));
#9817 = CARTESIAN_POINT('',(9.134730198886,-2.726224184221,
    2.154278651985));
#9818 = CARTESIAN_POINT('',(9.123999452509,-2.549338338053,
    2.399576658541));
#9819 = CARTESIAN_POINT('',(9.105269800039,-2.197540011697,
    2.788726073197));
#9820 = CARTESIAN_POINT('',(9.097267091155,-2.033502417256,
    2.942573013409));
#9821 = CARTESIAN_POINT('',(9.089264379524,-1.8569694718,3.082625406028)
  );
#9822 = CARTESIAN_POINT('',(9.0812615849,-1.669343918494,3.207689145624)
  );
#9823 = CARTESIAN_POINT('',(9.073258416838,-1.472151396447,
    3.316747294608));
#9824 = CARTESIAN_POINT('',(9.065255301607,-1.267033796676,
    3.408964513824));
#9825 = CARTESIAN_POINT('',(9.051763972636,-0.910800433403,
    3.535014418954));
#9826 = CARTESIAN_POINT('',(9.046274308727,-0.762927910251,
    3.578092032074));
#9827 = CARTESIAN_POINT('',(9.040785288247,-0.612709203405,
    3.612754488718));
#9828 = CARTESIAN_POINT('',(9.035296956524,-0.460719189714,
    3.638851851835));
#9829 = CARTESIAN_POINT('',(9.02980910393,-0.307541908442,3.656283825703
    ));
#9830 = CARTESIAN_POINT('',(9.02432125374,-0.153769336687,3.664999984354
    ));
#9831 = CARTESIAN_POINT('',(9.01883264999,-1.647888647367E-07,3.665));
#9832 = ORIENTED_EDGE('',*,*,#9410,.T.);
#9833 = CYLINDRICAL_SURFACE('',#9834,3.165);
#9834 = AXIS2_PLACEMENT_3D('',#9835,#9836,#9837);
#9835 = CARTESIAN_POINT('',(6.446202902092,-2.854191022488E-15,0.5));
#9836 = DIRECTION('',(1.,-5.540892098501E-16,4.4E-16));
#9837 = DIRECTION('',(4.4E-16,7.E-17,-1.));
#9838 = ADVANCED_FACE('',(#9839),#9921,.F.);
#9839 = FACE_BOUND('',#9840,.F.);
#9840 = EDGE_LOOP('',(#9841,#9877,#9884,#9919,#9920));
#9841 = ORIENTED_EDGE('',*,*,#9842,.F.);
#9842 = EDGE_CURVE('',#9843,#9368,#9845,.T.);
#9843 = VERTEX_POINT('',#9844);
#9844 = CARTESIAN_POINT('',(10.034950331399,-9.803823796792E-08,
    3.134770074573));
#9845 = B_SPLINE_CURVE_WITH_KNOTS('',9,(#9846,#9847,#9848,#9849,#9850,
    #9851,#9852,#9853,#9854,#9855,#9856,#9857,#9858,#9859,#9860,#9861,
    #9862,#9863,#9864,#9865,#9866,#9867,#9868,#9869,#9870,#9871,#9872,
    #9873,#9874,#9875,#9876),.UNSPECIFIED.,.F.,.F.,(10,7,7,7,10),(0.,
    1.58079326614,3.161586532279,4.742379798419,6.323173064558),
  .UNSPECIFIED.);
#9846 = CARTESIAN_POINT('',(10.034950331399,-9.803823505792E-08,
    3.134770074573));
#9847 = CARTESIAN_POINT('',(10.015228635536,0.459876237876,
    3.134779291593));
#9848 = CARTESIAN_POINT('',(9.99550947619,0.919694739791,3.044555341784)
  );
#9849 = CARTESIAN_POINT('',(9.97578411612,1.359319998138,2.863909970277)
  );
#9850 = CARTESIAN_POINT('',(9.956060350937,1.758359063114,2.598289662977
    ));
#9851 = CARTESIAN_POINT('',(9.936338920584,2.098316166149,2.258364501943
    ));
#9852 = CARTESIAN_POINT('',(9.91661748932,2.363901856174,1.859301052827)
  );
#9853 = CARTESIAN_POINT('',(9.896895814147,2.544495141366,1.419714643597
    ));
#9854 = CARTESIAN_POINT('',(9.857451635474,2.725084956242,0.500006039339
    ));
#9855 = CARTESIAN_POINT('',(9.818006530487,2.544489482429,
    -0.419712248661));
#9856 = CARTESIAN_POINT('',(9.798283894282,2.363897300138,
    -0.859309160788));
#9857 = CARTESIAN_POINT('',(9.778561644662,2.098323723605,
    -1.258379481762));
#9858 = CARTESIAN_POINT('',(9.758839744994,1.758379235015,
    -1.598330172467));
#9859 = CARTESIAN_POINT('',(9.739117810177,1.359310240813,
    -1.863907006567));
#9860 = CARTESIAN_POINT('',(9.719395606786,0.919714798094,
    -2.044489785179));
#9861 = CARTESIAN_POINT('',(9.679951018814,-3.476644272403E-07,
    -2.225070111546));
#9862 = CARTESIAN_POINT('',(9.640506430842,-0.919714494845,
    -2.044484699389));
#9863 = CARTESIAN_POINT('',(9.620784227453,-1.359308352293,
    -1.863901978542));
#9864 = CARTESIAN_POINT('',(9.601062292634,-1.758379982941,
    -1.598337440977));
#9865 = CARTESIAN_POINT('',(9.58134039296,-2.098334753305,
    -1.258392829243));
#9866 = CARTESIAN_POINT('',(9.561618143344,-2.363912281405,
    -0.859315628068));
#9867 = CARTESIAN_POINT('',(9.541895507146,-2.54449035874,
    -0.419713469654));
#9868 = CARTESIAN_POINT('',(9.502450402145,-2.725063860491,
    0.500006134603));
#9869 = CARTESIAN_POINT('',(9.463006223476,-2.544482610242,
    1.419713422596));
#9870 = CARTESIAN_POINT('',(9.443284548486,-2.363908089384,
    1.859304896366));
#9871 = CARTESIAN_POINT('',(9.423563116525,-2.098344233233,
    2.258366148935));
#9872 = CARTESIAN_POINT('',(9.403841687339,-1.758422149291,
    2.598353370609));
#9873 = CARTESIAN_POINT('',(9.384117921062,-1.359269529519,
    2.863923616988));
#9874 = CARTESIAN_POINT('',(9.364392561562,-0.919691269797,
    3.044454675259));
#9875 = CARTESIAN_POINT('',(9.3446734021,-0.459876384944,3.134784896185)
  );
#9876 = CARTESIAN_POINT('',(9.324951706214,-4.903057843261E-08,
    3.134794104654));
#9877 = ORIENTED_EDGE('',*,*,#9878,.T.);
#9878 = EDGE_CURVE('',#9843,#9879,#9881,.T.);
#9879 = VERTEX_POINT('',#9880);
#9880 = CARTESIAN_POINT('',(9.72881921721,-1.65250766832E-07,3.665));
#9881 = B_SPLINE_CURVE_WITH_KNOTS('',1,(#9882,#9883),.UNSPECIFIED.,.F.,
  .F.,(2,2),(0.,0.659896538121),.PIECEWISE_BEZIER_KNOTS.);
#9882 = CARTESIAN_POINT('',(10.034950331399,-9.803825002792E-08,
    3.134770074573));
#9883 = CARTESIAN_POINT('',(9.704999860371,-1.704804178514E-07,
    3.706255969143));
#9884 = ORIENTED_EDGE('',*,*,#9885,.T.);
#9885 = EDGE_CURVE('',#9879,#9779,#9886,.T.);
#9886 = B_SPLINE_CURVE_WITH_KNOTS('',6,(#9887,#9888,#9889,#9890,#9891,
    #9892,#9893,#9894,#9895,#9896,#9897,#9898,#9899,#9900,#9901,#9902,
    #9903,#9904,#9905,#9906,#9907,#9908,#9909,#9910,#9911,#9912,#9913,
    #9914,#9915,#9916,#9917,#9918),.UNSPECIFIED.,.F.,.F.,(7,5,5,5,5,5,7)
  ,(0.,0.101550566335,0.265382216014,0.474325767998,0.682122161762,
    0.843754773873,1.),.UNSPECIFIED.);
#9887 = CARTESIAN_POINT('',(9.72881921721,-1.65250752162E-07,3.665));
#9888 = CARTESIAN_POINT('',(9.722812747948,0.168278534106,3.665000000425
    ));
#9889 = CARTESIAN_POINT('',(9.716809897358,0.336560809455,3.654263182566
    ));
#9890 = CARTESIAN_POINT('',(9.710806511869,0.503982709966,3.632789920506
    ));
#9891 = CARTESIAN_POINT('',(9.704801199101,0.669691906548,3.600671201706
    ));
#9892 = CARTESIAN_POINT('',(9.698794125654,0.83285063768,3.558088038975)
  );
#9893 = CARTESIAN_POINT('',(9.683092600007,1.250424854371,3.420165432918
    ));
#9894 = CARTESIAN_POINT('',(9.673394539885,1.499483604046,3.308473231857
    ));
#9895 = CARTESIAN_POINT('',(9.663696437982,1.736313790536,3.171375759926
    ));
#9896 = CARTESIAN_POINT('',(9.654000343061,1.957759170541,3.010607952035
    ));
#9897 = CARTESIAN_POINT('',(9.64430460647,2.160952518778,2.828349802604)
  );
#9898 = CARTESIAN_POINT('',(9.622250120246,2.576151460101,2.370975635707
    ));
#9899 = CARTESIAN_POINT('',(9.609886455246,2.775306981252,2.083966124884
    ));
#9900 = CARTESIAN_POINT('',(9.597529682274,2.935638470801,1.772012766522
    ));
#9901 = CARTESIAN_POINT('',(9.585171281321,3.053600595036,1.441700941789
    ));
#9902 = CARTESIAN_POINT('',(9.572806060918,3.126813277682,1.10012059275)
  );
#9903 = CARTESIAN_POINT('',(9.548150205894,3.182453809022,0.411789987548
    ));
#9904 = CARTESIAN_POINT('',(9.535850659056,3.165398503365,
    6.482360439199E-02));
#9905 = CARTESIAN_POINT('',(9.523555584586,3.102873016523,
    -0.278294426164));
#9906 = CARTESIAN_POINT('',(9.511261196364,2.99605634809,-0.610303000932
    ));
#9907 = CARTESIAN_POINT('',(9.498962436367,2.84733602335,-0.924243999191
    ));
#9908 = CARTESIAN_POINT('',(9.477105945336,2.515863269104,
    -1.438916007901));
#9909 = CARTESIAN_POINT('',(9.467542324163,2.347950418011,
    -1.649398365369));
#9910 = CARTESIAN_POINT('',(9.457980381325,2.159053213869,
    -1.842205456064));
#9911 = CARTESIAN_POINT('',(9.448418358899,1.951536836213,
    -2.014813802056));
#9912 = CARTESIAN_POINT('',(9.438854608619,1.728108417789,
    -2.165071201419));
#9913 = CARTESIAN_POINT('',(9.420047900941,1.263547186187,
    -2.413367329697));
#9914 = CARTESIAN_POINT('',(9.410802595216,1.023195580515,
    -2.513010179093));
#9915 = CARTESIAN_POINT('',(9.401558309899,0.773642332014,
    -2.588739904793));
#9916 = CARTESIAN_POINT('',(9.392313834204,0.517855824887,
    -2.639583554046));
#9917 = CARTESIAN_POINT('',(9.383068243098,0.258912567525,
    -2.664999999999));
#9918 = CARTESIAN_POINT('',(9.373823963275,-4.934315946289E-15,-2.665));
#9919 = ORIENTED_EDGE('',*,*,#9786,.T.);
#9920 = ORIENTED_EDGE('',*,*,#9403,.F.);
#9921 = B_SPLINE_SURFACE_WITH_KNOTS('',1,9,(
    (#9922,#9923,#9924,#9925,#9926,#9927,#9928,#9929,#9930,#9931,#9932
      ,#9933,#9934,#9935,#9936,#9937,#9938,#9939,#9940,#9941,#9942,#9943
      ,#9944,#9945,#9946,#9947,#9948,#9949,#9950,#9951,#9952)
    ,(#9953,#9954,#9955,#9956,#9957,#9958,#9959,#9960,#9961,#9962,#9963
      ,#9964,#9965,#9966,#9967,#9968,#9969,#9970,#9971,#9972,#9973,#9974
      ,#9975,#9976,#9977,#9978,#9979,#9980,#9981,#9982,#9983
  )),.UNSPECIFIED.,.F.,.F.,.F.,(2,2),(10,7,7,7,10),(0.,0.659896538121),(
    0.,1.58079326614,3.161586532279,4.742379798419,6.323173064558),
  .UNSPECIFIED.);
#9922 = CARTESIAN_POINT('',(10.034950331399,-9.803823505792E-08,
    3.134770074573));
#9923 = CARTESIAN_POINT('',(10.015228635536,0.459876237876,
    3.134779291593));
#9924 = CARTESIAN_POINT('',(9.99550947619,0.919694739791,3.044555341784)
  );
#9925 = CARTESIAN_POINT('',(9.97578411612,1.359319998138,2.863909970277)
  );
#9926 = CARTESIAN_POINT('',(9.956060350937,1.758359063114,2.598289662977
    ));
#9927 = CARTESIAN_POINT('',(9.936338920584,2.098316166149,2.258364501943
    ));
#9928 = CARTESIAN_POINT('',(9.91661748932,2.363901856174,1.859301052827)
  );
#9929 = CARTESIAN_POINT('',(9.896895814147,2.544495141366,1.419714643597
    ));
#9930 = CARTESIAN_POINT('',(9.857451635474,2.725084956242,0.500006039339
    ));
#9931 = CARTESIAN_POINT('',(9.818006530487,2.544489482429,
    -0.419712248661));
#9932 = CARTESIAN_POINT('',(9.798283894282,2.363897300138,
    -0.859309160788));
#9933 = CARTESIAN_POINT('',(9.778561644662,2.098323723605,
    -1.258379481762));
#9934 = CARTESIAN_POINT('',(9.758839744994,1.758379235015,
    -1.598330172467));
#9935 = CARTESIAN_POINT('',(9.739117810177,1.359310240813,
    -1.863907006567));
#9936 = CARTESIAN_POINT('',(9.719395606786,0.919714798094,
    -2.044489785179));
#9937 = CARTESIAN_POINT('',(9.679951018814,-3.476644272403E-07,
    -2.225070111546));
#9938 = CARTESIAN_POINT('',(9.640506430842,-0.919714494845,
    -2.044484699389));
#9939 = CARTESIAN_POINT('',(9.620784227453,-1.359308352293,
    -1.863901978542));
#9940 = CARTESIAN_POINT('',(9.601062292634,-1.758379982941,
    -1.598337440977));
#9941 = CARTESIAN_POINT('',(9.58134039296,-2.098334753305,
    -1.258392829243));
#9942 = CARTESIAN_POINT('',(9.561618143344,-2.363912281405,
    -0.859315628068));
#9943 = CARTESIAN_POINT('',(9.541895507146,-2.54449035874,
    -0.419713469654));
#9944 = CARTESIAN_POINT('',(9.502450402145,-2.725063860491,
    0.500006134603));
#9945 = CARTESIAN_POINT('',(9.463006223476,-2.544482610242,
    1.419713422596));
#9946 = CARTESIAN_POINT('',(9.443284548486,-2.363908089384,
    1.859304896366));
#9947 = CARTESIAN_POINT('',(9.423563116525,-2.098344233233,
    2.258366148935));
#9948 = CARTESIAN_POINT('',(9.403841687339,-1.758422149291,
    2.598353370609));
#9949 = CARTESIAN_POINT('',(9.384117921062,-1.359269529519,
    2.863923616988));
#9950 = CARTESIAN_POINT('',(9.364392561562,-0.919691269797,
    3.044454675259));
#9951 = CARTESIAN_POINT('',(9.3446734021,-0.459876384944,3.134784896185)
  );
#9952 = CARTESIAN_POINT('',(9.324951706214,-4.903057843261E-08,
    3.134794104654));
#9953 = CARTESIAN_POINT('',(9.704999860371,-1.704804034014E-07,
    3.706255969143));
#9954 = CARTESIAN_POINT('',(9.685277602494,0.559597723075,3.706264874321
    ));
#9955 = CARTESIAN_POINT('',(9.665555172784,1.119197222621,3.596462996821
    ));
#9956 = CARTESIAN_POINT('',(9.645833162895,1.654169177856,3.37662656838)
  );
#9957 = CARTESIAN_POINT('',(9.626111045792,2.139741823639,3.053418975367
    ));
#9958 = CARTESIAN_POINT('',(9.606388769308,2.553447548421,2.639762005529
    ));
#9959 = CARTESIAN_POINT('',(9.586666493849,2.876632700933,2.154137041646
    ));
#9960 = CARTESIAN_POINT('',(9.566944234463,3.09639580194,1.619201324201)
  );
#9961 = CARTESIAN_POINT('',(9.527499772007,3.316154489461,0.500005962279
    ));
#9962 = CARTESIAN_POINT('',(9.48805537233,3.096390689019,-0.619197041114
    ));
#9963 = CARTESIAN_POINT('',(9.468333178156,2.876630474245,
    -1.154141130788));
#9964 = CARTESIAN_POINT('',(9.448610957789,2.553454503424,
    -1.639772742506));
#9965 = CARTESIAN_POINT('',(9.428888713711,2.139772264466,
    -2.053461191855));
#9966 = CARTESIAN_POINT('',(9.409166472017,1.654141075937,
    -2.376640828785));
#9967 = CARTESIAN_POINT('',(9.389444248516,1.1191979992,-2.596391212479)
  );
#9968 = CARTESIAN_POINT('',(9.349999813798,-2.307343188537E-07,
    -2.816139500827));
#9969 = CARTESIAN_POINT('',(9.310555379079,-1.119197511183,
    -2.596386376716));
#9970 = CARTESIAN_POINT('',(9.290833155582,-1.654139072434,
    -2.376636082518));
#9971 = CARTESIAN_POINT('',(9.271110913884,-2.139772824821,
    -2.053468339079));
#9972 = CARTESIAN_POINT('',(9.251388669801,-2.553465009028,
    -1.639785780409));
#9973 = CARTESIAN_POINT('',(9.231666449438,-2.8766448227,-1.154147551558
    ));
#9974 = CARTESIAN_POINT('',(9.211944255271,-3.096391463772,
    -0.619198414506));
#9975 = CARTESIAN_POINT('',(9.17249985558,-3.316134137762,0.500005844847
    ));
#9976 = CARTESIAN_POINT('',(9.133055393128,-3.096383783442,
    1.619199950801));
#9977 = CARTESIAN_POINT('',(9.113333133919,-2.876638818717,
    2.154140568031));
#9978 = CARTESIAN_POINT('',(9.093610857787,-2.55347476065,2.639763433241
    ));
#9979 = CARTESIAN_POINT('',(9.07388858243,-2.139802845944,3.053480300945
    ));
#9980 = CARTESIAN_POINT('',(9.054166464271,-1.654120670862,
    3.376639629342));
#9981 = CARTESIAN_POINT('',(9.034444454932,-1.119194070481,3.59636581017
    ));
#9982 = CARTESIAN_POINT('',(9.01472202511,-0.559598067355,3.70627024592)
  );
#9983 = CARTESIAN_POINT('',(8.99499976721,-1.738012202161E-07,
    3.706279151677));
#9984 = ADVANCED_FACE('',(#9985),#10032,.F.);
#9985 = FACE_BOUND('',#9986,.F.);
#9986 = EDGE_LOOP('',(#9987,#10024,#10029,#10030,#10031));
#9987 = ORIENTED_EDGE('',*,*,#9988,.F.);
#9988 = EDGE_CURVE('',#9989,#9736,#9991,.T.);
#9989 = VERTEX_POINT('',#9990);
#9990 = CARTESIAN_POINT('',(9.671164996025,-1.767510388064E-07,3.665));
#9991 = B_SPLINE_CURVE_WITH_KNOTS('',6,(#9992,#9993,#9994,#9995,#9996,
    #9997,#9998,#9999,#10000,#10001,#10002,#10003,#10004,#10005,#10006,
    #10007,#10008,#10009,#10010,#10011,#10012,#10013,#10014,#10015,
    #10016,#10017,#10018,#10019,#10020,#10021,#10022,#10023),
  .UNSPECIFIED.,.F.,.F.,(7,5,5,5,5,5,7),(0.,9.800523348351E-02,
    0.268199875072,0.471076707141,0.684321422294,0.845042914042,1.),
  .UNSPECIFIED.);
#9992 = CARTESIAN_POINT('',(9.671164996025,-1.767510047964E-07,3.665));
#9993 = CARTESIAN_POINT('',(9.665365113028,0.162403368871,3.665000001001
    ));
#9994 = CARTESIAN_POINT('',(9.659561440658,0.324809519406,3.654999847496
    ));
#9995 = CARTESIAN_POINT('',(9.6537583608,0.486442596622,3.63499990737));
#9996 = CARTESIAN_POINT('',(9.647957047328,0.646536369627,3.605079066177
    ));
#9997 = CARTESIAN_POINT('',(9.642157219498,0.804336652289,3.565394339161
    ));
#9998 = CARTESIAN_POINT('',(9.626289599358,1.227870735109,3.430716327304
    ));
#9999 = CARTESIAN_POINT('',(9.61622282209,1.487543932501,3.316498487578)
  );
#10000 = CARTESIAN_POINT('',(9.606160234644,1.73417599866,3.174763396164
    ));
#10001 = CARTESIAN_POINT('',(9.59609528301,1.964221606999,3.00744574963)
  );
#10002 = CARTESIAN_POINT('',(9.586026133028,2.174467885083,
    2.816992499967));
#10003 = CARTESIAN_POINT('',(9.563953834832,2.585927133203,
    2.355593303949));
#10004 = CARTESIAN_POINT('',(9.551944361401,2.777771787741,
    2.076079363216));
#10005 = CARTESIAN_POINT('',(9.539937870909,2.932957095845,
    1.773215438256));
#10006 = CARTESIAN_POINT('',(9.527932855172,3.048241390968,
    1.453030221811));
#10007 = CARTESIAN_POINT('',(9.515924760039,3.121434053758,
    1.122008820116));
#10008 = CARTESIAN_POINT('',(9.491305562376,3.184007952995,
    0.435302824945));
#10009 = CARTESIAN_POINT('',(9.478685660947,3.168939062226,
    7.895573895803E-02));
#10010 = CARTESIAN_POINT('',(9.466072570984,3.105919544517,
    -0.273612526933));
#10011 = CARTESIAN_POINT('',(9.453458790561,2.996203239417,
    -0.614549454874));
#10012 = CARTESIAN_POINT('',(9.440838168782,2.842364918151,
    -0.936333445179));
#10013 = CARTESIAN_POINT('',(9.418713230475,2.503228886173,
    -1.454994035429));
#10014 = CARTESIAN_POINT('',(9.409202881628,2.334948374982,
    -1.663213342762));
#10015 = CARTESIAN_POINT('',(9.39969375468,2.146030086423,
    -1.853830051984));
#10016 = CARTESIAN_POINT('',(9.390184680043,1.93881362159,
    -2.024376669364));
#10017 = CARTESIAN_POINT('',(9.380674377112,1.715971481051,
    -2.172751086624));
#10018 = CARTESIAN_POINT('',(9.361997823477,1.253630726843,
    -2.417459461291));
#10019 = CARTESIAN_POINT('',(9.352829276486,1.014961104046,
    -2.515498191421));
#10020 = CARTESIAN_POINT('',(9.343662204447,0.767313167313,
    -2.589992700829));
#10021 = CARTESIAN_POINT('',(9.334495351389,0.513584737829,
    -2.640000992673));
#10022 = CARTESIAN_POINT('',(9.325327156557,0.256777587967,
    -2.664999999999));
#10023 = CARTESIAN_POINT('',(9.316159779296,-4.648707904389E-15,-2.665)
  );
#10024 = ORIENTED_EDGE('',*,*,#10025,.T.);
#10025 = EDGE_CURVE('',#9989,#9625,#10026,.T.);
#10026 = B_SPLINE_CURVE_WITH_KNOTS('',1,(#10027,#10028),.UNSPECIFIED.,
  .F.,.F.,(2,2),(0.,0.659896538121),.PIECEWISE_BEZIER_KNOTS.);
#10027 = CARTESIAN_POINT('',(9.694999767196,-1.866385308569E-07,
    3.706283646905));
#10028 = CARTESIAN_POINT('',(9.365055168092,-4.976603614042E-08,
    3.134794362188));
#10029 = ORIENTED_EDGE('',*,*,#9624,.T.);
#10030 = ORIENTED_EDGE('',*,*,#9550,.F.);
#10031 = ORIENTED_EDGE('',*,*,#9735,.F.);
#10032 = B_SPLINE_SURFACE_WITH_KNOTS('',1,9,(
    (#10033,#10034,#10035,#10036,#10037,#10038,#10039,#10040,#10041
      ,#10042,#10043,#10044,#10045,#10046,#10047,#10048,#10049,#10050
      ,#10051,#10052,#10053,#10054,#10055,#10056,#10057,#10058,#10059
      ,#10060,#10061,#10062,#10063)
    ,(#10064,#10065,#10066,#10067,#10068,#10069,#10070,#10071,#10072
      ,#10073,#10074,#10075,#10076,#10077,#10078,#10079,#10080,#10081
      ,#10082,#10083,#10084,#10085,#10086,#10087,#10088,#10089,#10090
      ,#10091,#10092,#10093,#10094
    )),.UNSPECIFIED.,.F.,.F.,.F.,(2,2),(10,7,7,7,10),(0.,0.659896538121)
  ,(0.,1.58079326614,3.161586532279,4.742379798419,6.323173064558),
  .UNSPECIFIED.);
#10033 = CARTESIAN_POINT('',(9.694999767196,-1.866384969169E-07,
    3.706283646905));
#10034 = CARTESIAN_POINT('',(9.675277509291,0.559602693436,
    3.706293243295));
#10035 = CARTESIAN_POINT('',(9.655555079423,1.119207318167,
    3.596494364722));
#10036 = CARTESIAN_POINT('',(9.635833069679,1.654185800305,
    3.376651701392));
#10037 = CARTESIAN_POINT('',(9.616110952701,2.13975852566,3.053439357383
    ));
#10038 = CARTESIAN_POINT('',(9.59638867613,2.553469249786,2.639781023954
    ));
#10039 = CARTESIAN_POINT('',(9.576666400655,2.876658101036,
    2.154151650504));
#10040 = CARTESIAN_POINT('',(9.556944141233,3.096423864538,
    1.619211355388));
#10041 = CARTESIAN_POINT('',(9.517499678762,3.316184834833,
    0.500005969729));
#10042 = CARTESIAN_POINT('',(9.478055279121,3.096418257453,
    -0.619206960266));
#10043 = CARTESIAN_POINT('',(9.458333084969,2.876655558155,
    -1.154155622165));
#10044 = CARTESIAN_POINT('',(9.438610864603,2.553476856418,
    -1.639791305986));
#10045 = CARTESIAN_POINT('',(9.418888620509,2.139791316306,
    -2.053483671365));
#10046 = CARTESIAN_POINT('',(9.399166378799,1.654155898997,
    -2.376666650369));
#10047 = CARTESIAN_POINT('',(9.379444155298,1.119207995876,
    -2.596418996554));
#10048 = CARTESIAN_POINT('',(9.339999720587,-2.457260194493E-07,
    -2.816169056911));
#10049 = CARTESIAN_POINT('',(9.300555285876,-1.119207464583,
    -2.596413787678));
#10050 = CARTESIAN_POINT('',(9.280833062378,-1.654153735059,
    -2.376661538867));
#10051 = CARTESIAN_POINT('',(9.261110820663,-2.13979191565,
    -2.053491376692));
#10052 = CARTESIAN_POINT('',(9.241388576564,-2.553488173113,
    -1.639805359613));
#10053 = CARTESIAN_POINT('',(9.221666356202,-2.876671016612,
    -1.154162545984));
#10054 = CARTESIAN_POINT('',(9.201944162058,-3.096419090336,
    -0.619208445606));
#10055 = CARTESIAN_POINT('',(9.162499762401,-3.316162904609,
    0.500005837379));
#10056 = CARTESIAN_POINT('',(9.123055299936,-3.096410915818,
    1.61920987004));
#10057 = CARTESIAN_POINT('',(9.103333040705,-2.876664696228,
    2.154155445365));
#10058 = CARTESIAN_POINT('',(9.083610764503,-2.553498576408,
    2.639782557927));
#10059 = CARTESIAN_POINT('',(9.063888489149,-2.139824285469,
    3.05350543577));
#10060 = CARTESIAN_POINT('',(9.04416637103,-1.654133536037,
    3.376665772495));
#10061 = CARTESIAN_POINT('',(9.024444361881,-1.119203926965,
    3.596389638091));
#10062 = CARTESIAN_POINT('',(9.004721931891,-0.559603070035,
    3.706299030549));
#10063 = CARTESIAN_POINT('',(8.984999673962,-1.899618224016E-07,
    3.706308627518));
#10064 = CARTESIAN_POINT('',(9.365055168092,-4.976600233042E-08,
    3.134794362188));
#10065 = CARTESIAN_POINT('',(9.345333472206,0.459880533211,
    3.134803610218));
#10066 = CARTESIAN_POINT('',(9.32561431272,0.919703290811,3.044579045989
    ));
#10067 = CARTESIAN_POINT('',(9.305888952792,1.359332707343,
    2.863931752143));
#10068 = CARTESIAN_POINT('',(9.286165187682,1.75837520933,2.598308877545
    ));
#10069 = CARTESIAN_POINT('',(9.26644375729,2.098335522082,2.258380703134
    ));
#10070 = CARTESIAN_POINT('',(9.246722325991,2.363923704681,
    1.859313557824));
#10071 = CARTESIAN_POINT('',(9.227000650793,2.544518690214,
    1.419723095272));
#10072 = CARTESIAN_POINT('',(9.187556472108,2.725110174664,
    0.500005988876));
#10073 = CARTESIAN_POINT('',(9.148111367151,2.544512968628,
    -0.419720788869));
#10074 = CARTESIAN_POINT('',(9.128388730965,2.36391907985,
    -0.859321747177));
#10075 = CARTESIAN_POINT('',(9.108666481345,2.09834305119,
    -1.258395735078));
#10076 = CARTESIAN_POINT('',(9.088944581664,1.758395437945,
    -1.598349572982));
#10077 = CARTESIAN_POINT('',(9.069222646833,1.359322757881,
    -1.863928879348));
#10078 = CARTESIAN_POINT('',(9.049500443441,0.919723247652,
    -2.044513318094));
#10079 = CARTESIAN_POINT('',(9.010055855476,-3.994056688428E-07,
    -2.225095284728));
#10080 = CARTESIAN_POINT('',(8.970611267511,-0.919723036945,
    -2.044508176582));
#10081 = CARTESIAN_POINT('',(8.950889064121,-1.359320948448,
    -1.863923779636));
#10082 = CARTESIAN_POINT('',(8.931167129288,-1.758396266464,
    -1.598356807802));
#10083 = CARTESIAN_POINT('',(8.9114452296,-2.098354193024,
    -1.258409062393));
#10084 = CARTESIAN_POINT('',(8.891722979985,-2.363934175473,
    -0.859328155001));
#10085 = CARTESIAN_POINT('',(8.872000343806,-2.544513882615,
    -0.419721921255));
#10086 = CARTESIAN_POINT('',(8.832555238835,-2.725088988476,
    0.50000618505));
#10087 = CARTESIAN_POINT('',(8.793111060154,-2.544506071448,
    1.419721962878));
#10088 = CARTESIAN_POINT('',(8.77338938514,-2.363929914481,
    1.859317505022));
#10089 = CARTESIAN_POINT('',(8.753667953141,-2.098363644641,
    2.258382434573));
#10090 = CARTESIAN_POINT('',(8.733946523922,-1.758438488571,
    2.598372923143));
#10091 = CARTESIAN_POINT('',(8.714222757712,-1.359281935187,
    2.863945507491));
#10092 = CARTESIAN_POINT('',(8.694497398357,-0.919699712099,
    3.04447798183));
#10093 = CARTESIAN_POINT('',(8.674778238755,-0.459880583737,
    3.134809255795));
#10094 = CARTESIAN_POINT('',(8.655056542844,-7.604842151191E-10,
    3.134818495274));
#10095 = ADVANCED_FACE('',(#10096),#10141,.F.);
#10096 = FACE_BOUND('',#10097,.F.);
#10097 = EDGE_LOOP('',(#10098,#10134,#10139,#10140));
#10098 = ORIENTED_EDGE('',*,*,#10099,.F.);
#10099 = EDGE_CURVE('',#10100,#9625,#10102,.T.);
#10100 = VERTEX_POINT('',#10101);
#10101 = CARTESIAN_POINT('',(10.075053793278,-9.877367798572E-08,
    3.134770229094));
#10102 = B_SPLINE_CURVE_WITH_KNOTS('',9,(#10103,#10104,#10105,#10106,
    #10107,#10108,#10109,#10110,#10111,#10112,#10113,#10114,#10115,
    #10116,#10117,#10118,#10119,#10120,#10121,#10122,#10123,#10124,
    #10125,#10126,#10127,#10128,#10129,#10130,#10131,#10132,#10133),
  .UNSPECIFIED.,.F.,.F.,(10,7,7,7,10),(0.,1.58079326614,3.161586532279,
    4.742379798419,6.323173064558),.UNSPECIFIED.);
#10103 = CARTESIAN_POINT('',(10.075053793278,-9.877367500572E-08,
    3.134770229094));
#10104 = CARTESIAN_POINT('',(10.055332097415,0.459876273091,
    3.134779485681));
#10105 = CARTESIAN_POINT('',(10.035612938067,0.919694818746,
    3.044555756673));
#10106 = CARTESIAN_POINT('',(10.015887577998,1.359320212234,
    2.863910126084));
#10107 = CARTESIAN_POINT('',(9.996163812818,1.758359065051,
    2.598289690783));
#10108 = CARTESIAN_POINT('',(9.976442382462,2.098316269789,
    2.258364636246));
#10109 = CARTESIAN_POINT('',(9.956720951199,2.363902027442,
    1.859301151257));
#10110 = CARTESIAN_POINT('',(9.936999276026,2.544495367047,
    1.419714718538));
#10111 = CARTESIAN_POINT('',(9.897555097352,2.725085214547,
    0.500006039569));
#10112 = CARTESIAN_POINT('',(9.858109992366,2.544489679665,
    -0.419712317555));
#10113 = CARTESIAN_POINT('',(9.838387356161,2.36389745309,
    -0.859309252839));
#10114 = CARTESIAN_POINT('',(9.818665106541,2.098323864325,
    -1.258379590315));
#10115 = CARTESIAN_POINT('',(9.798943206872,1.758379371244,
    -1.598330320687));
#10116 = CARTESIAN_POINT('',(9.779221272056,1.359310351528,
    -1.863907201975));
#10117 = CARTESIAN_POINT('',(9.759499068664,0.919714871066,
    -2.044489994901));
#10118 = CARTESIAN_POINT('',(9.720054480693,-3.487201906381E-07,
    -2.225070324634));
#10119 = CARTESIAN_POINT('',(9.680609892721,-0.919714565705,
    -2.044484887602));
#10120 = CARTESIAN_POINT('',(9.660887689332,-1.359308454158,
    -1.863902152828));
#10121 = CARTESIAN_POINT('',(9.641165754512,-1.758380121706,
    -1.598337620917));
#10122 = CARTESIAN_POINT('',(9.621443854839,-2.098334940746,
    -1.258392995684));
#10123 = CARTESIAN_POINT('',(9.601721605222,-2.363912498146,
    -0.859315748597));
#10124 = CARTESIAN_POINT('',(9.581998969024,-2.544490559439,
    -0.419713544594));
#10125 = CARTESIAN_POINT('',(9.542553864024,-2.725064028362,
    0.500006134372));
#10126 = CARTESIAN_POINT('',(9.503109685355,-2.544482782496,
    1.419713491491));
#10127 = CARTESIAN_POINT('',(9.483388010365,-2.363908287808,
    1.859305010519));
#10128 = CARTESIAN_POINT('',(9.463666578402,-2.098344457754,
    2.25836628963));
#10129 = CARTESIAN_POINT('',(9.443945149219,-1.75842242234,
    2.598353670961));
#10130 = CARTESIAN_POINT('',(9.424221382939,-1.359269528016,
    2.863923830862));
#10131 = CARTESIAN_POINT('',(9.404496023443,-0.919691334688,
    3.044454658311));
#10132 = CARTESIAN_POINT('',(9.384776863979,-0.459876421631,
    3.134785114153));
#10133 = CARTESIAN_POINT('',(9.365055168092,-4.976603614042E-08,
    3.134794362188));
#10134 = ORIENTED_EDGE('',*,*,#10135,.T.);
#10135 = EDGE_CURVE('',#10100,#9843,#10136,.T.);
#10136 = B_SPLINE_CURVE_WITH_KNOTS('',1,(#10137,#10138),.UNSPECIFIED.,
  .F.,.F.,(2,2),(0.,4.010346187924E-02),.PIECEWISE_BEZIER_KNOTS.);
#10137 = CARTESIAN_POINT('',(10.075053793278,-9.877368930572E-08,
    3.134770229094));
#10138 = CARTESIAN_POINT('',(10.034950331399,-9.803825002792E-08,
    3.134770074573));
#10139 = ORIENTED_EDGE('',*,*,#9842,.T.);
#10140 = ORIENTED_EDGE('',*,*,#9660,.F.);
#10141 = B_SPLINE_SURFACE_WITH_KNOTS('',1,9,(
    (#10142,#10143,#10144,#10145,#10146,#10147,#10148,#10149,#10150
      ,#10151,#10152,#10153,#10154,#10155,#10156,#10157,#10158,#10159
      ,#10160,#10161,#10162,#10163,#10164,#10165,#10166,#10167,#10168
      ,#10169,#10170,#10171,#10172)
    ,(#10173,#10174,#10175,#10176,#10177,#10178,#10179,#10180,#10181
      ,#10182,#10183,#10184,#10185,#10186,#10187,#10188,#10189,#10190
      ,#10191,#10192,#10193,#10194,#10195,#10196,#10197,#10198,#10199
      ,#10200,#10201,#10202,#10203
    )),.UNSPECIFIED.,.F.,.F.,.F.,(2,2),(10,7,7,7,10),(0.,
    4.010346187924E-02),(0.,1.58079326614,3.161586532279,4.742379798419,
    6.323173064558),.UNSPECIFIED.);
#10142 = CARTESIAN_POINT('',(10.075053793278,-9.877367478572E-08,
    3.134770229094));
#10143 = CARTESIAN_POINT('',(10.055332097415,0.459876273091,
    3.134779485681));
#10144 = CARTESIAN_POINT('',(10.035612938067,0.919694818746,
    3.044555756673));
#10145 = CARTESIAN_POINT('',(10.015887577998,1.359320212234,
    2.863910126084));
#10146 = CARTESIAN_POINT('',(9.996163812818,1.758359065051,
    2.598289690783));
#10147 = CARTESIAN_POINT('',(9.976442382462,2.098316269789,
    2.258364636246));
#10148 = CARTESIAN_POINT('',(9.956720951199,2.363902027442,
    1.859301151257));
#10149 = CARTESIAN_POINT('',(9.936999276026,2.544495367047,
    1.419714718538));
#10150 = CARTESIAN_POINT('',(9.897555097352,2.725085214547,
    0.500006039569));
#10151 = CARTESIAN_POINT('',(9.858109992366,2.544489679665,
    -0.419712317555));
#10152 = CARTESIAN_POINT('',(9.838387356161,2.36389745309,
    -0.859309252839));
#10153 = CARTESIAN_POINT('',(9.818665106541,2.098323864325,
    -1.258379590315));
#10154 = CARTESIAN_POINT('',(9.798943206872,1.758379371244,
    -1.598330320687));
#10155 = CARTESIAN_POINT('',(9.779221272056,1.359310351528,
    -1.863907201975));
#10156 = CARTESIAN_POINT('',(9.759499068664,0.919714871066,
    -2.044489994901));
#10157 = CARTESIAN_POINT('',(9.720054480693,-3.487201965481E-07,
    -2.225070324634));
#10158 = CARTESIAN_POINT('',(9.680609892721,-0.919714565705,
    -2.044484887602));
#10159 = CARTESIAN_POINT('',(9.660887689332,-1.359308454158,
    -1.863902152828));
#10160 = CARTESIAN_POINT('',(9.641165754512,-1.758380121706,
    -1.598337620917));
#10161 = CARTESIAN_POINT('',(9.621443854839,-2.098334940746,
    -1.258392995684));
#10162 = CARTESIAN_POINT('',(9.601721605222,-2.363912498146,
    -0.859315748597));
#10163 = CARTESIAN_POINT('',(9.581998969024,-2.544490559439,
    -0.419713544594));
#10164 = CARTESIAN_POINT('',(9.542553864024,-2.725064028362,
    0.500006134372));
#10165 = CARTESIAN_POINT('',(9.503109685355,-2.544482782496,
    1.419713491491));
#10166 = CARTESIAN_POINT('',(9.483388010365,-2.363908287808,
    1.859305010519));
#10167 = CARTESIAN_POINT('',(9.463666578402,-2.098344457754,
    2.25836628963));
#10168 = CARTESIAN_POINT('',(9.443945149219,-1.75842242234,
    2.598353670961));
#10169 = CARTESIAN_POINT('',(9.424221382939,-1.359269528017,
    2.863923830862));
#10170 = CARTESIAN_POINT('',(9.404496023443,-0.919691334688,
    3.044454658311));
#10171 = CARTESIAN_POINT('',(9.384776863979,-0.459876421631,
    3.134785114153));
#10172 = CARTESIAN_POINT('',(9.365055168092,-4.976603614042E-08,
    3.134794362188));
#10173 = CARTESIAN_POINT('',(10.034950331399,-9.803823505792E-08,
    3.134770074573));
#10174 = CARTESIAN_POINT('',(10.015228635536,0.459876237876,
    3.134779291593));
#10175 = CARTESIAN_POINT('',(9.99550947619,0.919694739791,3.044555341784
    ));
#10176 = CARTESIAN_POINT('',(9.97578411612,1.359319998138,2.863909970277
    ));
#10177 = CARTESIAN_POINT('',(9.956060350937,1.758359063114,
    2.598289662977));
#10178 = CARTESIAN_POINT('',(9.936338920584,2.098316166149,
    2.258364501943));
#10179 = CARTESIAN_POINT('',(9.91661748932,2.363901856174,1.859301052827
    ));
#10180 = CARTESIAN_POINT('',(9.896895814147,2.544495141366,
    1.419714643597));
#10181 = CARTESIAN_POINT('',(9.857451635474,2.725084956242,
    0.500006039339));
#10182 = CARTESIAN_POINT('',(9.818006530487,2.544489482429,
    -0.419712248661));
#10183 = CARTESIAN_POINT('',(9.798283894282,2.363897300138,
    -0.859309160788));
#10184 = CARTESIAN_POINT('',(9.778561644662,2.098323723605,
    -1.258379481762));
#10185 = CARTESIAN_POINT('',(9.758839744994,1.758379235015,
    -1.598330172467));
#10186 = CARTESIAN_POINT('',(9.739117810177,1.359310240813,
    -1.863907006567));
#10187 = CARTESIAN_POINT('',(9.719395606786,0.919714798094,
    -2.044489785179));
#10188 = CARTESIAN_POINT('',(9.679951018814,-3.476644272403E-07,
    -2.225070111546));
#10189 = CARTESIAN_POINT('',(9.640506430842,-0.919714494845,
    -2.044484699389));
#10190 = CARTESIAN_POINT('',(9.620784227453,-1.359308352293,
    -1.863901978542));
#10191 = CARTESIAN_POINT('',(9.601062292634,-1.758379982941,
    -1.598337440977));
#10192 = CARTESIAN_POINT('',(9.58134039296,-2.098334753305,
    -1.258392829243));
#10193 = CARTESIAN_POINT('',(9.561618143344,-2.363912281405,
    -0.859315628068));
#10194 = CARTESIAN_POINT('',(9.541895507146,-2.54449035874,
    -0.419713469654));
#10195 = CARTESIAN_POINT('',(9.502450402145,-2.725063860491,
    0.500006134603));
#10196 = CARTESIAN_POINT('',(9.463006223476,-2.544482610242,
    1.419713422596));
#10197 = CARTESIAN_POINT('',(9.443284548486,-2.363908089384,
    1.859304896366));
#10198 = CARTESIAN_POINT('',(9.423563116525,-2.098344233233,
    2.258366148935));
#10199 = CARTESIAN_POINT('',(9.403841687339,-1.758422149291,
    2.598353370609));
#10200 = CARTESIAN_POINT('',(9.384117921062,-1.359269529519,
    2.863923616988));
#10201 = CARTESIAN_POINT('',(9.364392561562,-0.919691269797,
    3.044454675259));
#10202 = CARTESIAN_POINT('',(9.3446734021,-0.459876384944,3.134784896185
    ));
#10203 = CARTESIAN_POINT('',(9.324951706214,-4.903057843261E-08,
    3.134794104654));
#10204 = ADVANCED_FACE('',(#10205),#10308,.T.);
#10205 = FACE_BOUND('',#10206,.T.);
#10206 = EDGE_LOOP('',(#10207,#10208,#10209,#10252,#10260,#10307));
#10207 = ORIENTED_EDGE('',*,*,#9778,.F.);
#10208 = ORIENTED_EDGE('',*,*,#9988,.F.);
#10209 = ORIENTED_EDGE('',*,*,#10210,.F.);
#10210 = EDGE_CURVE('',#10211,#9989,#10213,.T.);
#10211 = VERTEX_POINT('',#10212);
#10212 = CARTESIAN_POINT('',(10.026174153453,-4.964017626791E-15,-2.665)
  );
#10213 = B_SPLINE_CURVE_WITH_KNOTS('',7,(#10214,#10215,#10216,#10217,
    #10218,#10219,#10220,#10221,#10222,#10223,#10224,#10225,#10226,
    #10227,#10228,#10229,#10230,#10231,#10232,#10233,#10234,#10235,
    #10236,#10237,#10238,#10239,#10240,#10241,#10242,#10243,#10244,
    #10245,#10246,#10247,#10248,#10249,#10250,#10251),.UNSPECIFIED.,.F.,
  .F.,(8,6,6,6,6,6,8),(0.,4.888287116938E-02,0.278873303831,
    0.520451739399,0.732189610026,0.897057475874,1.),.UNSPECIFIED.);
#10214 = CARTESIAN_POINT('',(10.026174153453,-5.294017626791E-15,-2.665)
  );
#10215 = CARTESIAN_POINT('',(10.023695452494,-6.94282383599E-02,-2.665)
  );
#10216 = CARTESIAN_POINT('',(10.021216734572,-0.138856568395,
    -2.663223168527));
#10217 = CARTESIAN_POINT('',(10.018737997976,-0.20823027289,
    -2.659669510115));
#10218 = CARTESIAN_POINT('',(10.016259241268,-0.277494798468,
    -2.654341119243));
#10219 = CARTESIAN_POINT('',(10.013780463276,-0.34659575559,
    -2.647242180341));
#10220 = CARTESIAN_POINT('',(10.011301663097,-0.415478918557,
    -2.638378967783));
#10221 = CARTESIAN_POINT('',(9.997160154151,-0.80690154558,
    -2.57779763254));
#10222 = CARTESIAN_POINT('',(9.985491635128,-1.123843471207,
    -2.488942547712));
#10223 = CARTESIAN_POINT('',(9.973826875154,-1.429022943124,
    -2.362045418594));
#10224 = CARTESIAN_POINT('',(9.962163038018,-1.717058121073,
    -2.199096491564));
#10225 = CARTESIAN_POINT('',(9.950498089346,-1.98302316508,
    -2.002882485436));
#10226 = CARTESIAN_POINT('',(9.938829433171,-2.222440056525,
    -1.776991114711));
#10227 = CARTESIAN_POINT('',(9.914916622052,-2.651183644605,
    -1.262434945881));
#10228 = CARTESIAN_POINT('',(9.902660482818,-2.837604660125,
    -0.97090940839));
#10229 = CARTESIAN_POINT('',(9.890410897845,-2.986306968882,
    -0.656733197309));
#10230 = CARTESIAN_POINT('',(9.878163620211,-3.094205217106,
    -0.325805767354));
#10231 = CARTESIAN_POINT('',(9.865914636028,-3.159267552935,
    1.564120814184E-02));
#10232 = CARTESIAN_POINT('',(9.853658807616,-3.180508954685,
    0.361023394848));
#10233 = CARTESIAN_POINT('',(9.830671632487,-3.139126526568,
    1.003536145941));
#10234 = CARTESIAN_POINT('',(9.819930293591,-3.086522270481,
    1.301601346143));
#10235 = CARTESIAN_POINT('',(9.809190590415,-3.000903518277,
    1.593013217776));
#10236 = CARTESIAN_POINT('',(9.798451891747,-2.883357453644,
    1.87344443868));
#10237 = CARTESIAN_POINT('',(9.78771172077,-2.735596894227,
    2.138808714595));
#10238 = CARTESIAN_POINT('',(9.776970028234,-2.559945093318,
    2.385297068873));
#10239 = CARTESIAN_POINT('',(9.757872660946,-2.203436365649,
    2.784058822756));
#10240 = CARTESIAN_POINT('',(9.749512055999,-2.032279398068,
    2.945176135538));
#10241 = CARTESIAN_POINT('',(9.74115296726,-1.847458676359,
    3.091238935314));
#10242 = CARTESIAN_POINT('',(9.732794974249,-1.650576087453,
    3.220886148417));
#10243 = CARTESIAN_POINT('',(9.724436497861,-1.443378427808,
    3.332967478815));
#10244 = CARTESIAN_POINT('',(9.716076376121,-1.227748957579,
    3.426549001613));
#10245 = CARTESIAN_POINT('',(9.702495743692,-0.867093263475,
    3.547417159478));
#10246 = CARTESIAN_POINT('',(9.697274928194,-0.725955876546,
    3.586406293888));
#10247 = CARTESIAN_POINT('',(9.69205359108,-0.582799644671,
    3.617761445087));
#10248 = CARTESIAN_POINT('',(9.686831656732,-0.43812022447,3.64135997853
    ));
#10249 = CARTESIAN_POINT('',(9.681609167747,-0.292420374255,
    3.657119893704));
#10250 = CARTESIAN_POINT('',(9.676386569718,-0.146208995908,
    3.664999984571));
#10251 = CARTESIAN_POINT('',(9.671164996025,-1.767510385064E-07,3.665));
#10252 = ORIENTED_EDGE('',*,*,#10253,.T.);
#10253 = EDGE_CURVE('',#10211,#10254,#10256,.T.);
#10254 = VERTEX_POINT('',#10255);
#10255 = CARTESIAN_POINT('',(10.083810530541,-4.989613319951E-15,-2.665)
  );
#10256 = LINE('',#10257,#10258);
#10257 = CARTESIAN_POINT('',(6.446202902092,-4.304191022488E-15,-2.665)
  );
#10258 = VECTOR('',#10259,1.);
#10259 = DIRECTION('',(1.,-8.840892098501E-16,4.4E-16));
#10260 = ORIENTED_EDGE('',*,*,#10261,.T.);
#10261 = EDGE_CURVE('',#10254,#9879,#10262,.T.);
#10262 = B_SPLINE_CURVE_WITH_KNOTS('',7,(#10263,#10264,#10265,#10266,
    #10267,#10268,#10269,#10270,#10271,#10272,#10273,#10274,#10275,
    #10276,#10277,#10278,#10279,#10280,#10281,#10282,#10283,#10284,
    #10285,#10286,#10287,#10288,#10289,#10290,#10291,#10292,#10293,
    #10294,#10295,#10296,#10297,#10298,#10299,#10300,#10301,#10302,
    #10303,#10304,#10305,#10306),.UNSPECIFIED.,.F.,.F.,(8,6,6,6,6,6,6,8)
  ,(0.,4.345850338779E-02,0.281435797485,0.374522799351,0.518530563239,
    0.732294792266,0.892100222851,1.),.UNSPECIFIED.);
#10263 = CARTESIAN_POINT('',(10.083810530541,-5.319613319951E-15,-2.665)
  );
#10264 = CARTESIAN_POINT('',(10.081606647825,-6.172605587588E-02,-2.665)
  );
#10265 = CARTESIAN_POINT('',(10.07940277733,-0.123452151781,
    -2.663595537115));
#10266 = CARTESIAN_POINT('',(10.077198920247,-0.185139875702,
    -2.660786611311));
#10267 = CARTESIAN_POINT('',(10.074995077924,-0.246750895088,
    -2.656574530421));
#10268 = CARTESIAN_POINT('',(10.072791251871,-0.308246956849,
    -2.650961910143));
#10269 = CARTESIAN_POINT('',(10.070587443753,-0.36958988736,
    -2.643952674043));
#10270 = CARTESIAN_POINT('',(10.056315784922,-0.76560626044,
    -2.58955053998));
#10271 = CARTESIAN_POINT('',(10.044242166388,-1.094913421891,
    -2.501801843092));
#10272 = CARTESIAN_POINT('',(10.03217438895,-1.412096376102,
    -2.373133393879));
#10273 = CARTESIAN_POINT('',(10.0201086602,-1.711168677809,
    -2.20570015959));
#10274 = CARTESIAN_POINT('',(10.008041025158,-1.986661371088,
    -2.002563929837));
#10275 = CARTESIAN_POINT('',(9.995967484341,-2.233608066644,
    -1.767701579389));
#10276 = CARTESIAN_POINT('',(9.979178969749,-2.531681529168,
    -1.404020635874));
#10277 = CARTESIAN_POINT('',(9.974458287334,-2.610509568363,
    -1.297676661624));
#10278 = CARTESIAN_POINT('',(9.969737530301,-2.684114297011,
    -1.187540418735));
#10279 = CARTESIAN_POINT('',(9.96501668914,-2.752278401049,
    -1.073920526361));
#10280 = CARTESIAN_POINT('',(9.960295723355,-2.814808080487,
    -0.957140025373));
#10281 = CARTESIAN_POINT('',(9.955574637278,-2.871533332237,
    -0.837535898951));
#10282 = CARTESIAN_POINT('',(9.943549932778,-3.000858189056,
    -0.526602152683));
#10283 = CARTESIAN_POINT('',(9.936245671644,-3.065174579852,
    -0.33180979202));
#10284 = CARTESIAN_POINT('',(9.928941749994,-3.11470805935,
    -0.132392381215));
#10285 = CARTESIAN_POINT('',(9.9216381737,-3.149077191636,
    7.030328647824E-02));
#10286 = CARTESIAN_POINT('',(9.914334612373,-3.168048924051,
    0.274902768767));
#10287 = CARTESIAN_POINT('',(9.907031030991,-3.171539407368,
    0.480008805489));
#10288 = CARTESIAN_POINT('',(9.888888215654,-3.141964576531,
    0.98730686372));
#10289 = CARTESIAN_POINT('',(9.878045296013,-3.090364485,1.288537173842)
  );
#10290 = CARTESIAN_POINT('',(9.867205845786,-3.005073372638,
    1.583144737617));
#10291 = CARTESIAN_POINT('',(9.856368623548,-2.887192047993,
    1.866671404998));
#10292 = CARTESIAN_POINT('',(9.845529551522,-2.738470997985,
    2.13490679286));
#10293 = CARTESIAN_POINT('',(9.834686876299,-2.561294545267,
    2.383926612012));
#10294 = CARTESIAN_POINT('',(9.815742994562,-2.207527552591,
    2.779378504114));
#10295 = CARTESIAN_POINT('',(9.807637751088,-2.042023189188,
    2.935901126766));
#10296 = CARTESIAN_POINT('',(9.799532521344,-1.863643986211,
    3.078321752784));
#10297 = CARTESIAN_POINT('',(9.79142720666,-1.67384323032,3.205394775857
    ));
#10298 = CARTESIAN_POINT('',(9.783321482628,-1.474203755504,
    3.316060442857));
#10299 = CARTESIAN_POINT('',(9.775215789772,-1.266430878095,
    3.409449623407));
#10300 = CARTESIAN_POINT('',(9.761640344873,-0.90783176956,
    3.535877713708));
#10301 = CARTESIAN_POINT('',(9.756169057406,-0.760414896371,
    3.578670896232));
#10302 = CARTESIAN_POINT('',(9.750698409074,-0.610675144453,
    3.613103147872));
#10303 = CARTESIAN_POINT('',(9.745228443216,-0.459181758385,
    3.639026520596));
#10304 = CARTESIAN_POINT('',(9.739758951036,-0.306512994114,
    3.656342050922));
#10305 = CARTESIAN_POINT('',(9.734289459163,-0.153254911233,
    3.664999984384));
#10306 = CARTESIAN_POINT('',(9.72881921721,-1.65250765792E-07,3.665));
#10307 = ORIENTED_EDGE('',*,*,#9885,.T.);
#10308 = CYLINDRICAL_SURFACE('',#10309,3.165);
#10309 = AXIS2_PLACEMENT_3D('',#10310,#10311,#10312);
#10310 = CARTESIAN_POINT('',(6.446202902092,-2.854191022488E-15,0.5));
#10311 = DIRECTION('',(1.,-5.540892098501E-16,4.4E-16));
#10312 = DIRECTION('',(4.4E-16,7.E-17,-1.));
#10313 = ADVANCED_FACE('',(#10314),#10396,.F.);
#10314 = FACE_BOUND('',#10315,.F.);
#10315 = EDGE_LOOP('',(#10316,#10352,#10359,#10394,#10395));
#10316 = ORIENTED_EDGE('',*,*,#10317,.F.);
#10317 = EDGE_CURVE('',#10318,#9843,#10320,.T.);
#10318 = VERTEX_POINT('',#10319);
#10319 = CARTESIAN_POINT('',(10.744948956522,-1.470481482832E-07,
    3.134746044501));
#10320 = B_SPLINE_CURVE_WITH_KNOTS('',9,(#10321,#10322,#10323,#10324,
    #10325,#10326,#10327,#10328,#10329,#10330,#10331,#10332,#10333,
    #10334,#10335,#10336,#10337,#10338,#10339,#10340,#10341,#10342,
    #10343,#10344,#10345,#10346,#10347,#10348,#10349,#10350,#10351),
  .UNSPECIFIED.,.F.,.F.,(10,7,7,7,10),(0.,1.58079326614,3.161586532279,
    4.742379798419,6.323173064558),.UNSPECIFIED.);
#10321 = CARTESIAN_POINT('',(10.744948956522,-1.470481470532E-07,
    3.134746044501));
#10322 = CARTESIAN_POINT('',(10.725227260683,0.45987199573,
    3.134755270069));
#10323 = CARTESIAN_POINT('',(10.705508101474,0.919686303684,
    3.044532151952));
#10324 = CARTESIAN_POINT('',(10.685782741264,1.359307556173,
    2.863888436639));
#10325 = CARTESIAN_POINT('',(10.666058976011,1.758342987578,
    2.598270558257));
#10326 = CARTESIAN_POINT('',(10.646337545694,2.098296995894,
    2.258348503806));
#10327 = CARTESIAN_POINT('',(10.626616114465,2.363880271357,
    1.859288699409));
#10328 = CARTESIAN_POINT('',(10.606894439317,2.544471917682,
    1.419706302825));
#10329 = CARTESIAN_POINT('',(10.567450260655,2.725060102669,
    0.500006090035));
#10330 = CARTESIAN_POINT('',(10.528005155639,2.54446629295,
    -0.419703813303));
#10331 = CARTESIAN_POINT('',(10.508282519416,2.363875765803,
    -0.859296719592));
#10332 = CARTESIAN_POINT('',(10.488560269794,2.098304618782,
    -1.258363405745));
#10333 = CARTESIAN_POINT('',(10.468838370141,1.758363237066,
    -1.59831100221));
#10334 = CARTESIAN_POINT('',(10.449116435337,1.359297887607,
    -1.863885421616));
#10335 = CARTESIAN_POINT('',(10.429394231946,0.919706457469,
    -2.044466561469));
#10336 = CARTESIAN_POINT('',(10.389949643968,-2.969758945556E-07,
    -2.225045257997));
#10337 = CARTESIAN_POINT('',(10.350505055989,-0.919706059561,
    -2.044461509893));
#10338 = CARTESIAN_POINT('',(10.330782852603,-1.359295911147,
    -1.86388044416));
#10339 = CARTESIAN_POINT('',(10.311060917793,-1.758363906929,
    -1.598318336133));
#10340 = CARTESIAN_POINT('',(10.291339018138,-2.098315583066,
    -1.258376831286));
#10341 = CARTESIAN_POINT('',(10.271616768517,-2.363890696499,
    -0.859303274812));
#10342 = CARTESIAN_POINT('',(10.251894132302,-2.544467135046,
    -0.419705128955));
#10343 = CARTESIAN_POINT('',(10.212449027271,-2.725039006921,
    0.500006083922));
#10344 = CARTESIAN_POINT('',(10.173004848615,-2.544459420774,
    1.419704987165));
#10345 = CARTESIAN_POINT('',(10.153283173649,-2.363886555135,
    1.859292455006));
#10346 = CARTESIAN_POINT('',(10.133561741723,-2.098325128389,
    2.258350072737));
#10347 = CARTESIAN_POINT('',(10.113840312573,-1.758406151808,
    2.598334200467));
#10348 = CARTESIAN_POINT('',(10.094116546226,-1.359257175501,
    2.863902032777));
#10349 = CARTESIAN_POINT('',(10.074391186586,-0.919682928351,
    3.044431451226));
#10350 = CARTESIAN_POINT('',(10.054672027261,-0.459872240815,
    3.134760857556));
#10351 = CARTESIAN_POINT('',(10.034950331399,-9.803825002792E-08,
    3.134770074573));
#10352 = ORIENTED_EDGE('',*,*,#10353,.T.);
#10353 = EDGE_CURVE('',#10318,#10354,#10356,.T.);
#10354 = VERTEX_POINT('',#10355);
#10355 = CARTESIAN_POINT('',(10.438805784532,-1.657105611473E-07,3.665)
  );
#10356 = B_SPLINE_CURVE_WITH_KNOTS('',1,(#10357,#10358),.UNSPECIFIED.,
  .F.,.F.,(2,2),(0.,0.659896538121),.PIECEWISE_BEZIER_KNOTS.);
#10357 = CARTESIAN_POINT('',(10.744948956522,-1.470481245032E-07,
    3.134746044501));
#10358 = CARTESIAN_POINT('',(10.414999953472,-1.671617603767E-07,
    3.706232786613));
#10359 = ORIENTED_EDGE('',*,*,#10360,.T.);
#10360 = EDGE_CURVE('',#10354,#10254,#10361,.T.);
#10361 = B_SPLINE_CURVE_WITH_KNOTS('',6,(#10362,#10363,#10364,#10365,
    #10366,#10367,#10368,#10369,#10370,#10371,#10372,#10373,#10374,
    #10375,#10376,#10377,#10378,#10379,#10380,#10381,#10382,#10383,
    #10384,#10385,#10386,#10387,#10388,#10389,#10390,#10391,#10392,
    #10393),.UNSPECIFIED.,.F.,.F.,(7,5,5,5,5,5,7),(0.,0.101550569569,
    0.265382223079,0.474325790972,0.682122198535,0.843796332379,1.),
  .UNSPECIFIED.);
#10362 = CARTESIAN_POINT('',(10.438805784532,-1.657105830673E-07,3.665)
  );
#10363 = CARTESIAN_POINT('',(10.432799315064,0.168278539106,
    3.66500000045));
#10364 = CARTESIAN_POINT('',(10.42679646424,0.336560819916,
    3.654263181918));
#10365 = CARTESIAN_POINT('',(10.420793078524,0.503982725804,
    3.63278991849));
#10366 = CARTESIAN_POINT('',(10.414787765541,0.6696919276,3.600671197636
    ));
#10367 = CARTESIAN_POINT('',(10.408780691891,0.832850663702,
    3.558088032189));
#10368 = CARTESIAN_POINT('',(10.393079165819,1.250424890355,
    3.420165418115));
#10369 = CARTESIAN_POINT('',(10.383381105491,1.499483644661,
    3.308473211194));
#10370 = CARTESIAN_POINT('',(10.373683003394,1.736313834849,
    3.171375732336));
#10371 = CARTESIAN_POINT('',(10.363986908266,1.957759217418,
    3.010607916624));
#10372 = CARTESIAN_POINT('',(10.354291171455,2.160952566918,
    2.828349758684));
#10373 = CARTESIAN_POINT('',(10.33223668405,2.576151520163,
    2.370975557925));
#10374 = CARTESIAN_POINT('',(10.319873018083,2.775307047568,
    2.083966018209));
#10375 = CARTESIAN_POINT('',(10.307516244132,2.935638536424,
    1.772012628442));
#10376 = CARTESIAN_POINT('',(10.295157842211,3.053600652497,
    1.441700771473));
#10377 = CARTESIAN_POINT('',(10.282792620848,3.126813319323,
    1.100120391119));
#10378 = CARTESIAN_POINT('',(10.258136764051,3.182453804446,
    0.41178973237));
#10379 = CARTESIAN_POINT('',(10.245837216396,3.165398469333,
    6.482332692949E-02));
#10380 = CARTESIAN_POINT('',(10.233542141117,3.102872947163,
    -0.278294721555));
#10381 = CARTESIAN_POINT('',(10.221247752082,2.996056238439,
    -0.61030330854));
#10382 = CARTESIAN_POINT('',(10.208948991265,2.847335869603,
    -0.924244312139));
#10383 = CARTESIAN_POINT('',(10.18709004286,2.515825787031,
    -1.438974147915));
#10384 = CARTESIAN_POINT('',(10.177523963665,2.347863880083,
    -1.649506803528));
#10385 = CARTESIAN_POINT('',(10.167959564771,2.158907328259,
    -1.842354324092));
#10386 = CARTESIAN_POINT('',(10.158395086115,1.951323268417,
    -2.014991408196));
#10387 = CARTESIAN_POINT('',(10.148828877467,1.727821091097,
    -2.165264405643));
#10388 = CARTESIAN_POINT('',(10.130022171293,1.26322749457,
    -2.413499842241));
#10389 = CARTESIAN_POINT('',(10.120779325643,1.022930029165,
    -2.513090755479));
#10390 = CARTESIAN_POINT('',(10.111537498942,0.773438183568,
    -2.588780480143));
#10391 = CARTESIAN_POINT('',(10.102295482037,0.51771804494,
    -2.639597073985));
#10392 = CARTESIAN_POINT('',(10.093052351374,0.25884369653,
    -2.664999999999));
#10393 = CARTESIAN_POINT('',(10.083810530541,-5.479613319951E-15,-2.665)
  );
#10394 = ORIENTED_EDGE('',*,*,#10261,.T.);
#10395 = ORIENTED_EDGE('',*,*,#9878,.F.);
#10396 = B_SPLINE_SURFACE_WITH_KNOTS('',1,9,(
    (#10397,#10398,#10399,#10400,#10401,#10402,#10403,#10404,#10405
      ,#10406,#10407,#10408,#10409,#10410,#10411,#10412,#10413,#10414
      ,#10415,#10416,#10417,#10418,#10419,#10420,#10421,#10422,#10423
      ,#10424,#10425,#10426,#10427)
    ,(#10428,#10429,#10430,#10431,#10432,#10433,#10434,#10435,#10436
      ,#10437,#10438,#10439,#10440,#10441,#10442,#10443,#10444,#10445
      ,#10446,#10447,#10448,#10449,#10450,#10451,#10452,#10453,#10454
      ,#10455,#10456,#10457,#10458
    )),.UNSPECIFIED.,.F.,.F.,.F.,(2,2),(10,7,7,7,10),(0.,0.659896538121)
  ,(0.,1.58079326614,3.161586532279,4.742379798419,6.323173064558),
  .UNSPECIFIED.);
#10397 = CARTESIAN_POINT('',(10.744948956522,-1.470481470532E-07,
    3.134746044501));
#10398 = CARTESIAN_POINT('',(10.725227260683,0.45987199573,
    3.134755270069));
#10399 = CARTESIAN_POINT('',(10.705508101474,0.919686303684,
    3.044532151952));
#10400 = CARTESIAN_POINT('',(10.685782741264,1.359307556173,
    2.863888436639));
#10401 = CARTESIAN_POINT('',(10.666058976011,1.758342987578,
    2.598270558257));
#10402 = CARTESIAN_POINT('',(10.646337545694,2.098296995894,
    2.258348503806));
#10403 = CARTESIAN_POINT('',(10.626616114465,2.363880271357,
    1.859288699409));
#10404 = CARTESIAN_POINT('',(10.606894439317,2.544471917682,
    1.419706302825));
#10405 = CARTESIAN_POINT('',(10.567450260655,2.725060102669,
    0.500006090035));
#10406 = CARTESIAN_POINT('',(10.528005155639,2.54446629295,
    -0.419703813303));
#10407 = CARTESIAN_POINT('',(10.508282519416,2.363875765803,
    -0.859296719592));
#10408 = CARTESIAN_POINT('',(10.488560269794,2.098304618782,
    -1.258363405745));
#10409 = CARTESIAN_POINT('',(10.468838370141,1.758363237066,
    -1.59831100221));
#10410 = CARTESIAN_POINT('',(10.449116435337,1.359297887607,
    -1.863885421616));
#10411 = CARTESIAN_POINT('',(10.429394231946,0.919706457469,
    -2.044466561469));
#10412 = CARTESIAN_POINT('',(10.389949643968,-2.969758945556E-07,
    -2.225045257997));
#10413 = CARTESIAN_POINT('',(10.350505055989,-0.919706059561,
    -2.044461509893));
#10414 = CARTESIAN_POINT('',(10.330782852603,-1.359295911147,
    -1.86388044416));
#10415 = CARTESIAN_POINT('',(10.311060917793,-1.758363906929,
    -1.598318336133));
#10416 = CARTESIAN_POINT('',(10.291339018138,-2.098315583066,
    -1.258376831286));
#10417 = CARTESIAN_POINT('',(10.271616768517,-2.363890696499,
    -0.859303274812));
#10418 = CARTESIAN_POINT('',(10.251894132302,-2.544467135046,
    -0.419705128955));
#10419 = CARTESIAN_POINT('',(10.212449027271,-2.725039006921,
    0.500006083922));
#10420 = CARTESIAN_POINT('',(10.173004848615,-2.544459420774,
    1.419704987165));
#10421 = CARTESIAN_POINT('',(10.153283173649,-2.363886555135,
    1.859292455006));
#10422 = CARTESIAN_POINT('',(10.133561741723,-2.098325128389,
    2.258350072737));
#10423 = CARTESIAN_POINT('',(10.113840312573,-1.758406151808,
    2.598334200467));
#10424 = CARTESIAN_POINT('',(10.094116546226,-1.359257175501,
    2.863902032777));
#10425 = CARTESIAN_POINT('',(10.074391186586,-0.919682928351,
    3.044431451226));
#10426 = CARTESIAN_POINT('',(10.054672027261,-0.459872240815,
    3.134760857556));
#10427 = CARTESIAN_POINT('',(10.034950331399,-9.803825002792E-08,
    3.134770074573));
#10428 = CARTESIAN_POINT('',(10.414999953472,-1.671617823367E-07,
    3.706232786613));
#10429 = CARTESIAN_POINT('',(10.395277695617,0.559593681149,
    3.70624169121));
#10430 = CARTESIAN_POINT('',(10.37555526604,1.119189132924,
    3.596440607241));
#10431 = CARTESIAN_POINT('',(10.355833256016,1.654157220121,
    3.376605768129));
#10432 = CARTESIAN_POINT('',(10.336111138845,2.139726355383,
    3.053400510701));
#10433 = CARTESIAN_POINT('',(10.316388862397,2.55342908807,2.63974653135
    ));
#10434 = CARTESIAN_POINT('',(10.296666586971,2.87661190352,
    2.154125078537));
#10435 = CARTESIAN_POINT('',(10.276944327609,3.096373415022,
    1.619193228743));
#10436 = CARTESIAN_POINT('',(10.237499865164,3.316130512479,
    0.500005958853));
#10437 = CARTESIAN_POINT('',(10.198055465459,3.096368299774,
    -0.619188952138));
#10438 = CARTESIAN_POINT('',(10.178333271267,2.876609673323,
    -1.154129173793));
#10439 = CARTESIAN_POINT('',(10.158611050898,2.553436038661,
    -1.639757273788));
#10440 = CARTESIAN_POINT('',(10.138888806835,2.139756790469,
    -2.053442731505));
#10441 = CARTESIAN_POINT('',(10.119166565153,1.654129113032,
    -2.376620031244));
#10442 = CARTESIAN_POINT('',(10.099444341653,1.119189903884,
    -2.596368825535));
#10443 = CARTESIAN_POINT('',(10.059999906929,-2.34167557659E-07,
    -2.816115523866));
#10444 = CARTESIAN_POINT('',(10.020555472204,-1.119189422278,
    -2.596363987454));
#10445 = CARTESIAN_POINT('',(10.000833248708,-1.654127115486,
    -2.376615281552));
#10446 = CARTESIAN_POINT('',(9.98111100702,-2.13975735611,
    -2.053449874298));
#10447 = CARTESIAN_POINT('',(9.961388762954,-2.553446548696,
    -1.639770306405));
#10448 = CARTESIAN_POINT('',(9.941666542588,-2.876624025203,
    -1.154135588606));
#10449 = CARTESIAN_POINT('',(9.921944348404,-3.096369076844,
    -0.619190319119));
#10450 = CARTESIAN_POINT('',(9.882499948684,-3.316110160779,
    0.500005848288));
#10451 = CARTESIAN_POINT('',(9.843055486244,-3.096361394206,
    1.619191861755));
#10452 = CARTESIAN_POINT('',(9.823333227058,-2.876618017879,
    2.154128610878));
#10453 = CARTESIAN_POINT('',(9.803610950961,-2.55345629587,2.63974796435
    ));
#10454 = CARTESIAN_POINT('',(9.783888675638,-2.139787372401,
    3.05346184071));
#10455 = CARTESIAN_POINT('',(9.764166557412,-1.654108707172,
    3.376618832517));
#10456 = CARTESIAN_POINT('',(9.744444547937,-1.119185974373,
    3.596343422908));
#10457 = CARTESIAN_POINT('',(9.724722118248,-0.559594018791,
    3.706247063968));
#10458 = CARTESIAN_POINT('',(9.704999860371,-1.704804178514E-07,
    3.706255969143));
#10459 = ADVANCED_FACE('',(#10460),#10507,.F.);
#10460 = FACE_BOUND('',#10461,.F.);
#10461 = EDGE_LOOP('',(#10462,#10499,#10504,#10505,#10506));
#10462 = ORIENTED_EDGE('',*,*,#10463,.F.);
#10463 = EDGE_CURVE('',#10464,#10211,#10466,.T.);
#10464 = VERTEX_POINT('',#10465);
#10465 = CARTESIAN_POINT('',(10.381179370245,-1.772137641217E-07,3.665)
  );
#10466 = B_SPLINE_CURVE_WITH_KNOTS('',6,(#10467,#10468,#10469,#10470,
    #10471,#10472,#10473,#10474,#10475,#10476,#10477,#10478,#10479,
    #10480,#10481,#10482,#10483,#10484,#10485,#10486,#10487,#10488,
    #10489,#10490,#10491,#10492,#10493,#10494,#10495,#10496,#10497,
    #10498),.UNSPECIFIED.,.F.,.F.,(7,5,5,5,5,5,7),(0.,9.800523509961E-02
    ,0.268199853785,0.471076651434,0.684284271769,0.846002399201,1.),
  .UNSPECIFIED.);
#10467 = CARTESIAN_POINT('',(10.381179370245,-1.772137501817E-07,3.665)
  );
#10468 = CARTESIAN_POINT('',(10.375379487234,0.162403368408,
    3.665000001024));
#10469 = CARTESIAN_POINT('',(10.369575814827,0.324809518943,
    3.654999847543));
#10470 = CARTESIAN_POINT('',(10.363772734934,0.486442596161,
    3.634999907442));
#10471 = CARTESIAN_POINT('',(10.35797142144,0.64653636917,3.605079066272
    ));
#10472 = CARTESIAN_POINT('',(10.352171593599,0.804336651838,
    3.565394339279));
#10473 = CARTESIAN_POINT('',(10.336303974979,1.22787069408,
    3.430716340394));
#10474 = CARTESIAN_POINT('',(10.326237199261,1.48754385362,
    3.316498522308));
#10475 = CARTESIAN_POINT('',(10.316174613378,1.73417588648,
    3.174763460663));
#10476 = CARTESIAN_POINT('',(10.306109663294,1.964221467618,
    3.00744585103));
#10477 = CARTESIAN_POINT('',(10.296040514846,2.174467725937,
    2.816992644138));
#10478 = CARTESIAN_POINT('',(10.273968220407,2.585926941392,
    2.355593559916));
#10479 = CARTESIAN_POINT('',(10.261958749197,2.777771588737,
    2.076079692109));
#10480 = CARTESIAN_POINT('',(10.249952260909,2.932956906113,
    1.773215844814));
#10481 = CARTESIAN_POINT('',(10.237947247384,3.04824122799,
    1.453030706969));
#10482 = CARTESIAN_POINT('',(10.225939154478,3.121433935279,
    1.122009380862));
#10483 = CARTESIAN_POINT('',(10.20132215391,3.184002387269,
    0.435364682149));
#10484 = CARTESIAN_POINT('',(10.18870445111,3.168944381932,
    7.908043207859E-02));
#10485 = CARTESIAN_POINT('',(10.176093554504,3.105952609516,
    -0.273427792457));
#10486 = CARTESIAN_POINT('',(10.163481968293,2.996279845849,
    -0.614311513844));
#10487 = CARTESIAN_POINT('',(10.150863546209,2.842499029194,
    -0.936052896554));
#10488 = CARTESIAN_POINT('',(10.128681839818,2.502553566896,
    -1.456083996264));
#10489 = CARTESIAN_POINT('',(10.119112484759,2.333113084378,
    -1.665523166095));
#10490 = CARTESIAN_POINT('',(10.109544394245,2.14278786456,
    -1.857124471347));
#10491 = CARTESIAN_POINT('',(10.099976360097,1.933964202685,
    -2.028376883767));
#10492 = CARTESIAN_POINT('',(10.090407058172,1.709368440509,
    -2.177143710584));
#10493 = CARTESIAN_POINT('',(10.071728322498,1.246237608778,
    -2.420485837486));
#10494 = CARTESIAN_POINT('',(10.062616577693,1.008825347311,
    -2.517337899156));
#10495 = CARTESIAN_POINT('',(10.053506266966,0.762598804245,
    -2.5909189571));
#10496 = CARTESIAN_POINT('',(10.044396168817,0.510403925684,
    -2.640309618991));
#10497 = CARTESIAN_POINT('',(10.035284767351,0.255187650243,
    -2.664999999999));
#10498 = CARTESIAN_POINT('',(10.026174153453,-5.184017626791E-15,-2.665)
  );
#10499 = ORIENTED_EDGE('',*,*,#10500,.T.);
#10500 = EDGE_CURVE('',#10464,#10100,#10501,.T.);
#10501 = B_SPLINE_CURVE_WITH_KNOTS('',1,(#10502,#10503),.UNSPECIFIED.,
  .F.,.F.,(2,2),(0.,0.659896538121),.PIECEWISE_BEZIER_KNOTS.);
#10502 = CARTESIAN_POINT('',(10.404999860366,-1.833174069723E-07,
    3.706258666279));
#10503 = CARTESIAN_POINT('',(10.075053793278,-9.877368930572E-08,
    3.134770229094));
#10504 = ORIENTED_EDGE('',*,*,#10099,.T.);
#10505 = ORIENTED_EDGE('',*,*,#10025,.F.);
#10506 = ORIENTED_EDGE('',*,*,#10210,.F.);
#10507 = B_SPLINE_SURFACE_WITH_KNOTS('',1,9,(
    (#10508,#10509,#10510,#10511,#10512,#10513,#10514,#10515,#10516
      ,#10517,#10518,#10519,#10520,#10521,#10522,#10523,#10524,#10525
      ,#10526,#10527,#10528,#10529,#10530,#10531,#10532,#10533,#10534
      ,#10535,#10536,#10537,#10538)
    ,(#10539,#10540,#10541,#10542,#10543,#10544,#10545,#10546,#10547
      ,#10548,#10549,#10550,#10551,#10552,#10553,#10554,#10555,#10556
      ,#10557,#10558,#10559,#10560,#10561,#10562,#10563,#10564,#10565
      ,#10566,#10567,#10568,#10569
    )),.UNSPECIFIED.,.F.,.F.,.F.,(2,2),(10,7,7,7,10),(0.,0.659896538121)
  ,(0.,1.58079326614,3.161586532279,4.742379798419,6.323173064558),
  .UNSPECIFIED.);
#10508 = CARTESIAN_POINT('',(10.404999860366,-1.833173929523E-07,
    3.706258666279));
#10509 = CARTESIAN_POINT('',(10.385277602486,0.559598337755,
    3.706268262097));
#10510 = CARTESIAN_POINT('',(10.36555517276,1.119198600771,
    3.596470238648));
#10511 = CARTESIAN_POINT('',(10.34583316287,1.654172914877,
    3.376629287961));
#10512 = CARTESIAN_POINT('',(10.326111045819,2.139741857451,
    3.053419460727));
#10513 = CARTESIAN_POINT('',(10.306388769287,2.553449357442,
    2.639764349767));
#10514 = CARTESIAN_POINT('',(10.286666493848,2.8766356904,2.154138759738
    ));
#10515 = CARTESIAN_POINT('',(10.266944234451,3.096399741153,
    1.619202632274));
#10516 = CARTESIAN_POINT('',(10.227499771993,3.316158998145,0.5000059663
    ));
#10517 = CARTESIAN_POINT('',(10.188055372321,3.096394131738,
    -0.619198243646));
#10518 = CARTESIAN_POINT('',(10.16833317815,2.876633143999,
    -1.154142737532));
#10519 = CARTESIAN_POINT('',(10.148610957783,2.553456959657,
    -1.63977463728));
#10520 = CARTESIAN_POINT('',(10.128888713703,2.139774642314,
    -2.05346377902));
#10521 = CARTESIAN_POINT('',(10.109166472007,1.654143008452,
    -2.376644239594));
#10522 = CARTESIAN_POINT('',(10.089444248506,1.119199272915,
    -2.596394873142));
#10523 = CARTESIAN_POINT('',(10.049999813789,-2.491627258346E-07,
    -2.816143220245));
#10524 = CARTESIAN_POINT('',(10.010555379071,-1.11919874804,
    -2.596389661946));
#10525 = CARTESIAN_POINT('',(9.990833155574,-1.654140850476,
    -2.376639124664));
#10526 = CARTESIAN_POINT('',(9.971110913874,-2.139775246951,
    -2.053471479912));
#10527 = CARTESIAN_POINT('',(9.951388669788,-2.553468280787,
    -1.639788685614));
#10528 = CARTESIAN_POINT('',(9.931666449426,-2.876648605885,
    -1.154149655388));
#10529 = CARTESIAN_POINT('',(9.911944255262,-3.096394966941,
    -0.619199722568));
#10530 = CARTESIAN_POINT('',(9.872499855574,-3.31613706792,
    0.500005840824));
#10531 = CARTESIAN_POINT('',(9.833055393121,-3.096386790113,
    1.619201153344));
#10532 = CARTESIAN_POINT('',(9.813333133915,-2.876642282163,
    2.154142560562));
#10533 = CARTESIAN_POINT('',(9.793610857752,-2.553478679628,
    2.639765889035));
#10534 = CARTESIAN_POINT('',(9.773888582432,-2.139807611968,
    3.053485543547));
#10535 = CARTESIAN_POINT('',(9.754166464244,-1.654120644644,
    3.376643362493));
#10536 = CARTESIAN_POINT('',(9.734444454947,-1.11919520315,
    3.596365514334));
#10537 = CARTESIAN_POINT('',(9.714722025101,-0.55959870771,
    3.706274050509));
#10538 = CARTESIAN_POINT('',(9.694999767196,-1.866385308569E-07,
    3.706283646905));
#10539 = CARTESIAN_POINT('',(10.075053793278,-9.877367500572E-08,
    3.134770229094));
#10540 = CARTESIAN_POINT('',(10.055332097415,0.459876273091,
    3.134779485681));
#10541 = CARTESIAN_POINT('',(10.035612938067,0.919694818746,
    3.044555756673));
#10542 = CARTESIAN_POINT('',(10.015887577998,1.359320212234,
    2.863910126084));
#10543 = CARTESIAN_POINT('',(9.996163812818,1.758359065051,
    2.598289690783));
#10544 = CARTESIAN_POINT('',(9.976442382462,2.098316269789,
    2.258364636246));
#10545 = CARTESIAN_POINT('',(9.956720951199,2.363902027442,
    1.859301151257));
#10546 = CARTESIAN_POINT('',(9.936999276026,2.544495367047,
    1.419714718538));
#10547 = CARTESIAN_POINT('',(9.897555097352,2.725085214547,
    0.500006039569));
#10548 = CARTESIAN_POINT('',(9.858109992366,2.544489679665,
    -0.419712317555));
#10549 = CARTESIAN_POINT('',(9.838387356161,2.36389745309,
    -0.859309252839));
#10550 = CARTESIAN_POINT('',(9.818665106541,2.098323864325,
    -1.258379590315));
#10551 = CARTESIAN_POINT('',(9.798943206872,1.758379371244,
    -1.598330320687));
#10552 = CARTESIAN_POINT('',(9.779221272056,1.359310351528,
    -1.863907201975));
#10553 = CARTESIAN_POINT('',(9.759499068664,0.919714871066,
    -2.044489994901));
#10554 = CARTESIAN_POINT('',(9.720054480693,-3.487201906381E-07,
    -2.225070324634));
#10555 = CARTESIAN_POINT('',(9.680609892721,-0.919714565705,
    -2.044484887602));
#10556 = CARTESIAN_POINT('',(9.660887689332,-1.359308454158,
    -1.863902152828));
#10557 = CARTESIAN_POINT('',(9.641165754512,-1.758380121706,
    -1.598337620917));
#10558 = CARTESIAN_POINT('',(9.621443854839,-2.098334940746,
    -1.258392995684));
#10559 = CARTESIAN_POINT('',(9.601721605222,-2.363912498146,
    -0.859315748597));
#10560 = CARTESIAN_POINT('',(9.581998969024,-2.544490559439,
    -0.419713544594));
#10561 = CARTESIAN_POINT('',(9.542553864024,-2.725064028362,
    0.500006134372));
#10562 = CARTESIAN_POINT('',(9.503109685355,-2.544482782496,
    1.419713491491));
#10563 = CARTESIAN_POINT('',(9.483388010365,-2.363908287808,
    1.859305010519));
#10564 = CARTESIAN_POINT('',(9.463666578402,-2.098344457754,
    2.25836628963));
#10565 = CARTESIAN_POINT('',(9.443945149219,-1.75842242234,
    2.598353670961));
#10566 = CARTESIAN_POINT('',(9.424221382939,-1.359269528016,
    2.863923830862));
#10567 = CARTESIAN_POINT('',(9.404496023443,-0.919691334688,
    3.044454658311));
#10568 = CARTESIAN_POINT('',(9.384776863979,-0.459876421631,
    3.134785114153));
#10569 = CARTESIAN_POINT('',(9.365055168092,-4.976603614042E-08,
    3.134794362188));
#10570 = ADVANCED_FACE('',(#10571),#10616,.F.);
#10571 = FACE_BOUND('',#10572,.F.);
#10572 = EDGE_LOOP('',(#10573,#10609,#10614,#10615));
#10573 = ORIENTED_EDGE('',*,*,#10574,.F.);
#10574 = EDGE_CURVE('',#10575,#10100,#10577,.T.);
#10575 = VERTEX_POINT('',#10576);
#10576 = CARTESIAN_POINT('',(10.785052418401,-1.47783579301E-07,
    3.134746096008));
#10577 = B_SPLINE_CURVE_WITH_KNOTS('',9,(#10578,#10579,#10580,#10581,
    #10582,#10583,#10584,#10585,#10586,#10587,#10588,#10589,#10590,
    #10591,#10592,#10593,#10594,#10595,#10596,#10597,#10598,#10599,
    #10600,#10601,#10602,#10603,#10604,#10605,#10606,#10607,#10608),
  .UNSPECIFIED.,.F.,.F.,(10,7,7,7,10),(0.,1.58079326614,3.161586532279,
    4.742379798419,6.323173064558),.UNSPECIFIED.);
#10578 = CARTESIAN_POINT('',(10.785052418401,-1.47783577681E-07,
    3.134746096008));
#10579 = CARTESIAN_POINT('',(10.765330722562,0.45987201297,
    3.134755361143));
#10580 = CARTESIAN_POINT('',(10.745611563353,0.919686346678,
    3.044532467356));
#10581 = CARTESIAN_POINT('',(10.725886203142,1.359307717121,
    2.863888500026));
#10582 = CARTESIAN_POINT('',(10.706162437892,1.758342920769,
    2.598270504024));
#10583 = CARTESIAN_POINT('',(10.686441007572,2.098297017493,
    2.258348569359));
#10584 = CARTESIAN_POINT('',(10.666719576344,2.363880350202,
    1.859288744693));
#10585 = CARTESIAN_POINT('',(10.646997901196,2.544472043878,
    1.419706341807));
#10586 = CARTESIAN_POINT('',(10.607553722534,2.72506025443,
    0.500006090266));
#10587 = CARTESIAN_POINT('',(10.568108617518,2.544466390702,
    -0.419703846238));
#10588 = CARTESIAN_POINT('',(10.548385981295,2.363875826332,
    -0.859296758498));
#10589 = CARTESIAN_POINT('',(10.528663731673,2.098304677461,
    -1.258363445549));
#10590 = CARTESIAN_POINT('',(10.508941832019,1.758363304546,
    -1.598311068391));
#10591 = CARTESIAN_POINT('',(10.489219897216,1.359297945177,
    -1.8638855246));
#10592 = CARTESIAN_POINT('',(10.469497693825,0.919706494482,
    -2.044466671707));
#10593 = CARTESIAN_POINT('',(10.430053105847,-2.980317123234E-07,
    -2.22504536454));
#10594 = CARTESIAN_POINT('',(10.390608517869,-0.919706094463,
    -2.044461598622));
#10595 = CARTESIAN_POINT('',(10.370886314482,-1.359295959867,
    -1.863880526022));
#10596 = CARTESIAN_POINT('',(10.351164379672,-1.758363976946,
    -1.598318434033));
#10597 = CARTESIAN_POINT('',(10.331442480016,-2.098315688467,
    -1.258376928978));
#10598 = CARTESIAN_POINT('',(10.311720230397,-2.363890820817,
    -0.859303342197));
#10599 = CARTESIAN_POINT('',(10.291997594181,-2.544467236261,
    -0.419705167936));
#10600 = CARTESIAN_POINT('',(10.25255248915,-2.725039068248,
    0.500006083692));
#10601 = CARTESIAN_POINT('',(10.213108310494,-2.544459493544,
    1.419705020101));
#10602 = CARTESIAN_POINT('',(10.193386635529,-2.363886661135,
    1.859292516014));
#10603 = CARTESIAN_POINT('',(10.173665203601,-2.09832527087,
    2.258350144682));
#10604 = CARTESIAN_POINT('',(10.153943774454,-1.75840635611,
    2.59833441878));
#10605 = CARTESIAN_POINT('',(10.134220008104,-1.35925712085,
    2.863902154231));
#10606 = CARTESIAN_POINT('',(10.114494648467,-0.919682957281,
    3.044431334792));
#10607 = CARTESIAN_POINT('',(10.09477548914,-0.459872259526,
    3.13476097251));
#10608 = CARTESIAN_POINT('',(10.075053793278,-9.877368930572E-08,
    3.134770229094));
#10609 = ORIENTED_EDGE('',*,*,#10610,.T.);
#10610 = EDGE_CURVE('',#10575,#10318,#10611,.T.);
#10611 = B_SPLINE_CURVE_WITH_KNOTS('',1,(#10612,#10613),.UNSPECIFIED.,
  .F.,.F.,(2,2),(0.,4.010346187924E-02),.PIECEWISE_BEZIER_KNOTS.);
#10612 = CARTESIAN_POINT('',(10.785052418401,-1.47783555341E-07,
    3.134746096008));
#10613 = CARTESIAN_POINT('',(10.744948956522,-1.470481245032E-07,
    3.134746044501));
#10614 = ORIENTED_EDGE('',*,*,#10317,.T.);
#10615 = ORIENTED_EDGE('',*,*,#10135,.F.);
#10616 = B_SPLINE_SURFACE_WITH_KNOTS('',1,9,(
    (#10617,#10618,#10619,#10620,#10621,#10622,#10623,#10624,#10625
      ,#10626,#10627,#10628,#10629,#10630,#10631,#10632,#10633,#10634
      ,#10635,#10636,#10637,#10638,#10639,#10640,#10641,#10642,#10643
      ,#10644,#10645,#10646,#10647)
    ,(#10648,#10649,#10650,#10651,#10652,#10653,#10654,#10655,#10656
      ,#10657,#10658,#10659,#10660,#10661,#10662,#10663,#10664,#10665
      ,#10666,#10667,#10668,#10669,#10670,#10671,#10672,#10673,#10674
      ,#10675,#10676,#10677,#10678
    )),.UNSPECIFIED.,.F.,.F.,.F.,(2,2),(10,7,7,7,10),(0.,
    4.010346187924E-02),(0.,1.58079326614,3.161586532279,4.742379798419,
    6.323173064558),.UNSPECIFIED.);
#10617 = CARTESIAN_POINT('',(10.785052418401,-1.47783577681E-07,
    3.134746096008));
#10618 = CARTESIAN_POINT('',(10.765330722562,0.45987201297,
    3.134755361143));
#10619 = CARTESIAN_POINT('',(10.745611563353,0.919686346678,
    3.044532467356));
#10620 = CARTESIAN_POINT('',(10.725886203142,1.359307717121,
    2.863888500026));
#10621 = CARTESIAN_POINT('',(10.706162437892,1.758342920769,
    2.598270504024));
#10622 = CARTESIAN_POINT('',(10.686441007572,2.098297017493,
    2.258348569359));
#10623 = CARTESIAN_POINT('',(10.666719576344,2.363880350202,
    1.859288744693));
#10624 = CARTESIAN_POINT('',(10.646997901196,2.544472043878,
    1.419706341807));
#10625 = CARTESIAN_POINT('',(10.607553722534,2.72506025443,
    0.500006090266));
#10626 = CARTESIAN_POINT('',(10.568108617518,2.544466390702,
    -0.419703846238));
#10627 = CARTESIAN_POINT('',(10.548385981295,2.363875826331,
    -0.859296758498));
#10628 = CARTESIAN_POINT('',(10.528663731673,2.098304677461,
    -1.258363445549));
#10629 = CARTESIAN_POINT('',(10.508941832019,1.758363304546,
    -1.598311068391));
#10630 = CARTESIAN_POINT('',(10.489219897216,1.359297945177,
    -1.8638855246));
#10631 = CARTESIAN_POINT('',(10.469497693825,0.919706494482,
    -2.044466671707));
#10632 = CARTESIAN_POINT('',(10.430053105847,-2.980316988834E-07,
    -2.22504536454));
#10633 = CARTESIAN_POINT('',(10.390608517869,-0.919706094463,
    -2.044461598622));
#10634 = CARTESIAN_POINT('',(10.370886314482,-1.359295959867,
    -1.863880526023));
#10635 = CARTESIAN_POINT('',(10.351164379672,-1.758363976946,
    -1.598318434033));
#10636 = CARTESIAN_POINT('',(10.331442480016,-2.098315688467,
    -1.258376928978));
#10637 = CARTESIAN_POINT('',(10.311720230397,-2.363890820817,
    -0.859303342197));
#10638 = CARTESIAN_POINT('',(10.291997594181,-2.544467236261,
    -0.419705167936));
#10639 = CARTESIAN_POINT('',(10.25255248915,-2.725039068248,
    0.500006083692));
#10640 = CARTESIAN_POINT('',(10.213108310494,-2.544459493544,
    1.419705020101));
#10641 = CARTESIAN_POINT('',(10.193386635529,-2.363886661135,
    1.859292516014));
#10642 = CARTESIAN_POINT('',(10.173665203601,-2.09832527087,
    2.258350144682));
#10643 = CARTESIAN_POINT('',(10.153943774454,-1.75840635611,
    2.59833441878));
#10644 = CARTESIAN_POINT('',(10.134220008104,-1.35925712085,
    2.863902154231));
#10645 = CARTESIAN_POINT('',(10.114494648467,-0.919682957281,
    3.044431334792));
#10646 = CARTESIAN_POINT('',(10.09477548914,-0.459872259526,
    3.13476097251));
#10647 = CARTESIAN_POINT('',(10.075053793278,-9.877368930572E-08,
    3.134770229094));
#10648 = CARTESIAN_POINT('',(10.744948956522,-1.470481470532E-07,
    3.134746044501));
#10649 = CARTESIAN_POINT('',(10.725227260683,0.45987199573,
    3.134755270069));
#10650 = CARTESIAN_POINT('',(10.705508101474,0.919686303684,
    3.044532151952));
#10651 = CARTESIAN_POINT('',(10.685782741264,1.359307556173,
    2.863888436639));
#10652 = CARTESIAN_POINT('',(10.666058976011,1.758342987578,
    2.598270558257));
#10653 = CARTESIAN_POINT('',(10.646337545694,2.098296995894,
    2.258348503806));
#10654 = CARTESIAN_POINT('',(10.626616114465,2.363880271357,
    1.859288699409));
#10655 = CARTESIAN_POINT('',(10.606894439317,2.544471917682,
    1.419706302825));
#10656 = CARTESIAN_POINT('',(10.567450260655,2.725060102669,
    0.500006090035));
#10657 = CARTESIAN_POINT('',(10.528005155639,2.54446629295,
    -0.419703813303));
#10658 = CARTESIAN_POINT('',(10.508282519416,2.363875765803,
    -0.859296719592));
#10659 = CARTESIAN_POINT('',(10.488560269794,2.098304618782,
    -1.258363405745));
#10660 = CARTESIAN_POINT('',(10.468838370141,1.758363237066,
    -1.59831100221));
#10661 = CARTESIAN_POINT('',(10.449116435337,1.359297887607,
    -1.863885421616));
#10662 = CARTESIAN_POINT('',(10.429394231946,0.919706457469,
    -2.044466561469));
#10663 = CARTESIAN_POINT('',(10.389949643968,-2.969758945556E-07,
    -2.225045257997));
#10664 = CARTESIAN_POINT('',(10.350505055989,-0.919706059561,
    -2.044461509893));
#10665 = CARTESIAN_POINT('',(10.330782852603,-1.359295911147,
    -1.86388044416));
#10666 = CARTESIAN_POINT('',(10.311060917793,-1.758363906929,
    -1.598318336133));
#10667 = CARTESIAN_POINT('',(10.291339018138,-2.098315583066,
    -1.258376831286));
#10668 = CARTESIAN_POINT('',(10.271616768517,-2.363890696499,
    -0.859303274812));
#10669 = CARTESIAN_POINT('',(10.251894132302,-2.544467135046,
    -0.419705128955));
#10670 = CARTESIAN_POINT('',(10.212449027271,-2.725039006921,
    0.500006083922));
#10671 = CARTESIAN_POINT('',(10.173004848615,-2.544459420774,
    1.419704987165));
#10672 = CARTESIAN_POINT('',(10.153283173649,-2.363886555135,
    1.859292455006));
#10673 = CARTESIAN_POINT('',(10.133561741723,-2.098325128389,
    2.258350072737));
#10674 = CARTESIAN_POINT('',(10.113840312573,-1.758406151808,
    2.598334200467));
#10675 = CARTESIAN_POINT('',(10.094116546226,-1.359257175501,
    2.863902032777));
#10676 = CARTESIAN_POINT('',(10.074391186586,-0.919682928351,
    3.044431451226));
#10677 = CARTESIAN_POINT('',(10.054672027261,-0.459872240815,
    3.134760857556));
#10678 = CARTESIAN_POINT('',(10.034950331399,-9.803825002792E-08,
    3.134770074573));
#10679 = ADVANCED_FACE('',(#10680),#10783,.T.);
#10680 = FACE_BOUND('',#10681,.T.);
#10681 = EDGE_LOOP('',(#10682,#10683,#10684,#10727,#10735,#10782));
#10682 = ORIENTED_EDGE('',*,*,#10253,.F.);
#10683 = ORIENTED_EDGE('',*,*,#10463,.F.);
#10684 = ORIENTED_EDGE('',*,*,#10685,.F.);
#10685 = EDGE_CURVE('',#10686,#10464,#10688,.T.);
#10686 = VERTEX_POINT('',#10687);
#10687 = CARTESIAN_POINT('',(10.73618852772,-5.279327349241E-15,-2.665)
  );
#10688 = B_SPLINE_CURVE_WITH_KNOTS('',7,(#10689,#10690,#10691,#10692,
    #10693,#10694,#10695,#10696,#10697,#10698,#10699,#10700,#10701,
    #10702,#10703,#10704,#10705,#10706,#10707,#10708,#10709,#10710,
    #10711,#10712,#10713,#10714,#10715,#10716,#10717,#10718,#10719,
    #10720,#10721,#10722,#10723,#10724,#10725,#10726),.UNSPECIFIED.,.F.,
  .F.,(8,6,6,6,6,6,8),(0.,4.903696738748E-02,0.279027469091,
    0.522980247591,0.732714274158,0.895068958206,1.),.UNSPECIFIED.);
#10689 = CARTESIAN_POINT('',(10.73618852772,-5.609327349241E-15,-2.665)
  );
#10690 = CARTESIAN_POINT('',(10.733702013155,-6.964709692981E-02,-2.665)
  );
#10691 = CARTESIAN_POINT('',(10.731215481758,-0.139294280558,
    -2.66321194895));
#10692 = CARTESIAN_POINT('',(10.728728931612,-0.208886318371,
    -2.659635851286));
#10693 = CARTESIAN_POINT('',(10.726242361175,-0.278368141843,
    -2.654273828064));
#10694 = CARTESIAN_POINT('',(10.723755769275,-0.347684846441,
    -2.647130116961));
#10695 = CARTESIAN_POINT('',(10.721269155117,-0.416781691622,
    -2.638211072276));
#10696 = CARTESIAN_POINT('',(10.707119830209,-0.808391199349,
    -2.577406706891));
#10697 = CARTESIAN_POINT('',(10.695451308778,-1.12529007872,
    -2.488398223031));
#10698 = CARTESIAN_POINT('',(10.683786546727,-1.430408092289,
    -2.361353392858));
#10699 = CARTESIAN_POINT('',(10.672122709225,-1.718364363862,
    -2.198265067485));
#10700 = CARTESIAN_POINT('',(10.66045776219,-1.984234403047,
    -2.001922349475));
#10701 = CARTESIAN_POINT('',(10.648789108769,-2.223541928197,
    -1.77591512032));
#10702 = CARTESIAN_POINT('',(10.624755906965,-2.654193802886,
    -1.258559738878));
#10703 = CARTESIAN_POINT('',(10.612379063683,-2.841978117365,
    -0.96379674127));
#10704 = CARTESIAN_POINT('',(10.600009073495,-2.99123971327,
    -0.646006832551));
#10705 = CARTESIAN_POINT('',(10.587641472063,-3.09881871993,
    -0.311276141031));
#10706 = CARTESIAN_POINT('',(10.5752720573,-3.162650379031,
    3.397018908646E-02));
#10707 = CARTESIAN_POINT('',(10.56289544577,-3.18175661263,
    0.382945055312));
#10708 = CARTESIAN_POINT('',(10.539889368107,-3.13523049707,
    1.025632832226));
#10709 = CARTESIAN_POINT('',(10.529249759436,-3.081091017917,
    1.32047240861));
#10710 = CARTESIAN_POINT('',(10.518611705001,-2.994610087544,
    1.608570293225));
#10711 = CARTESIAN_POINT('',(10.507974619472,-2.876869208008,
    1.885727665661));
#10712 = CARTESIAN_POINT('',(10.497336158285,-2.729552065056,
    2.147981256528));
#10713 = CARTESIAN_POINT('',(10.486696287777,-2.554929892598,
    2.391637739718));
#10714 = CARTESIAN_POINT('',(10.467828020283,-2.202047739042,
    2.785034633982));
#10715 = CARTESIAN_POINT('',(10.45959493299,-2.033465407334,
    2.943618749729));
#10716 = CARTESIAN_POINT('',(10.451363280909,-1.851635843385,
    3.08760615454));
#10717 = CARTESIAN_POINT('',(10.443132668153,-1.658087780336,
    3.215696224055));
#10718 = CARTESIAN_POINT('',(10.434901622122,-1.454486782536,
    3.326786620251));
#10719 = CARTESIAN_POINT('',(10.426669050557,-1.242627535873,
    3.419978480112));
#10720 = CARTESIAN_POINT('',(10.413115192735,-0.883439336087,
    3.542855699525));
#10721 = CARTESIAN_POINT('',(10.407793584283,-0.739776376945,
    3.583349042449));
#10722 = CARTESIAN_POINT('',(10.402471441023,-0.593976098956,
    3.615920552461));
#10723 = CARTESIAN_POINT('',(10.397148671671,-0.446562887317,
    3.640437877068));
#10724 = CARTESIAN_POINT('',(10.391825305465,-0.298068929988,
    3.656812514341));
#10725 = CARTESIAN_POINT('',(10.386501803532,-0.149033156576,
    3.664999984251));
#10726 = CARTESIAN_POINT('',(10.381179370245,-1.772137642317E-07,3.665)
  );
#10727 = ORIENTED_EDGE('',*,*,#10728,.T.);
#10728 = EDGE_CURVE('',#10686,#10729,#10731,.T.);
#10729 = VERTEX_POINT('',#10730);
#10730 = CARTESIAN_POINT('',(10.793797097908,-5.304910693657E-15,-2.665)
  );
#10731 = LINE('',#10732,#10733);
#10732 = CARTESIAN_POINT('',(6.446202902092,-4.304191022488E-15,-2.665)
  );
#10733 = VECTOR('',#10734,1.);
#10734 = DIRECTION('',(1.,-8.840892098501E-16,4.4E-16));
#10735 = ORIENTED_EDGE('',*,*,#10736,.T.);
#10736 = EDGE_CURVE('',#10729,#10354,#10737,.T.);
#10737 = B_SPLINE_CURVE_WITH_KNOTS('',7,(#10738,#10739,#10740,#10741,
    #10742,#10743,#10744,#10745,#10746,#10747,#10748,#10749,#10750,
    #10751,#10752,#10753,#10754,#10755,#10756,#10757,#10758,#10759,
    #10760,#10761,#10762,#10763,#10764,#10765,#10766,#10767,#10768,
    #10769,#10770,#10771,#10772,#10773,#10774,#10775,#10776,#10777,
    #10778,#10779,#10780,#10781),.UNSPECIFIED.,.F.,.F.,(8,6,6,6,6,6,6,8)
  ,(0.,4.452859786188E-02,0.230531841919,0.28082043398,0.521559381978,
    0.733262652146,0.892029089129,1.),.UNSPECIFIED.);
#10738 = CARTESIAN_POINT('',(10.793797097908,-6.084910693657E-15,-2.665)
  );
#10739 = CARTESIAN_POINT('',(10.791538969697,-6.324535652062E-02,-2.665)
  );
#10740 = CARTESIAN_POINT('',(10.789280853845,-0.126490770559,
    -2.663525547409));
#10741 = CARTESIAN_POINT('',(10.787022752148,-0.18969490521,
    -2.660576643573));
#10742 = CARTESIAN_POINT('',(10.784764666276,-0.252816521914,
    -2.656154730284));
#10743 = CARTESIAN_POINT('',(10.78250659777,-0.315814480452,
    -2.650262689778));
#10744 = CARTESIAN_POINT('',(10.780248548046,-0.378647738949,
    -2.642904844735));
#10745 = CARTESIAN_POINT('',(10.768558358816,-0.7028811556,
    -2.597253202782));
#10746 = CARTESIAN_POINT('',(10.759124697089,-0.960951629222,
    -2.534936047063));
#10747 = CARTESIAN_POINT('',(10.74969275801,-1.212413691488,
    -2.447550934244));
#10748 = CARTESIAN_POINT('',(10.740261973885,-1.454377842488,
    -2.335981055633));
#10749 = CARTESIAN_POINT('',(10.730830413215,-1.684116561394,
    -2.201484077988));
#10750 = CARTESIAN_POINT('',(10.721397311754,-1.899081950201,
    -2.045684004616));
#10751 = CARTESIAN_POINT('',(10.709415738689,-2.150462448047,
    -1.823324771661));
#10752 = CARTESIAN_POINT('',(10.706865746358,-2.202716359857,
    -1.774592725788));
#10753 = CARTESIAN_POINT('',(10.704315726161,-2.253679744923,
    -1.724491505432));
#10754 = CARTESIAN_POINT('',(10.701765676022,-2.303309674934,
    -1.673062215001));
#10755 = CARTESIAN_POINT('',(10.699215594567,-2.351564909242,
    -1.620347590569));
#10756 = CARTESIAN_POINT('',(10.696665481116,-2.398405894866,
    -1.566391999873));
#10757 = CARTESIAN_POINT('',(10.681907411329,-2.661078026112,
    -1.24722754446));
#10758 = CARTESIAN_POINT('',(10.669692076198,-2.845202603101,
    -0.955683136147));
#10759 = CARTESIAN_POINT('',(10.657481487901,-2.991748878536,
    -0.641853912726));
#10760 = CARTESIAN_POINT('',(10.645271986487,-3.097693851635,
    -0.311593678185));
#10761 = CARTESIAN_POINT('',(10.633060986156,-3.161056092052,
    2.892037838852E-02));
#10762 = CARTESIAN_POINT('',(10.620845540343,-3.180888895407,
    0.373168630697));
#10763 = CARTESIAN_POINT('',(10.597902310715,-3.137375116979,
    1.014311212467));
#10764 = CARTESIAN_POINT('',(10.587164223374,-3.083755951308,
    1.312151988573));
#10765 = CARTESIAN_POINT('',(10.576429448869,-2.997154605428,
    1.603228284348));
#10766 = CARTESIAN_POINT('',(10.565696782081,-2.878672502426,
    1.883218331605));
#10767 = CARTESIAN_POINT('',(10.5549623203,-2.730035678143,
    2.148043301544));
#10768 = CARTESIAN_POINT('',(10.54422438708,-2.553579418214,
    2.393903576163));
#10769 = CARTESIAN_POINT('',(10.525437827741,-2.201557382964,
    2.784999055468));
#10770 = CARTESIAN_POINT('',(10.517385356131,-2.036748964842,
    2.940082399975));
#10771 = CARTESIAN_POINT('',(10.509332890054,-1.859266975738,
    3.081217598389));
#10772 = CARTESIAN_POINT('',(10.50128034137,-1.670539000335,
    3.207186261891));
#10773 = CARTESIAN_POINT('',(10.493227404412,-1.472118654686,
    3.316951400406));
#10774 = CARTESIAN_POINT('',(10.48517451269,-1.265678727332,
    3.409662007425));
#10775 = CARTESIAN_POINT('',(10.471648263898,-0.908407046646,
    3.535710660263));
#10776 = CARTESIAN_POINT('',(10.466173415759,-0.760901854873,
    3.578558883959));
#10777 = CARTESIAN_POINT('',(10.460699207577,-0.611069280582,
    3.61303568185));
#10778 = CARTESIAN_POINT('',(10.455225683102,-0.459479657667,
    3.638992722011));
#10779 = CARTESIAN_POINT('',(10.449752633381,-0.306712359825,
    3.656330784138));
#10780 = CARTESIAN_POINT('',(10.444279584367,-0.153354589312,
    3.664999984352));
#10781 = CARTESIAN_POINT('',(10.438805784532,-1.657105600873E-07,3.665)
  );
#10782 = ORIENTED_EDGE('',*,*,#10360,.T.);
#10783 = CYLINDRICAL_SURFACE('',#10784,3.165);
#10784 = AXIS2_PLACEMENT_3D('',#10785,#10786,#10787);
#10785 = CARTESIAN_POINT('',(6.446202902092,-2.854191022488E-15,0.5));
#10786 = DIRECTION('',(1.,-5.540892098501E-16,4.4E-16));
#10787 = DIRECTION('',(4.4E-16,7.E-17,-1.));
#10788 = ADVANCED_FACE('',(#10789),#10835,.F.);
#10789 = FACE_BOUND('',#10790,.F.);
#10790 = EDGE_LOOP('',(#10791,#10827,#10833,#10834));
#10791 = ORIENTED_EDGE('',*,*,#10792,.F.);
#10792 = EDGE_CURVE('',#10793,#10318,#10795,.T.);
#10793 = VERTEX_POINT('',#10794);
#10794 = CARTESIAN_POINT('',(11.09994826906,-3.144086912535E-14,
    -2.134730616767));
#10795 = B_SPLINE_CURVE_WITH_KNOTS('',9,(#10796,#10797,#10798,#10799,
    #10800,#10801,#10802,#10803,#10804,#10805,#10806,#10807,#10808,
    #10809,#10810,#10811,#10812,#10813,#10814,#10815,#10816,#10817,
    #10818,#10819,#10820,#10821,#10822,#10823,#10824,#10825,#10826),
  .UNSPECIFIED.,.F.,.F.,(10,7,7,7,10),(0.,1.58079326614,3.161586532279,
    4.742379798419,6.323173064558),.UNSPECIFIED.);
#10796 = CARTESIAN_POINT('',(11.454947581583,-1.960601538285E-07,
    3.134722014431));
#10797 = CARTESIAN_POINT('',(11.435225885768,0.459867753582,
    3.13473124855));
#10798 = CARTESIAN_POINT('',(11.415506726697,0.919677867577,
    3.044508962126));
#10799 = CARTESIAN_POINT('',(11.395781366345,1.35929511421,
    2.863866903007));
#10800 = CARTESIAN_POINT('',(11.376057601024,1.758326912045,
    2.598251453543));
#10801 = CARTESIAN_POINT('',(11.356336170742,2.098277825641,
    2.258332505673));
#10802 = CARTESIAN_POINT('',(11.336614739549,2.363858686543,
    1.859276345995));
#10803 = CARTESIAN_POINT('',(11.316893064425,2.544448694001,
    1.419697962056));
#10804 = CARTESIAN_POINT('',(11.277448885775,2.725035249101,
    0.500006140734));
#10805 = CARTESIAN_POINT('',(11.23800378073,2.544443103476,
    -0.419695377945));
#10806 = CARTESIAN_POINT('',(11.218281144487,2.363854231473,
    -0.859284278397));
#10807 = CARTESIAN_POINT('',(11.198558894864,2.098285513964,
    -1.258347329729));
#10808 = CARTESIAN_POINT('',(11.178836995226,1.758347239121,
    -1.598291831956));
#10809 = CARTESIAN_POINT('',(11.159115060435,1.359285534405,
    -1.863863836669));
#10810 = CARTESIAN_POINT('',(11.139392857045,0.919698116847,
    -2.044443337762));
#10811 = CARTESIAN_POINT('',(11.099948269061,-2.462854155909E-07,
    -2.225020404452));
#10812 = CARTESIAN_POINT('',(11.060503681075,-0.919697624276,
    -2.044438320403));
#10813 = CARTESIAN_POINT('',(11.04078147769,-1.359283470001,
    -1.863858909782));
#10814 = CARTESIAN_POINT('',(11.021059542893,-1.75834783092,
    -1.598299231295));
#10815 = CARTESIAN_POINT('',(11.001337643251,-2.098296412829,
    -1.258360833332));
#10816 = CARTESIAN_POINT('',(10.981615393631,-2.363869111597,
    -0.859290921561));
#10817 = CARTESIAN_POINT('',(10.961892757396,-2.544443911356,
    -0.419696788259));
#10818 = CARTESIAN_POINT('',(10.922447652336,-2.725014153356,
    0.500006033239));
#10819 = CARTESIAN_POINT('',(10.883003473691,-2.544436231311,
    1.419696551734));
#10820 = CARTESIAN_POINT('',(10.863281798751,-2.363865020891,
    1.859280013648));
#10821 = CARTESIAN_POINT('',(10.843560366859,-2.098306023552,
    2.258333996538));
#10822 = CARTESIAN_POINT('',(10.823838937746,-1.758390154327,
    2.59831503033));
#10823 = CARTESIAN_POINT('',(10.804115171329,-1.359244821487,
    2.863880448568));
#10824 = CARTESIAN_POINT('',(10.784389811549,-0.919674586909,
    3.044408227195));
#10825 = CARTESIAN_POINT('',(10.764670652361,-0.459868096689,
    3.134736818933));
#10826 = CARTESIAN_POINT('',(10.744948956522,-1.470481245032E-07,
    3.134746044501));
#10827 = ORIENTED_EDGE('',*,*,#10828,.F.);
#10828 = EDGE_CURVE('',#10729,#10793,#10829,.T.);
#10829 = LINE('',#10830,#10831);
#10830 = CARTESIAN_POINT('',(10.793797097908,-8.164910693657E-15,-2.665)
  );
#10831 = VECTOR('',#10832,1.);
#10832 = DIRECTION('',(0.5,-4.420446049252E-16,0.866025403784));
#10833 = ORIENTED_EDGE('',*,*,#10736,.T.);
#10834 = ORIENTED_EDGE('',*,*,#10353,.F.);
#10835 = B_SPLINE_SURFACE_WITH_KNOTS('',1,9,(
    (#10836,#10837,#10838,#10839,#10840,#10841,#10842,#10843,#10844
      ,#10845,#10846,#10847,#10848,#10849,#10850,#10851,#10852,#10853
      ,#10854,#10855,#10856,#10857,#10858,#10859,#10860,#10861,#10862
      ,#10863,#10864,#10865,#10866)
    ,(#10867,#10868,#10869,#10870,#10871,#10872,#10873,#10874,#10875
      ,#10876,#10877,#10878,#10879,#10880,#10881,#10882,#10883,#10884
      ,#10885,#10886,#10887,#10888,#10889,#10890,#10891,#10892,#10893
      ,#10894,#10895,#10896,#10897
    )),.UNSPECIFIED.,.F.,.F.,.F.,(2,2),(10,7,7,7,10),(0.,0.659896538121)
  ,(0.,1.58079326614,3.161586532279,4.742379798419,6.323173064558),
  .UNSPECIFIED.);
#10836 = CARTESIAN_POINT('',(11.454947581583,-1.960601538285E-07,
    3.134722014431));
#10837 = CARTESIAN_POINT('',(11.435225885768,0.459867753582,
    3.13473124855));
#10838 = CARTESIAN_POINT('',(11.415506726697,0.919677867577,
    3.044508962126));
#10839 = CARTESIAN_POINT('',(11.395781366345,1.35929511421,
    2.863866903007));
#10840 = CARTESIAN_POINT('',(11.376057601024,1.758326912045,
    2.598251453543));
#10841 = CARTESIAN_POINT('',(11.356336170742,2.098277825641,
    2.258332505673));
#10842 = CARTESIAN_POINT('',(11.336614739549,2.363858686543,
    1.859276345995));
#10843 = CARTESIAN_POINT('',(11.316893064425,2.544448694001,
    1.419697962056));
#10844 = CARTESIAN_POINT('',(11.277448885775,2.725035249101,
    0.500006140734));
#10845 = CARTESIAN_POINT('',(11.23800378073,2.544443103476,
    -0.419695377945));
#10846 = CARTESIAN_POINT('',(11.218281144487,2.363854231473,
    -0.859284278397));
#10847 = CARTESIAN_POINT('',(11.198558894864,2.098285513964,
    -1.258347329729));
#10848 = CARTESIAN_POINT('',(11.178836995226,1.758347239121,
    -1.598291831956));
#10849 = CARTESIAN_POINT('',(11.159115060435,1.359285534405,
    -1.863863836669));
#10850 = CARTESIAN_POINT('',(11.139392857045,0.919698116847,
    -2.044443337762));
#10851 = CARTESIAN_POINT('',(11.099948269061,-2.462854155909E-07,
    -2.225020404452));
#10852 = CARTESIAN_POINT('',(11.060503681075,-0.919697624276,
    -2.044438320403));
#10853 = CARTESIAN_POINT('',(11.04078147769,-1.359283470001,
    -1.863858909782));
#10854 = CARTESIAN_POINT('',(11.021059542893,-1.75834783092,
    -1.598299231295));
#10855 = CARTESIAN_POINT('',(11.001337643251,-2.098296412829,
    -1.258360833332));
#10856 = CARTESIAN_POINT('',(10.981615393631,-2.363869111597,
    -0.859290921561));
#10857 = CARTESIAN_POINT('',(10.961892757396,-2.544443911356,
    -0.419696788259));
#10858 = CARTESIAN_POINT('',(10.922447652336,-2.725014153356,
    0.500006033239));
#10859 = CARTESIAN_POINT('',(10.883003473691,-2.544436231311,
    1.419696551734));
#10860 = CARTESIAN_POINT('',(10.863281798751,-2.363865020891,
    1.859280013648));
#10861 = CARTESIAN_POINT('',(10.843560366859,-2.098306023552,
    2.258333996538));
#10862 = CARTESIAN_POINT('',(10.823838937746,-1.758390154327,
    2.59831503033));
#10863 = CARTESIAN_POINT('',(10.804115171329,-1.359244821487,
    2.863880448568));
#10864 = CARTESIAN_POINT('',(10.784389811549,-0.919674586909,
    3.044408227195));
#10865 = CARTESIAN_POINT('',(10.764670652361,-0.459868096689,
    3.134736818933));
#10866 = CARTESIAN_POINT('',(10.744948956522,-1.470481245032E-07,
    3.134746044501));
#10867 = CARTESIAN_POINT('',(11.125000046513,-1.63845161452E-07,
    3.706209604082));
#10868 = CARTESIAN_POINT('',(11.105277788682,0.559589639222,3.7062185081
    ));
#10869 = CARTESIAN_POINT('',(11.085555359237,1.119181043226,
    3.596418217663));
#10870 = CARTESIAN_POINT('',(11.065833349076,1.654145262387,
    3.37658496788));
#10871 = CARTESIAN_POINT('',(11.046111231841,2.139710887126,
    3.053382046037));
#10872 = CARTESIAN_POINT('',(11.026388955424,2.55341062772,
    2.639731057174));
#10873 = CARTESIAN_POINT('',(11.006666680034,2.876591106107,
    2.154113115429));
#10874 = CARTESIAN_POINT('',(10.986944420695,3.096351028104,
    1.619185133287));
#10875 = CARTESIAN_POINT('',(10.947499958262,3.316106535498,
    0.50000595543));
#10876 = CARTESIAN_POINT('',(10.908055558528,3.09634591053,
    -0.619180863161));
#10877 = CARTESIAN_POINT('',(10.888333364318,2.876588872403,
    -1.154117216797));
#10878 = CARTESIAN_POINT('',(10.868611143949,2.5534175739,-1.63974180507
    ));
#10879 = CARTESIAN_POINT('',(10.848888899899,2.139741316473,
    -2.053424271154));
#10880 = CARTESIAN_POINT('',(10.82916665823,1.65411715013,
    -2.376599233702));
#10881 = CARTESIAN_POINT('',(10.809444434731,1.11918180857,
    -2.596346438592));
#10882 = CARTESIAN_POINT('',(10.77,-2.375989570343E-07,-2.816091546905)
  );
#10883 = CARTESIAN_POINT('',(10.730555565269,-1.119181333372,
    -2.596341598194));
#10884 = CARTESIAN_POINT('',(10.710833341774,-1.654115158537,
    -2.376594480587));
#10885 = CARTESIAN_POINT('',(10.691111100098,-2.139741887399,
    -2.053431409519));
#10886 = CARTESIAN_POINT('',(10.671388856047,-2.553428088363,
    -1.639754832403));
#10887 = CARTESIAN_POINT('',(10.651666635679,-2.876603227706,
    -1.154123625657));
#10888 = CARTESIAN_POINT('',(10.631944441477,-3.096346689916,
    -0.619182223733));
#10889 = CARTESIAN_POINT('',(10.592500041728,-3.316086183798,
    0.500005851726));
#10890 = CARTESIAN_POINT('',(10.5530555793,-3.096339004972,
    1.619183772707));
#10891 = CARTESIAN_POINT('',(10.533333320138,-2.876597217043,
    2.154116653725));
#10892 = CARTESIAN_POINT('',(10.513611044074,-2.553437831092,
    2.639732495457));
#10893 = CARTESIAN_POINT('',(10.493888768786,-2.139771898859,
    3.053443380476));
#10894 = CARTESIAN_POINT('',(10.474166650493,-1.654096743484,
    3.376598035691));
#10895 = CARTESIAN_POINT('',(10.454444640883,-1.119177878266,
    3.596321035646));
#10896 = CARTESIAN_POINT('',(10.434722211326,-0.559589970228,
    3.706223882016));
#10897 = CARTESIAN_POINT('',(10.414999953472,-1.671617603767E-07,
    3.706232786613));
#10898 = ADVANCED_FACE('',(#10899),#10948,.F.);
#10899 = FACE_BOUND('',#10900,.F.);
#10900 = EDGE_LOOP('',(#10901,#10930,#10935,#10936,#10937,#10938));
#10901 = ORIENTED_EDGE('',*,*,#10902,.F.);
#10902 = EDGE_CURVE('',#10903,#10905,#10907,.T.);
#10903 = VERTEX_POINT('',#10904);
#10904 = CARTESIAN_POINT('',(10.942495641764,-1.631558163709E-07,
    3.40744656703));
#10905 = VERTEX_POINT('',#10906);
#10906 = CARTESIAN_POINT('',(10.793797097908,1.54461315489,
    -2.262498000315));
#10907 = B_SPLINE_CURVE_WITH_KNOTS('',6,(#10908,#10909,#10910,#10911,
    #10912,#10913,#10914,#10915,#10916,#10917,#10918,#10919,#10920,
    #10921,#10922,#10923,#10924,#10925,#10926,#10927,#10928,#10929),
  .UNSPECIFIED.,.F.,.F.,(7,5,5,5,7),(0.,0.244236340011,0.48839938198,
    0.738999263131,1.),.UNSPECIFIED.);
#10908 = CARTESIAN_POINT('',(10.942495641764,-1.631558388509E-07,
    3.40744656703));
#10909 = CARTESIAN_POINT('',(10.936224725162,0.322619251655,
    3.41830811547));
#10910 = CARTESIAN_POINT('',(10.929965855001,0.647078130321,
    3.386189481579));
#10911 = CARTESIAN_POINT('',(10.923744015491,0.965936143143,
    3.310857332681));
#10912 = CARTESIAN_POINT('',(10.917544889473,1.272254695549,
    3.193945303334));
#10913 = CARTESIAN_POINT('',(10.911365166029,1.559542944107,
    3.038202635306));
#10914 = CARTESIAN_POINT('',(10.899053008663,2.084438560962,
    2.657882854489));
#10915 = CARTESIAN_POINT('',(10.892916224498,2.322255261455,
    2.433184980302));
#10916 = CARTESIAN_POINT('',(10.886801021615,2.529684069343,
    2.178188509087));
#10917 = CARTESIAN_POINT('',(10.880706130465,2.702353603468,
    1.89822726376));
#10918 = CARTESIAN_POINT('',(10.874630026803,2.836895102469,
    1.599237891986));
#10919 = CARTESIAN_POINT('',(10.862364924485,3.028437626404,
    0.968493850498));
#10920 = CARTESIAN_POINT('',(10.856172771894,3.083371079741,
    0.635851124764));
#10921 = CARTESIAN_POINT('',(10.850005540331,3.094079604265,
    0.29728609503));
#10922 = CARTESIAN_POINT('',(10.843859510185,3.060316994105,
    -3.9974475548E-02));
#10923 = CARTESIAN_POINT('',(10.83773158108,2.983057124394,-0.3688406566
    ));
#10924 = CARTESIAN_POINT('',(10.825267612777,2.742134611097,
    -1.009155904825));
#10925 = CARTESIAN_POINT('',(10.818928620592,2.574922001394,
    -1.319572140218));
#10926 = CARTESIAN_POINT('',(10.81261419363,2.366384305443,
    -1.605997916421));
#10927 = CARTESIAN_POINT('',(10.806321208547,2.121173728087,
    -1.862023521462));
#10928 = CARTESIAN_POINT('',(10.800047078951,1.844911557569,
    -2.082187683833));
#10929 = CARTESIAN_POINT('',(10.793797097908,1.54461315489,
    -2.262498000315));
#10930 = ORIENTED_EDGE('',*,*,#10931,.T.);
#10931 = EDGE_CURVE('',#10903,#10575,#10932,.T.);
#10932 = B_SPLINE_CURVE_WITH_KNOTS('',1,(#10933,#10934),.UNSPECIFIED.,
  .F.,.F.,(2,2),(0.,0.659896538121),.PIECEWISE_BEZIER_KNOTS.);
#10933 = CARTESIAN_POINT('',(11.114999953471,-1.799985949476E-07,
    3.706233685659));
#10934 = CARTESIAN_POINT('',(10.785052418401,-1.47783555341E-07,
    3.134746096008));
#10935 = ORIENTED_EDGE('',*,*,#10574,.T.);
#10936 = ORIENTED_EDGE('',*,*,#10500,.F.);
#10937 = ORIENTED_EDGE('',*,*,#10685,.F.);
#10938 = ORIENTED_EDGE('',*,*,#10939,.F.);
#10939 = EDGE_CURVE('',#10905,#10686,#10940,.T.);
#10940 = B_SPLINE_CURVE_WITH_KNOTS('',6,(#10941,#10942,#10943,#10944,
    #10945,#10946,#10947),.UNSPECIFIED.,.F.,.F.,(7,7),(0.,1.),
  .PIECEWISE_BEZIER_KNOTS.);
#10941 = CARTESIAN_POINT('',(10.793797697908,1.544627822864,
    -2.262489798865));
#10942 = CARTESIAN_POINT('',(10.784196052302,1.309900352185,
    -2.39373610504));
#10943 = CARTESIAN_POINT('',(10.774593383647,1.061758616823,
    -2.501066562847));
#10944 = CARTESIAN_POINT('',(10.764992536952,0.803318565357,
    -2.582723692448));
#10945 = CARTESIAN_POINT('',(10.755391953565,0.537894042209,
    -2.637579107113));
#10946 = CARTESIAN_POINT('',(10.745789701733,0.268928204426,-2.665));
#10947 = CARTESIAN_POINT('',(10.73618852772,-5.669327349241E-15,-2.665)
  );
#10948 = B_SPLINE_SURFACE_WITH_KNOTS('',1,9,(
    (#10949,#10950,#10951,#10952,#10953,#10954,#10955,#10956,#10957
      ,#10958,#10959,#10960,#10961,#10962,#10963,#10964,#10965,#10966
      ,#10967,#10968,#10969,#10970,#10971,#10972,#10973,#10974,#10975
      ,#10976,#10977,#10978,#10979)
    ,(#10980,#10981,#10982,#10983,#10984,#10985,#10986,#10987,#10988
      ,#10989,#10990,#10991,#10992,#10993,#10994,#10995,#10996,#10997
      ,#10998,#10999,#11000,#11001,#11002,#11003,#11004,#11005,#11006
      ,#11007,#11008,#11009,#11010
    )),.UNSPECIFIED.,.F.,.F.,.F.,(2,2),(10,7,7,7,10),(0.,0.659896538121)
  ,(0.,1.58079326614,3.161586532279,4.742379798419,6.323173064558),
  .UNSPECIFIED.);
#10949 = CARTESIAN_POINT('',(11.114999953471,-1.799986177976E-07,
    3.706233685659));
#10950 = CARTESIAN_POINT('',(11.095277695616,0.559593982071,
    3.706243280895));
#10951 = CARTESIAN_POINT('',(11.075555266033,1.119189883369,
    3.596446112571));
#10952 = CARTESIAN_POINT('',(11.055833255997,1.654160029442,
    3.376606874527));
#10953 = CARTESIAN_POINT('',(11.036111138873,2.139725189236,
    3.05339956407));
#10954 = CARTESIAN_POINT('',(11.016388862379,2.553429465092,
    2.63974767558));
#10955 = CARTESIAN_POINT('',(10.996666586976,2.876613279759,
    2.154125868973));
#10956 = CARTESIAN_POINT('',(10.976944327605,3.096375617764,
    1.619193909162));
#10957 = CARTESIAN_POINT('',(10.937499865159,3.316133161452,
    0.500005962875));
#10958 = CARTESIAN_POINT('',(10.898055465457,3.09637000602,
    -0.619189527022));
#10959 = CARTESIAN_POINT('',(10.878333271266,2.876610729842,
    -1.154129852893));
#10960 = CARTESIAN_POINT('',(10.858611050897,2.553437062896,
    -1.639757968568));
#10961 = CARTESIAN_POINT('',(10.838888806834,2.139757968322,
    -2.05344388667));
#10962 = CARTESIAN_POINT('',(10.81916656515,1.654130117908,
    -2.376621828814));
#10963 = CARTESIAN_POINT('',(10.799444341651,1.119190549956,
    -2.596370749725));
#10964 = CARTESIAN_POINT('',(10.759999906927,-2.525962154899E-07,
    -2.816117383575));
#10965 = CARTESIAN_POINT('',(10.720555472202,-1.119190031492,
    -2.596365536211));
#10966 = CARTESIAN_POINT('',(10.700833248707,-1.654127965889,
    -2.376616710459));
#10967 = CARTESIAN_POINT('',(10.681111007017,-2.139758578246,
    -2.053451583131));
#10968 = CARTESIAN_POINT('',(10.66138876295,-2.553448388457,
    -1.639772011615));
#10969 = CARTESIAN_POINT('',(10.641666542584,-2.876626195153,
    -1.154136764793));
#10970 = CARTESIAN_POINT('',(10.621944348402,-3.096370843541,
    -0.619190999532));
#10971 = CARTESIAN_POINT('',(10.582499948683,-3.316111231227,
    0.500005844265));
#10972 = CARTESIAN_POINT('',(10.543055486243,-3.096362664406,
    1.619192436643));
#10973 = CARTESIAN_POINT('',(10.523333227062,-2.876619868097,
    2.154129675753));
#10974 = CARTESIAN_POINT('',(10.503610950936,-2.553458782848,
    2.639749220136));
#10975 = CARTESIAN_POINT('',(10.483888675653,-2.139790938466,
    3.053465651321));
#10976 = CARTESIAN_POINT('',(10.464166557392,-1.654107753253,
    3.376620952485));
#10977 = CARTESIAN_POINT('',(10.444444547949,-1.119186479337,
    3.596341390574));
#10978 = CARTESIAN_POINT('',(10.424722118246,-0.559594345386,
    3.706249070465));
#10979 = CARTESIAN_POINT('',(10.404999860366,-1.833174069723E-07,
    3.706258666279));
#10980 = CARTESIAN_POINT('',(10.785052418401,-1.47783577681E-07,
    3.134746096008));
#10981 = CARTESIAN_POINT('',(10.765330722562,0.45987201297,
    3.134755361143));
#10982 = CARTESIAN_POINT('',(10.745611563353,0.919686346678,
    3.044532467356));
#10983 = CARTESIAN_POINT('',(10.725886203142,1.359307717121,
    2.863888500026));
#10984 = CARTESIAN_POINT('',(10.706162437892,1.758342920769,
    2.598270504024));
#10985 = CARTESIAN_POINT('',(10.686441007572,2.098297017493,
    2.258348569359));
#10986 = CARTESIAN_POINT('',(10.666719576344,2.363880350202,
    1.859288744693));
#10987 = CARTESIAN_POINT('',(10.646997901196,2.544472043878,
    1.419706341807));
#10988 = CARTESIAN_POINT('',(10.607553722534,2.72506025443,
    0.500006090266));
#10989 = CARTESIAN_POINT('',(10.568108617518,2.544466390702,
    -0.419703846238));
#10990 = CARTESIAN_POINT('',(10.548385981295,2.363875826332,
    -0.859296758498));
#10991 = CARTESIAN_POINT('',(10.528663731673,2.098304677461,
    -1.258363445549));
#10992 = CARTESIAN_POINT('',(10.508941832019,1.758363304546,
    -1.598311068391));
#10993 = CARTESIAN_POINT('',(10.489219897216,1.359297945177,
    -1.8638855246));
#10994 = CARTESIAN_POINT('',(10.469497693825,0.919706494482,
    -2.044466671707));
#10995 = CARTESIAN_POINT('',(10.430053105847,-2.980317123234E-07,
    -2.22504536454));
#10996 = CARTESIAN_POINT('',(10.390608517869,-0.919706094463,
    -2.044461598622));
#10997 = CARTESIAN_POINT('',(10.370886314482,-1.359295959867,
    -1.863880526022));
#10998 = CARTESIAN_POINT('',(10.351164379672,-1.758363976946,
    -1.598318434033));
#10999 = CARTESIAN_POINT('',(10.331442480016,-2.098315688467,
    -1.258376928978));
#11000 = CARTESIAN_POINT('',(10.311720230397,-2.363890820817,
    -0.859303342197));
#11001 = CARTESIAN_POINT('',(10.291997594181,-2.544467236261,
    -0.419705167936));
#11002 = CARTESIAN_POINT('',(10.25255248915,-2.725039068248,
    0.500006083692));
#11003 = CARTESIAN_POINT('',(10.213108310494,-2.544459493544,
    1.419705020101));
#11004 = CARTESIAN_POINT('',(10.193386635529,-2.363886661135,
    1.859292516014));
#11005 = CARTESIAN_POINT('',(10.173665203601,-2.09832527087,
    2.258350144682));
#11006 = CARTESIAN_POINT('',(10.153943774454,-1.75840635611,
    2.59833441878));
#11007 = CARTESIAN_POINT('',(10.134220008104,-1.35925712085,
    2.863902154231));
#11008 = CARTESIAN_POINT('',(10.114494648467,-0.919682957281,
    3.044431334792));
#11009 = CARTESIAN_POINT('',(10.09477548914,-0.459872259526,
    3.13476097251));
#11010 = CARTESIAN_POINT('',(10.075053793278,-9.877368930572E-08,
    3.134770229094));
#11011 = ADVANCED_FACE('',(#11012),#11061,.F.);
#11012 = FACE_BOUND('',#11013,.F.);
#11013 = EDGE_LOOP('',(#11014,#11050,#11059,#11060));
#11014 = ORIENTED_EDGE('',*,*,#11015,.F.);
#11015 = EDGE_CURVE('',#11016,#10575,#11018,.T.);
#11016 = VERTEX_POINT('',#11017);
#11017 = CARTESIAN_POINT('',(11.099947393953,-0.915575073418,
    -1.970533483876));
#11018 = B_SPLINE_CURVE_WITH_KNOTS('',9,(#11019,#11020,#11021,#11022,
    #11023,#11024,#11025,#11026,#11027,#11028,#11029,#11030,#11031,
    #11032,#11033,#11034,#11035,#11036,#11037,#11038,#11039,#11040,
    #11041,#11042,#11043,#11044,#11045,#11046,#11047,#11048,#11049),
  .UNSPECIFIED.,.F.,.F.,(10,7,7,7,10),(0.,1.58079326614,3.161586532279,
    4.742379798419,6.323173064558),.UNSPECIFIED.);
#11019 = CARTESIAN_POINT('',(11.495051043463,-1.967955844463E-07,
    3.134721962924));
#11020 = CARTESIAN_POINT('',(11.475329347647,0.459867752846,
    3.13473123661));
#11021 = CARTESIAN_POINT('',(11.455610188576,0.919677874609,
    3.044509178045));
#11022 = CARTESIAN_POINT('',(11.435884828224,1.359295222009,
    2.863866873973));
#11023 = CARTESIAN_POINT('',(11.416161062904,1.758326776489,
    2.59825131727));
#11024 = CARTESIAN_POINT('',(11.39643963262,2.0982777652,2.258332502478)
  );
#11025 = CARTESIAN_POINT('',(11.376718201428,2.363858672966,
    1.859276338133));
#11026 = CARTESIAN_POINT('',(11.356996526304,2.544448720714,
    1.419697965079));
#11027 = CARTESIAN_POINT('',(11.317552347654,2.725035294318,
    0.500006140964));
#11028 = CARTESIAN_POINT('',(11.278107242609,2.544443101745,
    -0.419695374922));
#11029 = CARTESIAN_POINT('',(11.258384606366,2.363854199578,
    -0.859284264158));
#11030 = CARTESIAN_POINT('',(11.238662356744,2.098285490603,
    -1.258347300785));
#11031 = CARTESIAN_POINT('',(11.218940457104,1.758347237852,
    -1.598291816096));
#11032 = CARTESIAN_POINT('',(11.199218522314,1.35928553883,
    -1.863863847229));
#11033 = CARTESIAN_POINT('',(11.179496318924,0.919698117903,
    -2.044443348516));
#11034 = CARTESIAN_POINT('',(11.14005173094,-2.473412222287E-07,
    -2.225020404452));
#11035 = CARTESIAN_POINT('',(11.100607142955,-0.91969762322,
    -2.044438309649));
#11036 = CARTESIAN_POINT('',(11.080884939569,-1.359283465576,
    -1.863858899222));
#11037 = CARTESIAN_POINT('',(11.061163004772,-1.758347832188,
    -1.598299247155));
#11038 = CARTESIAN_POINT('',(11.041441105131,-2.09829643619,
    -1.258360862276));
#11039 = CARTESIAN_POINT('',(11.02171885551,-2.363869143492,
    -0.8592909358));
#11040 = CARTESIAN_POINT('',(11.001996219275,-2.544443913088,
    -0.419696791282));
#11041 = CARTESIAN_POINT('',(10.962551114215,-2.725014108139,
    0.500006033009));
#11042 = CARTESIAN_POINT('',(10.923106935571,-2.544436204598,
    1.419696548711));
#11043 = CARTESIAN_POINT('',(10.90338526063,-2.363865034468,
    1.85928002151));
#11044 = CARTESIAN_POINT('',(10.883663828738,-2.098306083992,
    2.258333999734));
#11045 = CARTESIAN_POINT('',(10.863942399626,-1.758390289883,
    2.598315166603));
#11046 = CARTESIAN_POINT('',(10.844218633208,-1.359244713688,
    2.863880477602));
#11047 = CARTESIAN_POINT('',(10.824493273428,-0.919674579877,
    3.044408011276));
#11048 = CARTESIAN_POINT('',(10.80477411424,-0.459868097425,
    3.134736830872));
#11049 = CARTESIAN_POINT('',(10.785052418401,-1.47783555341E-07,
    3.134746096008));
#11050 = ORIENTED_EDGE('',*,*,#11051,.F.);
#11051 = EDGE_CURVE('',#10793,#11016,#11052,.T.);
#11052 = B_SPLINE_CURVE_WITH_KNOTS('',5,(#11053,#11054,#11055,#11056,
    #11057,#11058),.UNSPECIFIED.,.F.,.F.,(6,6),(0.,1.),
  .PIECEWISE_BEZIER_KNOTS.);
#11053 = CARTESIAN_POINT('',(11.09994826906,-6.220869125349E-15,
    -2.134730616767));
#11054 = CARTESIAN_POINT('',(11.099948564178,-0.187014812389,
    -2.134730104575));
#11055 = CARTESIAN_POINT('',(11.09994868295,-0.374036310336,
    -2.118136307017));
#11056 = CARTESIAN_POINT('',(11.099948535693,-0.559082122232,
    -2.084950560251));
#11057 = CARTESIAN_POINT('',(11.099948067924,-0.74021480059,
    -2.035520425904));
#11058 = CARTESIAN_POINT('',(11.099947393953,-0.915575073418,
    -1.970533483876));
#11059 = ORIENTED_EDGE('',*,*,#10792,.T.);
#11060 = ORIENTED_EDGE('',*,*,#10610,.F.);
#11061 = B_SPLINE_SURFACE_WITH_KNOTS('',1,9,(
    (#11062,#11063,#11064,#11065,#11066,#11067,#11068,#11069,#11070
      ,#11071,#11072,#11073,#11074,#11075,#11076,#11077,#11078,#11079
      ,#11080,#11081,#11082,#11083,#11084,#11085,#11086,#11087,#11088
      ,#11089,#11090,#11091,#11092)
    ,(#11093,#11094,#11095,#11096,#11097,#11098,#11099,#11100,#11101
      ,#11102,#11103,#11104,#11105,#11106,#11107,#11108,#11109,#11110
      ,#11111,#11112,#11113,#11114,#11115,#11116,#11117,#11118,#11119
      ,#11120,#11121,#11122,#11123
    )),.UNSPECIFIED.,.F.,.F.,.F.,(2,2),(10,7,7,7,10),(0.,
    4.010346187924E-02),(0.,1.58079326614,3.161586532279,4.742379798419,
    6.323173064558),.UNSPECIFIED.);
#11062 = CARTESIAN_POINT('',(11.495051043463,-1.967955844463E-07,
    3.134721962924));
#11063 = CARTESIAN_POINT('',(11.475329347647,0.459867752846,
    3.13473123661));
#11064 = CARTESIAN_POINT('',(11.455610188576,0.919677874609,
    3.044509178045));
#11065 = CARTESIAN_POINT('',(11.435884828224,1.359295222009,
    2.863866873973));
#11066 = CARTESIAN_POINT('',(11.416161062904,1.758326776489,
    2.59825131727));
#11067 = CARTESIAN_POINT('',(11.39643963262,2.098277765201,
    2.258332502478));
#11068 = CARTESIAN_POINT('',(11.376718201428,2.363858672966,
    1.859276338133));
#11069 = CARTESIAN_POINT('',(11.356996526304,2.544448720714,
    1.419697965079));
#11070 = CARTESIAN_POINT('',(11.317552347654,2.725035294318,
    0.500006140964));
#11071 = CARTESIAN_POINT('',(11.278107242609,2.544443101745,
    -0.419695374922));
#11072 = CARTESIAN_POINT('',(11.258384606366,2.363854199578,
    -0.859284264158));
#11073 = CARTESIAN_POINT('',(11.238662356744,2.098285490603,
    -1.258347300785));
#11074 = CARTESIAN_POINT('',(11.218940457104,1.758347237852,
    -1.598291816096));
#11075 = CARTESIAN_POINT('',(11.199218522314,1.35928553883,
    -1.863863847229));
#11076 = CARTESIAN_POINT('',(11.179496318924,0.919698117903,
    -2.044443348516));
#11077 = CARTESIAN_POINT('',(11.14005173094,-2.473412019387E-07,
    -2.225020404452));
#11078 = CARTESIAN_POINT('',(11.100607142955,-0.91969762322,
    -2.044438309649));
#11079 = CARTESIAN_POINT('',(11.080884939569,-1.359283465576,
    -1.863858899222));
#11080 = CARTESIAN_POINT('',(11.061163004772,-1.758347832188,
    -1.598299247155));
#11081 = CARTESIAN_POINT('',(11.041441105131,-2.09829643619,
    -1.258360862276));
#11082 = CARTESIAN_POINT('',(11.02171885551,-2.363869143492,
    -0.8592909358));
#11083 = CARTESIAN_POINT('',(11.001996219275,-2.544443913088,
    -0.419696791282));
#11084 = CARTESIAN_POINT('',(10.962551114215,-2.725014108139,
    0.500006033009));
#11085 = CARTESIAN_POINT('',(10.923106935571,-2.544436204598,
    1.419696548711));
#11086 = CARTESIAN_POINT('',(10.90338526063,-2.363865034468,
    1.85928002151));
#11087 = CARTESIAN_POINT('',(10.883663828738,-2.098306083992,
    2.258333999734));
#11088 = CARTESIAN_POINT('',(10.863942399626,-1.758390289883,
    2.598315166603));
#11089 = CARTESIAN_POINT('',(10.844218633208,-1.359244713688,
    2.863880477602));
#11090 = CARTESIAN_POINT('',(10.824493273428,-0.919674579877,
    3.044408011276));
#11091 = CARTESIAN_POINT('',(10.80477411424,-0.459868097425,
    3.134736830872));
#11092 = CARTESIAN_POINT('',(10.785052418401,-1.47783555341E-07,
    3.134746096008));
#11093 = CARTESIAN_POINT('',(11.454947581583,-1.960601538285E-07,
    3.134722014431));
#11094 = CARTESIAN_POINT('',(11.435225885768,0.459867753582,
    3.13473124855));
#11095 = CARTESIAN_POINT('',(11.415506726697,0.919677867577,
    3.044508962126));
#11096 = CARTESIAN_POINT('',(11.395781366345,1.35929511421,
    2.863866903007));
#11097 = CARTESIAN_POINT('',(11.376057601024,1.758326912045,
    2.598251453543));
#11098 = CARTESIAN_POINT('',(11.356336170742,2.098277825641,
    2.258332505673));
#11099 = CARTESIAN_POINT('',(11.336614739549,2.363858686543,
    1.859276345995));
#11100 = CARTESIAN_POINT('',(11.316893064425,2.544448694001,
    1.419697962056));
#11101 = CARTESIAN_POINT('',(11.277448885775,2.725035249101,
    0.500006140734));
#11102 = CARTESIAN_POINT('',(11.23800378073,2.544443103476,
    -0.419695377945));
#11103 = CARTESIAN_POINT('',(11.218281144487,2.363854231473,
    -0.859284278397));
#11104 = CARTESIAN_POINT('',(11.198558894864,2.098285513964,
    -1.258347329729));
#11105 = CARTESIAN_POINT('',(11.178836995226,1.758347239121,
    -1.598291831956));
#11106 = CARTESIAN_POINT('',(11.159115060435,1.359285534405,
    -1.863863836669));
#11107 = CARTESIAN_POINT('',(11.139392857045,0.919698116847,
    -2.044443337762));
#11108 = CARTESIAN_POINT('',(11.099948269061,-2.462854155909E-07,
    -2.225020404452));
#11109 = CARTESIAN_POINT('',(11.060503681075,-0.919697624276,
    -2.044438320403));
#11110 = CARTESIAN_POINT('',(11.04078147769,-1.359283470001,
    -1.863858909782));
#11111 = CARTESIAN_POINT('',(11.021059542893,-1.75834783092,
    -1.598299231295));
#11112 = CARTESIAN_POINT('',(11.001337643251,-2.098296412829,
    -1.258360833332));
#11113 = CARTESIAN_POINT('',(10.981615393631,-2.363869111597,
    -0.859290921561));
#11114 = CARTESIAN_POINT('',(10.961892757396,-2.544443911356,
    -0.419696788259));
#11115 = CARTESIAN_POINT('',(10.922447652336,-2.725014153356,
    0.500006033239));
#11116 = CARTESIAN_POINT('',(10.883003473691,-2.544436231311,
    1.419696551734));
#11117 = CARTESIAN_POINT('',(10.863281798751,-2.363865020891,
    1.859280013648));
#11118 = CARTESIAN_POINT('',(10.843560366859,-2.098306023552,
    2.258333996538));
#11119 = CARTESIAN_POINT('',(10.823838937746,-1.758390154327,
    2.59831503033));
#11120 = CARTESIAN_POINT('',(10.804115171329,-1.359244821487,
    2.863880448568));
#11121 = CARTESIAN_POINT('',(10.784389811549,-0.919674586909,
    3.044408227195));
#11122 = CARTESIAN_POINT('',(10.764670652361,-0.459868096689,
    3.134736818933));
#11123 = CARTESIAN_POINT('',(10.744948956522,-1.470481245032E-07,
    3.134746044501));
#11124 = ADVANCED_FACE('',(#11125),#11136,.T.);
#11125 = FACE_BOUND('',#11126,.T.);
#11126 = EDGE_LOOP('',(#11127,#11128,#11129));
#11127 = ORIENTED_EDGE('',*,*,#10728,.F.);
#11128 = ORIENTED_EDGE('',*,*,#10939,.F.);
#11129 = ORIENTED_EDGE('',*,*,#11130,.F.);
#11130 = EDGE_CURVE('',#10729,#10905,#11131,.T.);
#11131 = CIRCLE('',#11132,3.165);
#11132 = AXIS2_PLACEMENT_3D('',#11133,#11134,#11135);
#11133 = CARTESIAN_POINT('',(10.793797097908,-5.274910693657E-15,0.5));
#11134 = DIRECTION('',(1.,-5.540892098501E-16,4.4E-16));
#11135 = DIRECTION('',(4.4E-16,-8.E-17,-1.));
#11136 = CYLINDRICAL_SURFACE('',#11137,3.165);
#11137 = AXIS2_PLACEMENT_3D('',#11138,#11139,#11140);
#11138 = CARTESIAN_POINT('',(6.446202902092,-2.854191022488E-15,0.5));
#11139 = DIRECTION('',(1.,-5.540892098501E-16,4.4E-16));
#11140 = DIRECTION('',(4.4E-16,7.E-17,-1.));
#11141 = ADVANCED_FACE('',(#11142),#11199,.T.);
#11142 = FACE_BOUND('',#11143,.T.);
#11143 = EDGE_LOOP('',(#11144,#11145,#11146,#11147,#11182,#11183,#11191,
    #11198));
#11144 = ORIENTED_EDGE('',*,*,#10828,.F.);
#11145 = ORIENTED_EDGE('',*,*,#11130,.T.);
#11146 = ORIENTED_EDGE('',*,*,#10902,.F.);
#11147 = ORIENTED_EDGE('',*,*,#11148,.F.);
#11148 = EDGE_CURVE('',#11016,#10903,#11149,.T.);
#11149 = B_SPLINE_CURVE_WITH_KNOTS('',7,(#11150,#11151,#11152,#11153,
    #11154,#11155,#11156,#11157,#11158,#11159,#11160,#11161,#11162,
    #11163,#11164,#11165,#11166,#11167,#11168,#11169,#11170,#11171,
    #11172,#11173,#11174,#11175,#11176,#11177,#11178,#11179,#11180,
    #11181),.UNSPECIFIED.,.F.,.F.,(8,6,6,6,6,8),(0.,0.240063503494,
    0.484822149606,0.738650414726,0.86524250525,1.),.UNSPECIFIED.);
#11150 = CARTESIAN_POINT('',(11.099947393953,-0.915575073418,
    -1.970533483876));
#11151 = CARTESIAN_POINT('',(11.094330159034,-1.164556518051,
    -1.888637401652));
#11152 = CARTESIAN_POINT('',(11.088729613446,-1.404352021138,
    -1.777717128849));
#11153 = CARTESIAN_POINT('',(11.083148961287,-1.63077492404,
    -1.639169151571));
#11154 = CARTESIAN_POINT('',(11.077587559303,-1.840150532794,
    -1.475103183599));
#11155 = CARTESIAN_POINT('',(11.072043575272,-2.029227504255,
    -1.288141592176));
#11156 = CARTESIAN_POINT('',(11.066516492086,-2.195204255593,
    -1.081375282149));
#11157 = CARTESIAN_POINT('',(11.055394716843,-2.4792876757,
    -0.631217349357));
#11158 = CARTESIAN_POINT('',(11.049796845451,-2.596498512653,
    -0.387023382689));
#11159 = CARTESIAN_POINT('',(11.044218911871,-2.685107216565,
    -0.12973099651));
#11160 = CARTESIAN_POINT('',(11.038659757825,-2.74359005718,
    0.136595105366));
#11161 = CARTESIAN_POINT('',(11.033117054593,-2.771091445103,
    0.407762349111));
#11162 = CARTESIAN_POINT('',(11.027590089195,-2.767415373745,
    0.679501268065));
#11163 = CARTESIAN_POINT('',(11.016370377764,-2.697741459683,
    1.225363278361));
#11164 = CARTESIAN_POINT('',(11.010674780889,-2.629412421122,
    1.499413006067));
#11165 = CARTESIAN_POINT('',(11.004999344389,-2.528864080151,
    1.764776860248));
#11166 = CARTESIAN_POINT('',(10.999342699312,-2.397645279619,
    2.017025948824));
#11167 = CARTESIAN_POINT('',(10.993704043299,-2.237936653355,
    2.252112519528));
#11168 = CARTESIAN_POINT('',(10.988082449147,-2.052543318784,
    2.466364394566));
#11169 = CARTESIAN_POINT('',(10.979688089439,-1.741538251247,
    2.751564688953));
#11170 = CARTESIAN_POINT('',(10.976899197947,-1.632520033474,
    2.840532985784));
#11171 = CARTESIAN_POINT('',(10.974114850485,-1.518400421546,
    2.923185924018));
#11172 = CARTESIAN_POINT('',(10.971334936809,-1.399629276631,
    2.999187657231));
#11173 = CARTESIAN_POINT('',(10.968559286263,-1.276680767672,
    3.068244442509));
#11174 = CARTESIAN_POINT('',(10.96578777068,-1.150051805123,
    3.13010474363));
#11175 = CARTESIAN_POINT('',(10.960074544279,-0.882097383628,
    3.242526338163));
#11176 = CARTESIAN_POINT('',(10.957133233677,-0.740343878746,
    3.292104298771));
#11177 = CARTESIAN_POINT('',(10.954196524999,-0.595625421624,
    3.333041524461));
#11178 = CARTESIAN_POINT('',(10.951264303795,-0.448579769797,
    3.365146676368));
#11179 = CARTESIAN_POINT('',(10.948336514538,-0.299855000678,
    3.388288052899));
#11180 = CARTESIAN_POINT('',(10.945413383524,-0.150107535482,
    3.402392874269));
#11181 = CARTESIAN_POINT('',(10.942495641764,-1.631558163409E-07,
    3.40744656703));
#11182 = ORIENTED_EDGE('',*,*,#11051,.F.);
#11183 = ORIENTED_EDGE('',*,*,#11184,.T.);
#11184 = EDGE_CURVE('',#10793,#11185,#11187,.T.);
#11185 = VERTEX_POINT('',#11186);
#11186 = CARTESIAN_POINT('',(11.12,-5.449773882698E-15,-2.1));
#11187 = LINE('',#11188,#11189);
#11188 = CARTESIAN_POINT('',(10.793797097908,-8.164910693657E-15,-2.665)
  );
#11189 = VECTOR('',#11190,1.);
#11190 = DIRECTION('',(0.5,-4.420446049252E-16,0.866025403784));
#11191 = ORIENTED_EDGE('',*,*,#11192,.F.);
#11192 = EDGE_CURVE('',#11185,#11185,#11193,.T.);
#11193 = CIRCLE('',#11194,2.6);
#11194 = AXIS2_PLACEMENT_3D('',#11195,#11196,#11197);
#11195 = CARTESIAN_POINT('',(11.12,-5.449773882698E-15,0.5));
#11196 = DIRECTION('',(1.,-5.540892098501E-16,4.4E-16));
#11197 = DIRECTION('',(4.4E-16,-1.6E-16,-1.));
#11198 = ORIENTED_EDGE('',*,*,#11184,.F.);
#11199 = CONICAL_SURFACE('',#11200,3.165,1.047197551197);
#11200 = AXIS2_PLACEMENT_3D('',#11201,#11202,#11203);
#11201 = CARTESIAN_POINT('',(10.793797097908,-5.274910693657E-15,0.5));
#11202 = DIRECTION('',(-1.,5.540892098501E-16,-4.4E-16));
#11203 = DIRECTION('',(4.4E-16,-8.E-17,-1.));
#11204 = ADVANCED_FACE('',(#11205),#11210,.F.);
#11205 = FACE_BOUND('',#11206,.F.);
#11206 = EDGE_LOOP('',(#11207,#11208,#11209));
#11207 = ORIENTED_EDGE('',*,*,#10931,.F.);
#11208 = ORIENTED_EDGE('',*,*,#11148,.F.);
#11209 = ORIENTED_EDGE('',*,*,#11015,.T.);
#11210 = B_SPLINE_SURFACE_WITH_KNOTS('',1,9,(
    (#11211,#11212,#11213,#11214,#11215,#11216,#11217,#11218,#11219
      ,#11220,#11221,#11222,#11223,#11224,#11225,#11226,#11227,#11228
      ,#11229,#11230,#11231,#11232,#11233,#11234,#11235,#11236,#11237
      ,#11238,#11239,#11240,#11241)
    ,(#11242,#11243,#11244,#11245,#11246,#11247,#11248,#11249,#11250
      ,#11251,#11252,#11253,#11254,#11255,#11256,#11257,#11258,#11259
      ,#11260,#11261,#11262,#11263,#11264,#11265,#11266,#11267,#11268
      ,#11269,#11270,#11271,#11272
    )),.UNSPECIFIED.,.F.,.F.,.F.,(2,2),(10,7,7,7,10),(0.,0.659896538121)
  ,(0.,1.58079326614,3.161586532279,4.742379798419,6.323173064558),
  .UNSPECIFIED.);
#11211 = CARTESIAN_POINT('',(11.825000046513,-1.766819946929E-07,
    3.706208705036));
#11212 = CARTESIAN_POINT('',(11.805277788682,0.559589626385,
    3.706218299694));
#11213 = CARTESIAN_POINT('',(11.785555359242,1.119181165966,
    3.596421986495));
#11214 = CARTESIAN_POINT('',(11.765833349059,1.654147144006,
    3.376584461095));
#11215 = CARTESIAN_POINT('',(11.746111231865,2.13970852102,
    3.053379667416));
#11216 = CARTESIAN_POINT('',(11.726388955405,2.553409572741,
    2.639731001396));
#11217 = CARTESIAN_POINT('',(11.706666680041,2.876590869118,
    2.15411297821));
#11218 = CARTESIAN_POINT('',(11.686944420695,3.096351494375,
    1.619185186052));
#11219 = CARTESIAN_POINT('',(11.647499958262,3.31610732476,
    0.500005959451));
#11220 = CARTESIAN_POINT('',(11.608055558528,3.096345880305,
    -0.619180810396));
#11221 = CARTESIAN_POINT('',(11.588333364318,2.876588315687,
    -1.154116968254));
#11222 = CARTESIAN_POINT('',(11.568611143948,2.553417166136,
    -1.639741299855));
#11223 = CARTESIAN_POINT('',(11.5488888999,2.139741294332,-2.05342399432
    ));
#11224 = CARTESIAN_POINT('',(11.529166658229,1.654117227366,
    -2.376599418034));
#11225 = CARTESIAN_POINT('',(11.509444434731,1.119181826999,
    -2.596346626308));
#11226 = CARTESIAN_POINT('',(11.47,-2.560276846352E-07,-2.816091546905)
  );
#11227 = CARTESIAN_POINT('',(11.430555565268,-1.119181314943,
    -2.596341410478));
#11228 = CARTESIAN_POINT('',(11.410833341775,-1.654115081301,
    -2.376594296255));
#11229 = CARTESIAN_POINT('',(11.391111100098,-2.13974190954,
    -2.053431686353));
#11230 = CARTESIAN_POINT('',(11.371388856047,-2.553428496126,
    -1.639755337618));
#11231 = CARTESIAN_POINT('',(11.351666635678,-2.876603784422,
    -1.1541238742));
#11232 = CARTESIAN_POINT('',(11.331944441477,-3.096346720142,
    -0.619182276498));
#11233 = CARTESIAN_POINT('',(11.292500041728,-3.316085394535,
    0.500005847705));
#11234 = CARTESIAN_POINT('',(11.2530555793,-3.096338538701,
    1.619183719942));
#11235 = CARTESIAN_POINT('',(11.233333320144,-2.876597454032,
    2.154116790944));
#11236 = CARTESIAN_POINT('',(11.213611044056,-2.553438886071,
    2.639732551235));
#11237 = CARTESIAN_POINT('',(11.19388876881,-2.139774264965,
    3.053445759097));
#11238 = CARTESIAN_POINT('',(11.174166650477,-1.654094861865,
    3.376598542476));
#11239 = CARTESIAN_POINT('',(11.154444640887,-1.119177755525,
    3.596317266814));
#11240 = CARTESIAN_POINT('',(11.134722211327,-0.559589983065,
    3.706224090422));
#11241 = CARTESIAN_POINT('',(11.114999953471,-1.799985949476E-07,
    3.706233685659));
#11242 = CARTESIAN_POINT('',(11.495051043463,-1.967955844463E-07,
    3.134721962924));
#11243 = CARTESIAN_POINT('',(11.475329347647,0.459867752846,
    3.13473123661));
#11244 = CARTESIAN_POINT('',(11.455610188576,0.919677874609,
    3.044509178045));
#11245 = CARTESIAN_POINT('',(11.435884828224,1.359295222009,
    2.863866873973));
#11246 = CARTESIAN_POINT('',(11.416161062904,1.758326776489,
    2.59825131727));
#11247 = CARTESIAN_POINT('',(11.39643963262,2.0982777652,2.258332502478)
  );
#11248 = CARTESIAN_POINT('',(11.376718201428,2.363858672966,
    1.859276338133));
#11249 = CARTESIAN_POINT('',(11.356996526304,2.544448720714,
    1.419697965079));
#11250 = CARTESIAN_POINT('',(11.317552347654,2.725035294318,
    0.500006140964));
#11251 = CARTESIAN_POINT('',(11.278107242609,2.544443101745,
    -0.419695374922));
#11252 = CARTESIAN_POINT('',(11.258384606366,2.363854199578,
    -0.859284264158));
#11253 = CARTESIAN_POINT('',(11.238662356744,2.098285490603,
    -1.258347300785));
#11254 = CARTESIAN_POINT('',(11.218940457104,1.758347237852,
    -1.598291816096));
#11255 = CARTESIAN_POINT('',(11.199218522314,1.35928553883,
    -1.863863847229));
#11256 = CARTESIAN_POINT('',(11.179496318924,0.919698117903,
    -2.044443348516));
#11257 = CARTESIAN_POINT('',(11.14005173094,-2.473412222287E-07,
    -2.225020404452));
#11258 = CARTESIAN_POINT('',(11.100607142955,-0.91969762322,
    -2.044438309649));
#11259 = CARTESIAN_POINT('',(11.080884939569,-1.359283465576,
    -1.863858899222));
#11260 = CARTESIAN_POINT('',(11.061163004772,-1.758347832188,
    -1.598299247155));
#11261 = CARTESIAN_POINT('',(11.041441105131,-2.09829643619,
    -1.258360862276));
#11262 = CARTESIAN_POINT('',(11.02171885551,-2.363869143492,
    -0.8592909358));
#11263 = CARTESIAN_POINT('',(11.001996219275,-2.544443913088,
    -0.419696791282));
#11264 = CARTESIAN_POINT('',(10.962551114215,-2.725014108139,
    0.500006033009));
#11265 = CARTESIAN_POINT('',(10.923106935571,-2.544436204598,
    1.419696548711));
#11266 = CARTESIAN_POINT('',(10.90338526063,-2.363865034468,
    1.85928002151));
#11267 = CARTESIAN_POINT('',(10.883663828738,-2.098306083992,
    2.258333999734));
#11268 = CARTESIAN_POINT('',(10.863942399626,-1.758390289883,
    2.598315166603));
#11269 = CARTESIAN_POINT('',(10.844218633208,-1.359244713688,
    2.863880477602));
#11270 = CARTESIAN_POINT('',(10.824493273428,-0.919674579877,
    3.044408011276));
#11271 = CARTESIAN_POINT('',(10.80477411424,-0.459868097425,
    3.134736830872));
#11272 = CARTESIAN_POINT('',(10.785052418401,-1.47783555341E-07,
    3.134746096008));
#11273 = ADVANCED_FACE('',(#11274),#11293,.T.);
#11274 = FACE_BOUND('',#11275,.T.);
#11275 = EDGE_LOOP('',(#11276,#11277,#11285,#11292));
#11276 = ORIENTED_EDGE('',*,*,#11192,.T.);
#11277 = ORIENTED_EDGE('',*,*,#11278,.T.);
#11278 = EDGE_CURVE('',#11185,#11279,#11281,.T.);
#11279 = VERTEX_POINT('',#11280);
#11280 = CARTESIAN_POINT('',(11.62,-6.671818487623E-15,-2.1));
#11281 = LINE('',#11282,#11283);
#11282 = CARTESIAN_POINT('',(11.12,-8.459773882698E-15,-2.1));
#11283 = VECTOR('',#11284,1.);
#11284 = DIRECTION('',(1.,-8.840892098501E-16,4.4E-16));
#11285 = ORIENTED_EDGE('',*,*,#11286,.F.);
#11286 = EDGE_CURVE('',#11279,#11279,#11287,.T.);
#11287 = CIRCLE('',#11288,2.6);
#11288 = AXIS2_PLACEMENT_3D('',#11289,#11290,#11291);
#11289 = CARTESIAN_POINT('',(11.62,-5.731818487623E-15,0.5));
#11290 = DIRECTION('',(1.,-5.540892098501E-16,4.4E-16));
#11291 = DIRECTION('',(4.4E-16,-1.8E-16,-1.));
#11292 = ORIENTED_EDGE('',*,*,#11278,.F.);
#11293 = CYLINDRICAL_SURFACE('',#11294,2.6);
#11294 = AXIS2_PLACEMENT_3D('',#11295,#11296,#11297);
#11295 = CARTESIAN_POINT('',(11.12,-5.449773882698E-15,0.5));
#11296 = DIRECTION('',(1.,-5.540892098501E-16,4.4E-16));
#11297 = DIRECTION('',(4.4E-16,-1.6E-16,-1.));
#11298 = ADVANCED_FACE('',(#11299,#11302),#11313,.F.);
#11299 = FACE_BOUND('',#11300,.T.);
#11300 = EDGE_LOOP('',(#11301));
#11301 = ORIENTED_EDGE('',*,*,#11286,.T.);
#11302 = FACE_BOUND('',#11303,.T.);
#11303 = EDGE_LOOP('',(#11304));
#11304 = ORIENTED_EDGE('',*,*,#11305,.F.);
#11305 = EDGE_CURVE('',#11306,#11306,#11308,.T.);
#11306 = VERTEX_POINT('',#11307);
#11307 = CARTESIAN_POINT('',(11.62,-6.671818487623E-15,-1.815));
#11308 = CIRCLE('',#11309,2.315);
#11309 = AXIS2_PLACEMENT_3D('',#11310,#11311,#11312);
#11310 = CARTESIAN_POINT('',(11.62,-5.731818487623E-15,0.5));
#11311 = DIRECTION('',(1.,-5.540892098501E-16,4.4E-16));
#11312 = DIRECTION('',(4.4E-16,-2.3E-16,-1.));
#11313 = PLANE('',#11314);
#11314 = AXIS2_PLACEMENT_3D('',#11315,#11316,#11317);
#11315 = CARTESIAN_POINT('',(11.62,-5.731818487623E-15,0.5));
#11316 = DIRECTION('',(-1.,5.540892098501E-16,-4.4E-16));
#11317 = DIRECTION('',(-4.4E-16,1.8E-16,1.));
#11318 = ADVANCED_FACE('',(#11319),#11338,.F.);
#11319 = FACE_BOUND('',#11320,.F.);
#11320 = EDGE_LOOP('',(#11321,#11329,#11336,#11337));
#11321 = ORIENTED_EDGE('',*,*,#11322,.T.);
#11322 = EDGE_CURVE('',#11306,#11323,#11325,.T.);
#11323 = VERTEX_POINT('',#11324);
#11324 = CARTESIAN_POINT('',(9.69,-4.814726312612E-15,-1.815));
#11325 = LINE('',#11326,#11327);
#11326 = CARTESIAN_POINT('',(11.62,-8.901818487623E-15,-1.815));
#11327 = VECTOR('',#11328,1.);
#11328 = DIRECTION('',(-1.,8.840892098501E-16,-4.4E-16));
#11329 = ORIENTED_EDGE('',*,*,#11330,.T.);
#11330 = EDGE_CURVE('',#11323,#11323,#11331,.T.);
#11331 = CIRCLE('',#11332,2.315);
#11332 = AXIS2_PLACEMENT_3D('',#11333,#11334,#11335);
#11333 = CARTESIAN_POINT('',(9.69,-4.654726312612E-15,0.5));
#11334 = DIRECTION('',(1.,-5.540892098501E-16,4.4E-16));
#11335 = DIRECTION('',(4.4E-16,-1.4E-16,-1.));
#11336 = ORIENTED_EDGE('',*,*,#11322,.F.);
#11337 = ORIENTED_EDGE('',*,*,#11305,.F.);
#11338 = CYLINDRICAL_SURFACE('',#11339,2.315);
#11339 = AXIS2_PLACEMENT_3D('',#11340,#11341,#11342);
#11340 = CARTESIAN_POINT('',(11.62,-5.731818487623E-15,0.5));
#11341 = DIRECTION('',(-1.,5.540892098501E-16,-4.4E-16));
#11342 = DIRECTION('',(4.4E-16,-2.3E-16,-1.));
#11343 = ADVANCED_FACE('',(#11344,#11347),#11358,.F.);
#11344 = FACE_BOUND('',#11345,.T.);
#11345 = EDGE_LOOP('',(#11346));
#11346 = ORIENTED_EDGE('',*,*,#11330,.T.);
#11347 = FACE_BOUND('',#11348,.T.);
#11348 = EDGE_LOOP('',(#11349));
#11349 = ORIENTED_EDGE('',*,*,#11350,.F.);
#11350 = EDGE_CURVE('',#11351,#11351,#11353,.T.);
#11351 = VERTEX_POINT('',#11352);
#11352 = CARTESIAN_POINT('',(9.69,-5.814726312612E-15,8.000000000001E-02
    ));
#11353 = CIRCLE('',#11354,0.42);
#11354 = AXIS2_PLACEMENT_3D('',#11355,#11356,#11357);
#11355 = CARTESIAN_POINT('',(9.69,-4.654726312612E-15,0.5));
#11356 = DIRECTION('',(1.,-5.540892098501E-16,4.4E-16));
#11357 = DIRECTION('',(4.4E-16,-1.78E-15,-1.));
#11358 = PLANE('',#11359);
#11359 = AXIS2_PLACEMENT_3D('',#11360,#11361,#11362);
#11360 = CARTESIAN_POINT('',(9.69,-4.654726312612E-15,0.5));
#11361 = DIRECTION('',(-1.,5.540892098501E-16,-4.4E-16));
#11362 = DIRECTION('',(-4.4E-16,1.4E-16,1.));
#11363 = ADVANCED_FACE('',(#11364),#11383,.F.);
#11364 = FACE_BOUND('',#11365,.F.);
#11365 = EDGE_LOOP('',(#11366,#11374,#11381,#11382));
#11366 = ORIENTED_EDGE('',*,*,#11367,.T.);
#11367 = EDGE_CURVE('',#11351,#11368,#11370,.T.);
#11368 = VERTEX_POINT('',#11369);
#11369 = CARTESIAN_POINT('',(3.7,-1.15463194561E-15,8.E-02));
#11370 = LINE('',#11371,#11372);
#11371 = CARTESIAN_POINT('',(9.69,-7.184726312612E-15,8.E-02));
#11372 = VECTOR('',#11373,1.);
#11373 = DIRECTION('',(-1.,8.840892098501E-16,-4.4E-16));
#11374 = ORIENTED_EDGE('',*,*,#11375,.T.);
#11375 = EDGE_CURVE('',#11368,#11368,#11376,.T.);
#11376 = CIRCLE('',#11377,0.42);
#11377 = AXIS2_PLACEMENT_3D('',#11378,#11379,#11380);
#11378 = CARTESIAN_POINT('',(3.7,-1.33463194561E-15,0.5));
#11379 = DIRECTION('',(1.,-5.540892098501E-16,4.4E-16));
#11380 = DIRECTION('',(4.4E-16,-2.E-16,-1.));
#11381 = ORIENTED_EDGE('',*,*,#11367,.F.);
#11382 = ORIENTED_EDGE('',*,*,#11350,.F.);
#11383 = CYLINDRICAL_SURFACE('',#11384,0.42);
#11384 = AXIS2_PLACEMENT_3D('',#11385,#11386,#11387);
#11385 = CARTESIAN_POINT('',(9.69,-4.654726312612E-15,0.5));
#11386 = DIRECTION('',(-1.,5.540892098501E-16,-4.4E-16));
#11387 = DIRECTION('',(4.4E-16,-1.78E-15,-1.));
#11388 = ADVANCED_FACE('',(#11389),#11392,.F.);
#11389 = FACE_BOUND('',#11390,.F.);
#11390 = EDGE_LOOP('',(#11391));
#11391 = ORIENTED_EDGE('',*,*,#11375,.F.);
#11392 = PLANE('',#11393);
#11393 = AXIS2_PLACEMENT_3D('',#11394,#11395,#11396);
#11394 = CARTESIAN_POINT('',(3.7,-1.29463194561E-15,0.5));
#11395 = DIRECTION('',(-1.,4.440892098501E-16,-8.9E-16));
#11396 = DIRECTION('',(-8.9E-16,3.952393967666E-31,1.));
#11397 = ( GEOMETRIC_REPRESENTATION_CONTEXT(3) 
GLOBAL_UNCERTAINTY_ASSIGNED_CONTEXT((#11401)) 
GLOBAL_UNIT_ASSIGNED_CONTEXT((#11398,#11399,#11400)) 
REPRESENTATION_CONTEXT('Context #1',
  '3D Context with UNIT and UNCERTAINTY') );
#11398 = ( LENGTH_UNIT() NAMED_UNIT(*) SI_UNIT(.MILLI.,.METRE.) );
#11399 = ( NAMED_UNIT(*) PLANE_ANGLE_UNIT() SI_UNIT($,.RADIAN.) );
#11400 = ( NAMED_UNIT(*) SI_UNIT($,.STERADIAN.) SOLID_ANGLE_UNIT() );
#11401 = UNCERTAINTY_MEASURE_WITH_UNIT(LENGTH_MEASURE(1.E-07),#11398,
  'distance_accuracy_value','confusion accuracy');
#11402 = CONTEXT_DEPENDENT_SHAPE_REPRESENTATION(#11403,#11405);
#11403 = ( REPRESENTATION_RELATIONSHIP('','',#6738,#10) 
REPRESENTATION_RELATIONSHIP_WITH_TRANSFORMATION(#11404) 
SHAPE_REPRESENTATION_RELATIONSHIP() );
#11404 = ITEM_DEFINED_TRANSFORMATION('','',#11,#43);
#11405 = PRODUCT_DEFINITION_SHAPE('Placement','Placement of an item',
  #11406);
#11406 = NEXT_ASSEMBLY_USAGE_OCCURRENCE('8','J_Power1','',#5,#6733,$);
#11407 = PRODUCT_RELATED_PRODUCT_CATEGORY('part',$,(#6735));
#11408 = CONTEXT_DEPENDENT_SHAPE_REPRESENTATION(#11409,#11411);
#11409 = ( REPRESENTATION_RELATIONSHIP('','',#148,#10) 
REPRESENTATION_RELATIONSHIP_WITH_TRANSFORMATION(#11410) 
SHAPE_REPRESENTATION_RELATIONSHIP() );
#11410 = ITEM_DEFINED_TRANSFORMATION('','',#11,#47);
#11411 = PRODUCT_DEFINITION_SHAPE('Placement','Placement of an item',
  #11412);
#11412 = NEXT_ASSEMBLY_USAGE_OCCURRENCE('9','J8','',#5,#143,$);
#11413 = SHAPE_DEFINITION_REPRESENTATION(#11414,#11420);
#11414 = PRODUCT_DEFINITION_SHAPE('','',#11415);
#11415 = PRODUCT_DEFINITION('design','',#11416,#11419);
#11416 = PRODUCT_DEFINITION_FORMATION('','',#11417);
#11417 = PRODUCT('LED_0603_1608Metric','LED_0603_1608Metric','',(#11418)
  );
#11418 = PRODUCT_CONTEXT('',#2,'mechanical');
#11419 = PRODUCT_DEFINITION_CONTEXT('part definition',#2,'design');
#11420 = ADVANCED_BREP_SHAPE_REPRESENTATION('',(#11,#11421),#12944);
#11421 = MANIFOLD_SOLID_BREP('',#11422);
#11422 = CLOSED_SHELL('',(#11423,#11463,#11510,#11589,#11613,#11653,
    #11684,#11701,#11734,#11758,#11825,#11946,#12013,#12037,#12068,
    #12101,#12157,#12181,#12205,#12229,#12262,#12274,#12337,#12362,
    #12379,#12403,#12421,#12439,#12457,#12474,#12491,#12522,#12547,
    #12572,#12596,#12613,#12644,#12668,#12685,#12713,#12738,#12762,
    #12787,#12834,#12851,#12863,#12885,#12897,#12915,#12933));
#11423 = ADVANCED_FACE('',(#11424),#11458,.F.);
#11424 = FACE_BOUND('',#11425,.F.);
#11425 = EDGE_LOOP('',(#11426,#11436,#11444,#11452));
#11426 = ORIENTED_EDGE('',*,*,#11427,.T.);
#11427 = EDGE_CURVE('',#11428,#11430,#11432,.T.);
#11428 = VERTEX_POINT('',#11429);
#11429 = CARTESIAN_POINT('',(-0.5,-0.4,0.47));
#11430 = VERTEX_POINT('',#11431);
#11431 = CARTESIAN_POINT('',(-0.45,-0.4,1.1));
#11432 = LINE('',#11433,#11434);
#11433 = CARTESIAN_POINT('',(-0.5,-0.4,0.47));
#11434 = VECTOR('',#11435,1.);
#11435 = DIRECTION('',(7.911630099815E-02,0.,0.996865392576));
#11436 = ORIENTED_EDGE('',*,*,#11437,.T.);
#11437 = EDGE_CURVE('',#11430,#11438,#11440,.T.);
#11438 = VERTEX_POINT('',#11439);
#11439 = CARTESIAN_POINT('',(0.45,-0.4,1.1));
#11440 = LINE('',#11441,#11442);
#11441 = CARTESIAN_POINT('',(-0.45,-0.4,1.1));
#11442 = VECTOR('',#11443,1.);
#11443 = DIRECTION('',(1.,0.,0.));
#11444 = ORIENTED_EDGE('',*,*,#11445,.T.);
#11445 = EDGE_CURVE('',#11438,#11446,#11448,.T.);
#11446 = VERTEX_POINT('',#11447);
#11447 = CARTESIAN_POINT('',(0.5,-0.4,0.47));
#11448 = LINE('',#11449,#11450);
#11449 = CARTESIAN_POINT('',(0.45,-0.4,1.1));
#11450 = VECTOR('',#11451,1.);
#11451 = DIRECTION('',(7.911630099815E-02,0.,-0.996865392576));
#11452 = ORIENTED_EDGE('',*,*,#11453,.T.);
#11453 = EDGE_CURVE('',#11446,#11428,#11454,.T.);
#11454 = LINE('',#11455,#11456);
#11455 = CARTESIAN_POINT('',(0.5,-0.4,0.47));
#11456 = VECTOR('',#11457,1.);
#11457 = DIRECTION('',(-1.,0.,0.));
#11458 = PLANE('',#11459);
#11459 = AXIS2_PLACEMENT_3D('',#11460,#11461,#11462);
#11460 = CARTESIAN_POINT('',(-8.772411109409E-18,-0.4,0.775044128294));
#11461 = DIRECTION('',(0.,1.,0.));
#11462 = DIRECTION('',(0.,-0.,1.));
#11463 = ADVANCED_FACE('',(#11464),#11505,.T.);
#11464 = FACE_BOUND('',#11465,.T.);
#11465 = EDGE_LOOP('',(#11466,#11476,#11484,#11490,#11491,#11499));
#11466 = ORIENTED_EDGE('',*,*,#11467,.T.);
#11467 = EDGE_CURVE('',#11468,#11470,#11472,.T.);
#11468 = VERTEX_POINT('',#11469);
#11469 = CARTESIAN_POINT('',(-0.5,0.4,0.47));
#11470 = VERTEX_POINT('',#11471);
#11471 = CARTESIAN_POINT('',(-0.5,0.3,0.47));
#11472 = LINE('',#11473,#11474);
#11473 = CARTESIAN_POINT('',(-0.5,0.4,0.47));
#11474 = VECTOR('',#11475,1.);
#11475 = DIRECTION('',(0.,-1.,0.));
#11476 = ORIENTED_EDGE('',*,*,#11477,.F.);
#11477 = EDGE_CURVE('',#11478,#11470,#11480,.T.);
#11478 = VERTEX_POINT('',#11479);
#11479 = CARTESIAN_POINT('',(-0.5,-0.3,0.47));
#11480 = LINE('',#11481,#11482);
#11481 = CARTESIAN_POINT('',(-0.5,-0.4,0.47));
#11482 = VECTOR('',#11483,1.);
#11483 = DIRECTION('',(0.,1.,0.));
#11484 = ORIENTED_EDGE('',*,*,#11485,.T.);
#11485 = EDGE_CURVE('',#11478,#11428,#11486,.T.);
#11486 = LINE('',#11487,#11488);
#11487 = CARTESIAN_POINT('',(-0.5,0.4,0.47));
#11488 = VECTOR('',#11489,1.);
#11489 = DIRECTION('',(0.,-1.,0.));
#11490 = ORIENTED_EDGE('',*,*,#11427,.T.);
#11491 = ORIENTED_EDGE('',*,*,#11492,.F.);
#11492 = EDGE_CURVE('',#11493,#11430,#11495,.T.);
#11493 = VERTEX_POINT('',#11494);
#11494 = CARTESIAN_POINT('',(-0.45,0.4,1.1));
#11495 = LINE('',#11496,#11497);
#11496 = CARTESIAN_POINT('',(-0.45,0.4,1.1));
#11497 = VECTOR('',#11498,1.);
#11498 = DIRECTION('',(0.,-1.,0.));
#11499 = ORIENTED_EDGE('',*,*,#11500,.F.);
#11500 = EDGE_CURVE('',#11468,#11493,#11501,.T.);
#11501 = LINE('',#11502,#11503);
#11502 = CARTESIAN_POINT('',(-0.5,0.4,0.47));
#11503 = VECTOR('',#11504,1.);
#11504 = DIRECTION('',(7.911630099815E-02,0.,0.996865392576));
#11505 = PLANE('',#11506);
#11506 = AXIS2_PLACEMENT_3D('',#11507,#11508,#11509);
#11507 = CARTESIAN_POINT('',(-0.5,0.4,0.47));
#11508 = DIRECTION('',(-0.996865392576,0.,7.911630099815E-02));
#11509 = DIRECTION('',(7.911630099815E-02,0.,0.996865392576));
#11510 = ADVANCED_FACE('',(#11511),#11584,.F.);
#11511 = FACE_BOUND('',#11512,.F.);
#11512 = EDGE_LOOP('',(#11513,#11523,#11531,#11539,#11545,#11546,#11554,
    #11562,#11570,#11578));
#11513 = ORIENTED_EDGE('',*,*,#11514,.F.);
#11514 = EDGE_CURVE('',#11515,#11517,#11519,.T.);
#11515 = VERTEX_POINT('',#11516);
#11516 = CARTESIAN_POINT('',(-0.77,-0.4,3.E-02));
#11517 = VERTEX_POINT('',#11518);
#11518 = CARTESIAN_POINT('',(-0.725,-0.4,3.E-02));
#11519 = LINE('',#11520,#11521);
#11520 = CARTESIAN_POINT('',(-0.77,-0.4,3.E-02));
#11521 = VECTOR('',#11522,1.);
#11522 = DIRECTION('',(1.,0.,0.));
#11523 = ORIENTED_EDGE('',*,*,#11524,.T.);
#11524 = EDGE_CURVE('',#11515,#11525,#11527,.T.);
#11525 = VERTEX_POINT('',#11526);
#11526 = CARTESIAN_POINT('',(-0.77,-0.4,0.47));
#11527 = LINE('',#11528,#11529);
#11528 = CARTESIAN_POINT('',(-0.77,-0.4,3.E-02));
#11529 = VECTOR('',#11530,1.);
#11530 = DIRECTION('',(0.,0.,1.));
#11531 = ORIENTED_EDGE('',*,*,#11532,.T.);
#11532 = EDGE_CURVE('',#11525,#11533,#11535,.T.);
#11533 = VERTEX_POINT('',#11534);
#11534 = CARTESIAN_POINT('',(-0.725,-0.4,0.47));
#11535 = LINE('',#11536,#11537);
#11536 = CARTESIAN_POINT('',(-0.77,-0.4,0.47));
#11537 = VECTOR('',#11538,1.);
#11538 = DIRECTION('',(1.,0.,0.));
#11539 = ORIENTED_EDGE('',*,*,#11540,.T.);
#11540 = EDGE_CURVE('',#11533,#11428,#11541,.T.);
#11541 = LINE('',#11542,#11543);
#11542 = CARTESIAN_POINT('',(-0.77,-0.4,0.47));
#11543 = VECTOR('',#11544,1.);
#11544 = DIRECTION('',(1.,0.,0.));
#11545 = ORIENTED_EDGE('',*,*,#11453,.F.);
#11546 = ORIENTED_EDGE('',*,*,#11547,.T.);
#11547 = EDGE_CURVE('',#11446,#11548,#11550,.T.);
#11548 = VERTEX_POINT('',#11549);
#11549 = CARTESIAN_POINT('',(0.725,-0.4,0.47));
#11550 = LINE('',#11551,#11552);
#11551 = CARTESIAN_POINT('',(-0.77,-0.4,0.47));
#11552 = VECTOR('',#11553,1.);
#11553 = DIRECTION('',(1.,0.,0.));
#11554 = ORIENTED_EDGE('',*,*,#11555,.T.);
#11555 = EDGE_CURVE('',#11548,#11556,#11558,.T.);
#11556 = VERTEX_POINT('',#11557);
#11557 = CARTESIAN_POINT('',(0.77,-0.4,0.47));
#11558 = LINE('',#11559,#11560);
#11559 = CARTESIAN_POINT('',(-0.77,-0.4,0.47));
#11560 = VECTOR('',#11561,1.);
#11561 = DIRECTION('',(1.,0.,0.));
#11562 = ORIENTED_EDGE('',*,*,#11563,.F.);
#11563 = EDGE_CURVE('',#11564,#11556,#11566,.T.);
#11564 = VERTEX_POINT('',#11565);
#11565 = CARTESIAN_POINT('',(0.77,-0.4,3.E-02));
#11566 = LINE('',#11567,#11568);
#11567 = CARTESIAN_POINT('',(0.77,-0.4,3.E-02));
#11568 = VECTOR('',#11569,1.);
#11569 = DIRECTION('',(0.,0.,1.));
#11570 = ORIENTED_EDGE('',*,*,#11571,.F.);
#11571 = EDGE_CURVE('',#11572,#11564,#11574,.T.);
#11572 = VERTEX_POINT('',#11573);
#11573 = CARTESIAN_POINT('',(0.725,-0.4,3.E-02));
#11574 = LINE('',#11575,#11576);
#11575 = CARTESIAN_POINT('',(-0.77,-0.4,3.E-02));
#11576 = VECTOR('',#11577,1.);
#11577 = DIRECTION('',(1.,0.,0.));
#11578 = ORIENTED_EDGE('',*,*,#11579,.F.);
#11579 = EDGE_CURVE('',#11517,#11572,#11580,.T.);
#11580 = LINE('',#11581,#11582);
#11581 = CARTESIAN_POINT('',(-0.77,-0.4,3.E-02));
#11582 = VECTOR('',#11583,1.);
#11583 = DIRECTION('',(1.,0.,0.));
#11584 = PLANE('',#11585);
#11585 = AXIS2_PLACEMENT_3D('',#11586,#11587,#11588);
#11586 = CARTESIAN_POINT('',(-0.77,-0.4,3.E-02));
#11587 = DIRECTION('',(0.,1.,0.));
#11588 = DIRECTION('',(0.,-0.,1.));
#11589 = ADVANCED_FACE('',(#11590),#11608,.T.);
#11590 = FACE_BOUND('',#11591,.T.);
#11591 = EDGE_LOOP('',(#11592,#11593,#11594,#11602));
#11592 = ORIENTED_EDGE('',*,*,#11492,.T.);
#11593 = ORIENTED_EDGE('',*,*,#11437,.T.);
#11594 = ORIENTED_EDGE('',*,*,#11595,.F.);
#11595 = EDGE_CURVE('',#11596,#11438,#11598,.T.);
#11596 = VERTEX_POINT('',#11597);
#11597 = CARTESIAN_POINT('',(0.45,0.4,1.1));
#11598 = LINE('',#11599,#11600);
#11599 = CARTESIAN_POINT('',(0.45,0.4,1.1));
#11600 = VECTOR('',#11601,1.);
#11601 = DIRECTION('',(0.,-1.,0.));
#11602 = ORIENTED_EDGE('',*,*,#11603,.F.);
#11603 = EDGE_CURVE('',#11493,#11596,#11604,.T.);
#11604 = LINE('',#11605,#11606);
#11605 = CARTESIAN_POINT('',(-0.45,0.4,1.1));
#11606 = VECTOR('',#11607,1.);
#11607 = DIRECTION('',(1.,0.,0.));
#11608 = PLANE('',#11609);
#11609 = AXIS2_PLACEMENT_3D('',#11610,#11611,#11612);
#11610 = CARTESIAN_POINT('',(-0.45,0.4,1.1));
#11611 = DIRECTION('',(0.,0.,1.));
#11612 = DIRECTION('',(1.,0.,-0.));
#11613 = ADVANCED_FACE('',(#11614),#11648,.T.);
#11614 = FACE_BOUND('',#11615,.T.);
#11615 = EDGE_LOOP('',(#11616,#11617,#11618,#11626,#11634,#11642));
#11616 = ORIENTED_EDGE('',*,*,#11595,.T.);
#11617 = ORIENTED_EDGE('',*,*,#11445,.T.);
#11618 = ORIENTED_EDGE('',*,*,#11619,.F.);
#11619 = EDGE_CURVE('',#11620,#11446,#11622,.T.);
#11620 = VERTEX_POINT('',#11621);
#11621 = CARTESIAN_POINT('',(0.5,-0.3,0.47));
#11622 = LINE('',#11623,#11624);
#11623 = CARTESIAN_POINT('',(0.5,0.4,0.47));
#11624 = VECTOR('',#11625,1.);
#11625 = DIRECTION('',(0.,-1.,0.));
#11626 = ORIENTED_EDGE('',*,*,#11627,.T.);
#11627 = EDGE_CURVE('',#11620,#11628,#11630,.T.);
#11628 = VERTEX_POINT('',#11629);
#11629 = CARTESIAN_POINT('',(0.5,0.3,0.47));
#11630 = LINE('',#11631,#11632);
#11631 = CARTESIAN_POINT('',(0.5,-0.4,0.47));
#11632 = VECTOR('',#11633,1.);
#11633 = DIRECTION('',(0.,1.,0.));
#11634 = ORIENTED_EDGE('',*,*,#11635,.F.);
#11635 = EDGE_CURVE('',#11636,#11628,#11638,.T.);
#11636 = VERTEX_POINT('',#11637);
#11637 = CARTESIAN_POINT('',(0.5,0.4,0.47));
#11638 = LINE('',#11639,#11640);
#11639 = CARTESIAN_POINT('',(0.5,0.4,0.47));
#11640 = VECTOR('',#11641,1.);
#11641 = DIRECTION('',(0.,-1.,0.));
#11642 = ORIENTED_EDGE('',*,*,#11643,.F.);
#11643 = EDGE_CURVE('',#11596,#11636,#11644,.T.);
#11644 = LINE('',#11645,#11646);
#11645 = CARTESIAN_POINT('',(0.45,0.4,1.1));
#11646 = VECTOR('',#11647,1.);
#11647 = DIRECTION('',(7.911630099815E-02,0.,-0.996865392576));
#11648 = PLANE('',#11649);
#11649 = AXIS2_PLACEMENT_3D('',#11650,#11651,#11652);
#11650 = CARTESIAN_POINT('',(0.45,0.4,1.1));
#11651 = DIRECTION('',(0.996865392576,0.,7.911630099815E-02));
#11652 = DIRECTION('',(7.911630099815E-02,0.,-0.996865392576));
#11653 = ADVANCED_FACE('',(#11654),#11679,.T.);
#11654 = FACE_BOUND('',#11655,.T.);
#11655 = EDGE_LOOP('',(#11656,#11664,#11672,#11678));
#11656 = ORIENTED_EDGE('',*,*,#11657,.F.);
#11657 = EDGE_CURVE('',#11658,#11468,#11660,.T.);
#11658 = VERTEX_POINT('',#11659);
#11659 = CARTESIAN_POINT('',(-0.725,0.4,0.47));
#11660 = LINE('',#11661,#11662);
#11661 = CARTESIAN_POINT('',(-0.77,0.4,0.47));
#11662 = VECTOR('',#11663,1.);
#11663 = DIRECTION('',(1.,0.,0.));
#11664 = ORIENTED_EDGE('',*,*,#11665,.F.);
#11665 = EDGE_CURVE('',#11666,#11658,#11668,.T.);
#11666 = VERTEX_POINT('',#11667);
#11667 = CARTESIAN_POINT('',(-0.725,0.3,0.47));
#11668 = LINE('',#11669,#11670);
#11669 = CARTESIAN_POINT('',(-0.725,5.E-02,0.47));
#11670 = VECTOR('',#11671,1.);
#11671 = DIRECTION('',(0.,1.,0.));
#11672 = ORIENTED_EDGE('',*,*,#11673,.F.);
#11673 = EDGE_CURVE('',#11470,#11666,#11674,.T.);
#11674 = LINE('',#11675,#11676);
#11675 = CARTESIAN_POINT('',(-0.7475,0.3,0.47));
#11676 = VECTOR('',#11677,1.);
#11677 = DIRECTION('',(-1.,0.,0.));
#11678 = ORIENTED_EDGE('',*,*,#11467,.F.);
#11679 = PLANE('',#11680);
#11680 = AXIS2_PLACEMENT_3D('',#11681,#11682,#11683);
#11681 = CARTESIAN_POINT('',(-0.77,-0.4,0.47));
#11682 = DIRECTION('',(0.,0.,1.));
#11683 = DIRECTION('',(1.,0.,-0.));
#11684 = ADVANCED_FACE('',(#11685),#11696,.T.);
#11685 = FACE_BOUND('',#11686,.T.);
#11686 = EDGE_LOOP('',(#11687,#11688,#11689,#11690));
#11687 = ORIENTED_EDGE('',*,*,#11500,.T.);
#11688 = ORIENTED_EDGE('',*,*,#11603,.T.);
#11689 = ORIENTED_EDGE('',*,*,#11643,.T.);
#11690 = ORIENTED_EDGE('',*,*,#11691,.T.);
#11691 = EDGE_CURVE('',#11636,#11468,#11692,.T.);
#11692 = LINE('',#11693,#11694);
#11693 = CARTESIAN_POINT('',(0.5,0.4,0.47));
#11694 = VECTOR('',#11695,1.);
#11695 = DIRECTION('',(-1.,0.,0.));
#11696 = PLANE('',#11697);
#11697 = AXIS2_PLACEMENT_3D('',#11698,#11699,#11700);
#11698 = CARTESIAN_POINT('',(-8.772411109409E-18,0.4,0.775044128294));
#11699 = DIRECTION('',(0.,1.,0.));
#11700 = DIRECTION('',(0.,-0.,1.));
#11701 = ADVANCED_FACE('',(#11702),#11729,.T.);
#11702 = FACE_BOUND('',#11703,.T.);
#11703 = EDGE_LOOP('',(#11704,#11713,#11721,#11728));
#11704 = ORIENTED_EDGE('',*,*,#11705,.F.);
#11705 = EDGE_CURVE('',#11706,#11470,#11708,.T.);
#11706 = VERTEX_POINT('',#11707);
#11707 = CARTESIAN_POINT('',(-0.53,0.3,0.5));
#11708 = CIRCLE('',#11709,3.E-02);
#11709 = AXIS2_PLACEMENT_3D('',#11710,#11711,#11712);
#11710 = CARTESIAN_POINT('',(-0.53,0.3,0.47));
#11711 = DIRECTION('',(-0.,1.,0.));
#11712 = DIRECTION('',(1.,0.,0.));
#11713 = ORIENTED_EDGE('',*,*,#11714,.F.);
#11714 = EDGE_CURVE('',#11715,#11706,#11717,.T.);
#11715 = VERTEX_POINT('',#11716);
#11716 = CARTESIAN_POINT('',(-0.53,-0.3,0.5));
#11717 = LINE('',#11718,#11719);
#11718 = CARTESIAN_POINT('',(-0.53,-0.4,0.5));
#11719 = VECTOR('',#11720,1.);
#11720 = DIRECTION('',(0.,1.,0.));
#11721 = ORIENTED_EDGE('',*,*,#11722,.T.);
#11722 = EDGE_CURVE('',#11715,#11478,#11723,.T.);
#11723 = CIRCLE('',#11724,3.E-02);
#11724 = AXIS2_PLACEMENT_3D('',#11725,#11726,#11727);
#11725 = CARTESIAN_POINT('',(-0.53,-0.3,0.47));
#11726 = DIRECTION('',(-0.,1.,0.));
#11727 = DIRECTION('',(1.,0.,0.));
#11728 = ORIENTED_EDGE('',*,*,#11477,.T.);
#11729 = CYLINDRICAL_SURFACE('',#11730,3.E-02);
#11730 = AXIS2_PLACEMENT_3D('',#11731,#11732,#11733);
#11731 = CARTESIAN_POINT('',(-0.53,-0.4,0.47));
#11732 = DIRECTION('',(0.,1.,0.));
#11733 = DIRECTION('',(1.,0.,0.));
#11734 = ADVANCED_FACE('',(#11735),#11753,.T.);
#11735 = FACE_BOUND('',#11736,.T.);
#11736 = EDGE_LOOP('',(#11737,#11745,#11746,#11747));
#11737 = ORIENTED_EDGE('',*,*,#11738,.F.);
#11738 = EDGE_CURVE('',#11533,#11739,#11741,.T.);
#11739 = VERTEX_POINT('',#11740);
#11740 = CARTESIAN_POINT('',(-0.725,-0.3,0.47));
#11741 = LINE('',#11742,#11743);
#11742 = CARTESIAN_POINT('',(-0.725,-0.35,0.47));
#11743 = VECTOR('',#11744,1.);
#11744 = DIRECTION('',(0.,1.,0.));
#11745 = ORIENTED_EDGE('',*,*,#11540,.T.);
#11746 = ORIENTED_EDGE('',*,*,#11485,.F.);
#11747 = ORIENTED_EDGE('',*,*,#11748,.F.);
#11748 = EDGE_CURVE('',#11739,#11478,#11749,.T.);
#11749 = LINE('',#11750,#11751);
#11750 = CARTESIAN_POINT('',(-2.25E-02,-0.3,0.47));
#11751 = VECTOR('',#11752,1.);
#11752 = DIRECTION('',(1.,0.,0.));
#11753 = PLANE('',#11754);
#11754 = AXIS2_PLACEMENT_3D('',#11755,#11756,#11757);
#11755 = CARTESIAN_POINT('',(-0.77,-0.4,0.47));
#11756 = DIRECTION('',(0.,0.,1.));
#11757 = DIRECTION('',(1.,0.,-0.));
#11758 = ADVANCED_FACE('',(#11759),#11820,.F.);
#11759 = FACE_BOUND('',#11760,.F.);
#11760 = EDGE_LOOP('',(#11761,#11771,#11780,#11788,#11797,#11805,#11811,
    #11812,#11813,#11814));
#11761 = ORIENTED_EDGE('',*,*,#11762,.F.);
#11762 = EDGE_CURVE('',#11763,#11765,#11767,.T.);
#11763 = VERTEX_POINT('',#11764);
#11764 = CARTESIAN_POINT('',(-0.77,-0.4,-3.469446951954E-18));
#11765 = VERTEX_POINT('',#11766);
#11766 = CARTESIAN_POINT('',(-0.725,-0.4,0.));
#11767 = LINE('',#11768,#11769);
#11768 = CARTESIAN_POINT('',(-0.8,-0.4,0.));
#11769 = VECTOR('',#11770,1.);
#11770 = DIRECTION('',(1.,0.,0.));
#11771 = ORIENTED_EDGE('',*,*,#11772,.F.);
#11772 = EDGE_CURVE('',#11773,#11763,#11775,.T.);
#11773 = VERTEX_POINT('',#11774);
#11774 = CARTESIAN_POINT('',(-0.8,-0.4,3.E-02));
#11775 = CIRCLE('',#11776,3.E-02);
#11776 = AXIS2_PLACEMENT_3D('',#11777,#11778,#11779);
#11777 = CARTESIAN_POINT('',(-0.77,-0.4,3.E-02));
#11778 = DIRECTION('',(0.,-1.,0.));
#11779 = DIRECTION('',(0.,0.,1.));
#11780 = ORIENTED_EDGE('',*,*,#11781,.T.);
#11781 = EDGE_CURVE('',#11773,#11782,#11784,.T.);
#11782 = VERTEX_POINT('',#11783);
#11783 = CARTESIAN_POINT('',(-0.8,-0.4,0.47));
#11784 = LINE('',#11785,#11786);
#11785 = CARTESIAN_POINT('',(-0.8,-0.4,0.));
#11786 = VECTOR('',#11787,1.);
#11787 = DIRECTION('',(0.,0.,1.));
#11788 = ORIENTED_EDGE('',*,*,#11789,.T.);
#11789 = EDGE_CURVE('',#11782,#11790,#11792,.T.);
#11790 = VERTEX_POINT('',#11791);
#11791 = CARTESIAN_POINT('',(-0.77,-0.4,0.5));
#11792 = CIRCLE('',#11793,3.E-02);
#11793 = AXIS2_PLACEMENT_3D('',#11794,#11795,#11796);
#11794 = CARTESIAN_POINT('',(-0.77,-0.4,0.47));
#11795 = DIRECTION('',(0.,1.,0.));
#11796 = DIRECTION('',(0.,-0.,1.));
#11797 = ORIENTED_EDGE('',*,*,#11798,.T.);
#11798 = EDGE_CURVE('',#11790,#11799,#11801,.T.);
#11799 = VERTEX_POINT('',#11800);
#11800 = CARTESIAN_POINT('',(-0.725,-0.4,0.5));
#11801 = LINE('',#11802,#11803);
#11802 = CARTESIAN_POINT('',(-0.8,-0.4,0.5));
#11803 = VECTOR('',#11804,1.);
#11804 = DIRECTION('',(1.,0.,0.));
#11805 = ORIENTED_EDGE('',*,*,#11806,.F.);
#11806 = EDGE_CURVE('',#11533,#11799,#11807,.T.);
#11807 = LINE('',#11808,#11809);
#11808 = CARTESIAN_POINT('',(-0.725,-0.4,0.375));
#11809 = VECTOR('',#11810,1.);
#11810 = DIRECTION('',(0.,0.,1.));
#11811 = ORIENTED_EDGE('',*,*,#11532,.F.);
#11812 = ORIENTED_EDGE('',*,*,#11524,.F.);
#11813 = ORIENTED_EDGE('',*,*,#11514,.T.);
#11814 = ORIENTED_EDGE('',*,*,#11815,.F.);
#11815 = EDGE_CURVE('',#11765,#11517,#11816,.T.);
#11816 = LINE('',#11817,#11818);
#11817 = CARTESIAN_POINT('',(-0.725,-0.4,0.375));
#11818 = VECTOR('',#11819,1.);
#11819 = DIRECTION('',(0.,0.,1.));
#11820 = PLANE('',#11821);
#11821 = AXIS2_PLACEMENT_3D('',#11822,#11823,#11824);
#11822 = CARTESIAN_POINT('',(-0.8,-0.4,0.));
#11823 = DIRECTION('',(0.,1.,0.));
#11824 = DIRECTION('',(0.,-0.,1.));
#11825 = ADVANCED_FACE('',(#11826,#11915),#11941,.F.);
#11826 = FACE_BOUND('',#11827,.F.);
#11827 = EDGE_LOOP('',(#11828,#11836,#11837,#11845,#11853,#11861,#11869,
    #11877,#11885,#11893,#11901,#11909));
#11828 = ORIENTED_EDGE('',*,*,#11829,.F.);
#11829 = EDGE_CURVE('',#11517,#11830,#11832,.T.);
#11830 = VERTEX_POINT('',#11831);
#11831 = CARTESIAN_POINT('',(-0.725,-0.3,3.E-02));
#11832 = LINE('',#11833,#11834);
#11833 = CARTESIAN_POINT('',(-0.725,-0.35,3.E-02));
#11834 = VECTOR('',#11835,1.);
#11835 = DIRECTION('',(0.,1.,0.));
#11836 = ORIENTED_EDGE('',*,*,#11579,.T.);
#11837 = ORIENTED_EDGE('',*,*,#11838,.F.);
#11838 = EDGE_CURVE('',#11839,#11572,#11841,.T.);
#11839 = VERTEX_POINT('',#11840);
#11840 = CARTESIAN_POINT('',(0.725,-0.3,3.E-02));
#11841 = LINE('',#11842,#11843);
#11842 = CARTESIAN_POINT('',(0.725,-0.45,3.E-02));
#11843 = VECTOR('',#11844,1.);
#11844 = DIRECTION('',(0.,-1.,0.));
#11845 = ORIENTED_EDGE('',*,*,#11846,.F.);
#11846 = EDGE_CURVE('',#11847,#11839,#11849,.T.);
#11847 = VERTEX_POINT('',#11848);
#11848 = CARTESIAN_POINT('',(0.5,-0.3,3.E-02));
#11849 = LINE('',#11850,#11851);
#11850 = CARTESIAN_POINT('',(-2.25E-02,-0.3,3.E-02));
#11851 = VECTOR('',#11852,1.);
#11852 = DIRECTION('',(1.,0.,0.));
#11853 = ORIENTED_EDGE('',*,*,#11854,.T.);
#11854 = EDGE_CURVE('',#11847,#11855,#11857,.T.);
#11855 = VERTEX_POINT('',#11856);
#11856 = CARTESIAN_POINT('',(0.5,0.3,3.E-02));
#11857 = LINE('',#11858,#11859);
#11858 = CARTESIAN_POINT('',(0.5,-0.4,3.E-02));
#11859 = VECTOR('',#11860,1.);
#11860 = DIRECTION('',(0.,1.,0.));
#11861 = ORIENTED_EDGE('',*,*,#11862,.F.);
#11862 = EDGE_CURVE('',#11863,#11855,#11865,.T.);
#11863 = VERTEX_POINT('',#11864);
#11864 = CARTESIAN_POINT('',(0.725,0.3,3.E-02));
#11865 = LINE('',#11866,#11867);
#11866 = CARTESIAN_POINT('',(-0.7475,0.3,3.E-02));
#11867 = VECTOR('',#11868,1.);
#11868 = DIRECTION('',(-1.,0.,0.));
#11869 = ORIENTED_EDGE('',*,*,#11870,.F.);
#11870 = EDGE_CURVE('',#11871,#11863,#11873,.T.);
#11871 = VERTEX_POINT('',#11872);
#11872 = CARTESIAN_POINT('',(0.725,0.4,3.E-02));
#11873 = LINE('',#11874,#11875);
#11874 = CARTESIAN_POINT('',(0.725,-5.E-02,3.E-02));
#11875 = VECTOR('',#11876,1.);
#11876 = DIRECTION('',(0.,-1.,0.));
#11877 = ORIENTED_EDGE('',*,*,#11878,.F.);
#11878 = EDGE_CURVE('',#11879,#11871,#11881,.T.);
#11879 = VERTEX_POINT('',#11880);
#11880 = CARTESIAN_POINT('',(-0.725,0.4,3.E-02));
#11881 = LINE('',#11882,#11883);
#11882 = CARTESIAN_POINT('',(-0.77,0.4,3.E-02));
#11883 = VECTOR('',#11884,1.);
#11884 = DIRECTION('',(1.,0.,0.));
#11885 = ORIENTED_EDGE('',*,*,#11886,.F.);
#11886 = EDGE_CURVE('',#11887,#11879,#11889,.T.);
#11887 = VERTEX_POINT('',#11888);
#11888 = CARTESIAN_POINT('',(-0.725,0.3,3.E-02));
#11889 = LINE('',#11890,#11891);
#11890 = CARTESIAN_POINT('',(-0.725,5.E-02,3.E-02));
#11891 = VECTOR('',#11892,1.);
#11892 = DIRECTION('',(0.,1.,0.));
#11893 = ORIENTED_EDGE('',*,*,#11894,.F.);
#11894 = EDGE_CURVE('',#11895,#11887,#11897,.T.);
#11895 = VERTEX_POINT('',#11896);
#11896 = CARTESIAN_POINT('',(-0.5,0.3,3.E-02));
#11897 = LINE('',#11898,#11899);
#11898 = CARTESIAN_POINT('',(-0.7475,0.3,3.E-02));
#11899 = VECTOR('',#11900,1.);
#11900 = DIRECTION('',(-1.,0.,0.));
#11901 = ORIENTED_EDGE('',*,*,#11902,.F.);
#11902 = EDGE_CURVE('',#11903,#11895,#11905,.T.);
#11903 = VERTEX_POINT('',#11904);
#11904 = CARTESIAN_POINT('',(-0.5,-0.3,3.E-02));
#11905 = LINE('',#11906,#11907);
#11906 = CARTESIAN_POINT('',(-0.5,-0.4,3.E-02));
#11907 = VECTOR('',#11908,1.);
#11908 = DIRECTION('',(0.,1.,0.));
#11909 = ORIENTED_EDGE('',*,*,#11910,.F.);
#11910 = EDGE_CURVE('',#11830,#11903,#11911,.T.);
#11911 = LINE('',#11912,#11913);
#11912 = CARTESIAN_POINT('',(-2.25E-02,-0.3,3.E-02));
#11913 = VECTOR('',#11914,1.);
#11914 = DIRECTION('',(1.,0.,0.));
#11915 = FACE_BOUND('',#11916,.F.);
#11916 = EDGE_LOOP('',(#11917,#11927,#11935));
#11917 = ORIENTED_EDGE('',*,*,#11918,.T.);
#11918 = EDGE_CURVE('',#11919,#11921,#11923,.T.);
#11919 = VERTEX_POINT('',#11920);
#11920 = CARTESIAN_POINT('',(0.277128129211,0.32,3.E-02));
#11921 = VERTEX_POINT('',#11922);
#11922 = CARTESIAN_POINT('',(0.277128129211,-0.32,3.E-02));
#11923 = LINE('',#11924,#11925);
#11924 = CARTESIAN_POINT('',(0.277128129211,0.32,3.E-02));
#11925 = VECTOR('',#11926,1.);
#11926 = DIRECTION('',(0.,-1.,0.));
#11927 = ORIENTED_EDGE('',*,*,#11928,.T.);
#11928 = EDGE_CURVE('',#11921,#11929,#11931,.T.);
#11929 = VERTEX_POINT('',#11930);
#11930 = CARTESIAN_POINT('',(-0.277128129211,0.,3.E-02));
#11931 = LINE('',#11932,#11933);
#11932 = CARTESIAN_POINT('',(0.277128129211,-0.32,3.E-02));
#11933 = VECTOR('',#11934,1.);
#11934 = DIRECTION('',(-0.866025403784,0.5,0.));
#11935 = ORIENTED_EDGE('',*,*,#11936,.T.);
#11936 = EDGE_CURVE('',#11929,#11919,#11937,.T.);
#11937 = LINE('',#11938,#11939);
#11938 = CARTESIAN_POINT('',(-0.277128129211,0.,3.E-02));
#11939 = VECTOR('',#11940,1.);
#11940 = DIRECTION('',(0.866025403784,0.5,0.));
#11941 = PLANE('',#11942);
#11942 = AXIS2_PLACEMENT_3D('',#11943,#11944,#11945);
#11943 = CARTESIAN_POINT('',(-0.77,-0.4,3.E-02));
#11944 = DIRECTION('',(0.,0.,1.));
#11945 = DIRECTION('',(1.,0.,-0.));
#11946 = ADVANCED_FACE('',(#11947),#12008,.F.);
#11947 = FACE_BOUND('',#11948,.F.);
#11948 = EDGE_LOOP('',(#11949,#11959,#11965,#11966,#11967,#11968,#11976,
    #11984,#11993,#12001));
#11949 = ORIENTED_EDGE('',*,*,#11950,.F.);
#11950 = EDGE_CURVE('',#11951,#11953,#11955,.T.);
#11951 = VERTEX_POINT('',#11952);
#11952 = CARTESIAN_POINT('',(0.725,-0.4,0.));
#11953 = VERTEX_POINT('',#11954);
#11954 = CARTESIAN_POINT('',(0.77,-0.4,-3.469446951954E-18));
#11955 = LINE('',#11956,#11957);
#11956 = CARTESIAN_POINT('',(0.5,-0.4,0.));
#11957 = VECTOR('',#11958,1.);
#11958 = DIRECTION('',(1.,0.,0.));
#11959 = ORIENTED_EDGE('',*,*,#11960,.F.);
#11960 = EDGE_CURVE('',#11572,#11951,#11961,.T.);
#11961 = LINE('',#11962,#11963);
#11962 = CARTESIAN_POINT('',(0.725,-0.4,0.375));
#11963 = VECTOR('',#11964,1.);
#11964 = DIRECTION('',(0.,0.,-1.));
#11965 = ORIENTED_EDGE('',*,*,#11571,.T.);
#11966 = ORIENTED_EDGE('',*,*,#11563,.T.);
#11967 = ORIENTED_EDGE('',*,*,#11555,.F.);
#11968 = ORIENTED_EDGE('',*,*,#11969,.F.);
#11969 = EDGE_CURVE('',#11970,#11548,#11972,.T.);
#11970 = VERTEX_POINT('',#11971);
#11971 = CARTESIAN_POINT('',(0.725,-0.4,0.5));
#11972 = LINE('',#11973,#11974);
#11973 = CARTESIAN_POINT('',(0.725,-0.4,0.375));
#11974 = VECTOR('',#11975,1.);
#11975 = DIRECTION('',(0.,0.,-1.));
#11976 = ORIENTED_EDGE('',*,*,#11977,.T.);
#11977 = EDGE_CURVE('',#11970,#11978,#11980,.T.);
#11978 = VERTEX_POINT('',#11979);
#11979 = CARTESIAN_POINT('',(0.77,-0.4,0.5));
#11980 = LINE('',#11981,#11982);
#11981 = CARTESIAN_POINT('',(0.5,-0.4,0.5));
#11982 = VECTOR('',#11983,1.);
#11983 = DIRECTION('',(1.,0.,0.));
#11984 = ORIENTED_EDGE('',*,*,#11985,.F.);
#11985 = EDGE_CURVE('',#11986,#11978,#11988,.T.);
#11986 = VERTEX_POINT('',#11987);
#11987 = CARTESIAN_POINT('',(0.8,-0.4,0.47));
#11988 = CIRCLE('',#11989,3.E-02);
#11989 = AXIS2_PLACEMENT_3D('',#11990,#11991,#11992);
#11990 = CARTESIAN_POINT('',(0.77,-0.4,0.47));
#11991 = DIRECTION('',(0.,-1.,0.));
#11992 = DIRECTION('',(0.,0.,1.));
#11993 = ORIENTED_EDGE('',*,*,#11994,.F.);
#11994 = EDGE_CURVE('',#11995,#11986,#11997,.T.);
#11995 = VERTEX_POINT('',#11996);
#11996 = CARTESIAN_POINT('',(0.8,-0.4,3.E-02));
#11997 = LINE('',#11998,#11999);
#11998 = CARTESIAN_POINT('',(0.8,-0.4,0.));
#11999 = VECTOR('',#12000,1.);
#12000 = DIRECTION('',(0.,0.,1.));
#12001 = ORIENTED_EDGE('',*,*,#12002,.T.);
#12002 = EDGE_CURVE('',#11995,#11953,#12003,.T.);
#12003 = CIRCLE('',#12004,3.E-02);
#12004 = AXIS2_PLACEMENT_3D('',#12005,#12006,#12007);
#12005 = CARTESIAN_POINT('',(0.77,-0.4,3.E-02));
#12006 = DIRECTION('',(0.,1.,0.));
#12007 = DIRECTION('',(0.,-0.,1.));
#12008 = PLANE('',#12009);
#12009 = AXIS2_PLACEMENT_3D('',#12010,#12011,#12012);
#12010 = CARTESIAN_POINT('',(0.5,-0.4,0.));
#12011 = DIRECTION('',(0.,1.,0.));
#12012 = DIRECTION('',(0.,-0.,1.));
#12013 = ADVANCED_FACE('',(#12014),#12032,.T.);
#12014 = FACE_BOUND('',#12015,.T.);
#12015 = EDGE_LOOP('',(#12016,#12024,#12025,#12026));
#12016 = ORIENTED_EDGE('',*,*,#12017,.F.);
#12017 = EDGE_CURVE('',#11620,#12018,#12020,.T.);
#12018 = VERTEX_POINT('',#12019);
#12019 = CARTESIAN_POINT('',(0.725,-0.3,0.47));
#12020 = LINE('',#12021,#12022);
#12021 = CARTESIAN_POINT('',(-2.25E-02,-0.3,0.47));
#12022 = VECTOR('',#12023,1.);
#12023 = DIRECTION('',(1.,0.,0.));
#12024 = ORIENTED_EDGE('',*,*,#11619,.T.);
#12025 = ORIENTED_EDGE('',*,*,#11547,.T.);
#12026 = ORIENTED_EDGE('',*,*,#12027,.F.);
#12027 = EDGE_CURVE('',#12018,#11548,#12028,.T.);
#12028 = LINE('',#12029,#12030);
#12029 = CARTESIAN_POINT('',(0.725,-0.45,0.47));
#12030 = VECTOR('',#12031,1.);
#12031 = DIRECTION('',(0.,-1.,0.));
#12032 = PLANE('',#12033);
#12033 = AXIS2_PLACEMENT_3D('',#12034,#12035,#12036);
#12034 = CARTESIAN_POINT('',(-0.77,-0.4,0.47));
#12035 = DIRECTION('',(0.,0.,1.));
#12036 = DIRECTION('',(1.,0.,-0.));
#12037 = ADVANCED_FACE('',(#12038),#12063,.T.);
#12038 = FACE_BOUND('',#12039,.T.);
#12039 = EDGE_LOOP('',(#12040,#12048,#12049,#12057));
#12040 = ORIENTED_EDGE('',*,*,#12041,.F.);
#12041 = EDGE_CURVE('',#11636,#12042,#12044,.T.);
#12042 = VERTEX_POINT('',#12043);
#12043 = CARTESIAN_POINT('',(0.725,0.4,0.47));
#12044 = LINE('',#12045,#12046);
#12045 = CARTESIAN_POINT('',(-0.77,0.4,0.47));
#12046 = VECTOR('',#12047,1.);
#12047 = DIRECTION('',(1.,0.,0.));
#12048 = ORIENTED_EDGE('',*,*,#11635,.T.);
#12049 = ORIENTED_EDGE('',*,*,#12050,.F.);
#12050 = EDGE_CURVE('',#12051,#11628,#12053,.T.);
#12051 = VERTEX_POINT('',#12052);
#12052 = CARTESIAN_POINT('',(0.725,0.3,0.47));
#12053 = LINE('',#12054,#12055);
#12054 = CARTESIAN_POINT('',(-0.7475,0.3,0.47));
#12055 = VECTOR('',#12056,1.);
#12056 = DIRECTION('',(-1.,0.,0.));
#12057 = ORIENTED_EDGE('',*,*,#12058,.F.);
#12058 = EDGE_CURVE('',#12042,#12051,#12059,.T.);
#12059 = LINE('',#12060,#12061);
#12060 = CARTESIAN_POINT('',(0.725,-5.E-02,0.47));
#12061 = VECTOR('',#12062,1.);
#12062 = DIRECTION('',(0.,-1.,0.));
#12063 = PLANE('',#12064);
#12064 = AXIS2_PLACEMENT_3D('',#12065,#12066,#12067);
#12065 = CARTESIAN_POINT('',(-0.77,-0.4,0.47));
#12066 = DIRECTION('',(0.,0.,1.));
#12067 = DIRECTION('',(1.,0.,-0.));
#12068 = ADVANCED_FACE('',(#12069),#12096,.T.);
#12069 = FACE_BOUND('',#12070,.T.);
#12070 = EDGE_LOOP('',(#12071,#12072,#12081,#12089));
#12071 = ORIENTED_EDGE('',*,*,#11627,.F.);
#12072 = ORIENTED_EDGE('',*,*,#12073,.T.);
#12073 = EDGE_CURVE('',#11620,#12074,#12076,.T.);
#12074 = VERTEX_POINT('',#12075);
#12075 = CARTESIAN_POINT('',(0.53,-0.3,0.5));
#12076 = CIRCLE('',#12077,3.E-02);
#12077 = AXIS2_PLACEMENT_3D('',#12078,#12079,#12080);
#12078 = CARTESIAN_POINT('',(0.53,-0.3,0.47));
#12079 = DIRECTION('',(0.,1.,-0.));
#12080 = DIRECTION('',(-1.,0.,0.));
#12081 = ORIENTED_EDGE('',*,*,#12082,.T.);
#12082 = EDGE_CURVE('',#12074,#12083,#12085,.T.);
#12083 = VERTEX_POINT('',#12084);
#12084 = CARTESIAN_POINT('',(0.53,0.3,0.5));
#12085 = LINE('',#12086,#12087);
#12086 = CARTESIAN_POINT('',(0.53,-0.4,0.5));
#12087 = VECTOR('',#12088,1.);
#12088 = DIRECTION('',(0.,1.,0.));
#12089 = ORIENTED_EDGE('',*,*,#12090,.F.);
#12090 = EDGE_CURVE('',#11628,#12083,#12091,.T.);
#12091 = CIRCLE('',#12092,3.E-02);
#12092 = AXIS2_PLACEMENT_3D('',#12093,#12094,#12095);
#12093 = CARTESIAN_POINT('',(0.53,0.3,0.47));
#12094 = DIRECTION('',(0.,1.,-0.));
#12095 = DIRECTION('',(-1.,0.,0.));
#12096 = CYLINDRICAL_SURFACE('',#12097,3.E-02);
#12097 = AXIS2_PLACEMENT_3D('',#12098,#12099,#12100);
#12098 = CARTESIAN_POINT('',(0.53,-0.4,0.47));
#12099 = DIRECTION('',(0.,1.,0.));
#12100 = DIRECTION('',(-1.,0.,0.));
#12101 = ADVANCED_FACE('',(#12102),#12152,.T.);
#12102 = FACE_BOUND('',#12103,.T.);
#12103 = EDGE_LOOP('',(#12104,#12112,#12120,#12126,#12127,#12128,#12129,
    #12137,#12145,#12151));
#12104 = ORIENTED_EDGE('',*,*,#12105,.F.);
#12105 = EDGE_CURVE('',#12106,#11879,#12108,.T.);
#12106 = VERTEX_POINT('',#12107);
#12107 = CARTESIAN_POINT('',(-0.77,0.4,3.E-02));
#12108 = LINE('',#12109,#12110);
#12109 = CARTESIAN_POINT('',(-0.77,0.4,3.E-02));
#12110 = VECTOR('',#12111,1.);
#12111 = DIRECTION('',(1.,0.,0.));
#12112 = ORIENTED_EDGE('',*,*,#12113,.T.);
#12113 = EDGE_CURVE('',#12106,#12114,#12116,.T.);
#12114 = VERTEX_POINT('',#12115);
#12115 = CARTESIAN_POINT('',(-0.77,0.4,0.47));
#12116 = LINE('',#12117,#12118);
#12117 = CARTESIAN_POINT('',(-0.77,0.4,3.E-02));
#12118 = VECTOR('',#12119,1.);
#12119 = DIRECTION('',(0.,0.,1.));
#12120 = ORIENTED_EDGE('',*,*,#12121,.T.);
#12121 = EDGE_CURVE('',#12114,#11658,#12122,.T.);
#12122 = LINE('',#12123,#12124);
#12123 = CARTESIAN_POINT('',(-0.77,0.4,0.47));
#12124 = VECTOR('',#12125,1.);
#12125 = DIRECTION('',(1.,0.,0.));
#12126 = ORIENTED_EDGE('',*,*,#11657,.T.);
#12127 = ORIENTED_EDGE('',*,*,#11691,.F.);
#12128 = ORIENTED_EDGE('',*,*,#12041,.T.);
#12129 = ORIENTED_EDGE('',*,*,#12130,.T.);
#12130 = EDGE_CURVE('',#12042,#12131,#12133,.T.);
#12131 = VERTEX_POINT('',#12132);
#12132 = CARTESIAN_POINT('',(0.77,0.4,0.47));
#12133 = LINE('',#12134,#12135);
#12134 = CARTESIAN_POINT('',(-0.77,0.4,0.47));
#12135 = VECTOR('',#12136,1.);
#12136 = DIRECTION('',(1.,0.,0.));
#12137 = ORIENTED_EDGE('',*,*,#12138,.F.);
#12138 = EDGE_CURVE('',#12139,#12131,#12141,.T.);
#12139 = VERTEX_POINT('',#12140);
#12140 = CARTESIAN_POINT('',(0.77,0.4,3.E-02));
#12141 = LINE('',#12142,#12143);
#12142 = CARTESIAN_POINT('',(0.77,0.4,3.E-02));
#12143 = VECTOR('',#12144,1.);
#12144 = DIRECTION('',(0.,0.,1.));
#12145 = ORIENTED_EDGE('',*,*,#12146,.F.);
#12146 = EDGE_CURVE('',#11871,#12139,#12147,.T.);
#12147 = LINE('',#12148,#12149);
#12148 = CARTESIAN_POINT('',(-0.77,0.4,3.E-02));
#12149 = VECTOR('',#12150,1.);
#12150 = DIRECTION('',(1.,0.,0.));
#12151 = ORIENTED_EDGE('',*,*,#11878,.F.);
#12152 = PLANE('',#12153);
#12153 = AXIS2_PLACEMENT_3D('',#12154,#12155,#12156);
#12154 = CARTESIAN_POINT('',(-0.77,0.4,3.E-02));
#12155 = DIRECTION('',(0.,1.,0.));
#12156 = DIRECTION('',(0.,-0.,1.));
#12157 = ADVANCED_FACE('',(#12158),#12176,.F.);
#12158 = FACE_BOUND('',#12159,.F.);
#12159 = EDGE_LOOP('',(#12160,#12168,#12174,#12175));
#12160 = ORIENTED_EDGE('',*,*,#12161,.F.);
#12161 = EDGE_CURVE('',#12162,#11706,#12164,.T.);
#12162 = VERTEX_POINT('',#12163);
#12163 = CARTESIAN_POINT('',(-0.725,0.3,0.5));
#12164 = LINE('',#12165,#12166);
#12165 = CARTESIAN_POINT('',(-0.7625,0.3,0.5));
#12166 = VECTOR('',#12167,1.);
#12167 = DIRECTION('',(1.,0.,0.));
#12168 = ORIENTED_EDGE('',*,*,#12169,.T.);
#12169 = EDGE_CURVE('',#12162,#11666,#12170,.T.);
#12170 = LINE('',#12171,#12172);
#12171 = CARTESIAN_POINT('',(-0.725,0.3,0.75));
#12172 = VECTOR('',#12173,1.);
#12173 = DIRECTION('',(-0.,-0.,-1.));
#12174 = ORIENTED_EDGE('',*,*,#11673,.F.);
#12175 = ORIENTED_EDGE('',*,*,#11705,.F.);
#12176 = PLANE('',#12177);
#12177 = AXIS2_PLACEMENT_3D('',#12178,#12179,#12180);
#12178 = CARTESIAN_POINT('',(-0.725,0.3,0.75));
#12179 = DIRECTION('',(0.,-1.,0.));
#12180 = DIRECTION('',(1.,0.,0.));
#12181 = ADVANCED_FACE('',(#12182),#12200,.F.);
#12182 = FACE_BOUND('',#12183,.F.);
#12183 = EDGE_LOOP('',(#12184,#12185,#12193,#12199));
#12184 = ORIENTED_EDGE('',*,*,#12169,.F.);
#12185 = ORIENTED_EDGE('',*,*,#12186,.F.);
#12186 = EDGE_CURVE('',#12187,#12162,#12189,.T.);
#12187 = VERTEX_POINT('',#12188);
#12188 = CARTESIAN_POINT('',(-0.725,0.4,0.5));
#12189 = LINE('',#12190,#12191);
#12190 = CARTESIAN_POINT('',(-0.725,5.E-02,0.5));
#12191 = VECTOR('',#12192,1.);
#12192 = DIRECTION('',(0.,-1.,0.));
#12193 = ORIENTED_EDGE('',*,*,#12194,.F.);
#12194 = EDGE_CURVE('',#11658,#12187,#12195,.T.);
#12195 = LINE('',#12196,#12197);
#12196 = CARTESIAN_POINT('',(-0.725,0.4,0.375));
#12197 = VECTOR('',#12198,1.);
#12198 = DIRECTION('',(0.,0.,1.));
#12199 = ORIENTED_EDGE('',*,*,#11665,.F.);
#12200 = PLANE('',#12201);
#12201 = AXIS2_PLACEMENT_3D('',#12202,#12203,#12204);
#12202 = CARTESIAN_POINT('',(-0.725,0.5,0.75));
#12203 = DIRECTION('',(-1.,0.,0.));
#12204 = DIRECTION('',(0.,-1.,0.));
#12205 = ADVANCED_FACE('',(#12206),#12224,.F.);
#12206 = FACE_BOUND('',#12207,.F.);
#12207 = EDGE_LOOP('',(#12208,#12216,#12222,#12223));
#12208 = ORIENTED_EDGE('',*,*,#12209,.F.);
#12209 = EDGE_CURVE('',#12210,#11739,#12212,.T.);
#12210 = VERTEX_POINT('',#12211);
#12211 = CARTESIAN_POINT('',(-0.725,-0.3,0.5));
#12212 = LINE('',#12213,#12214);
#12213 = CARTESIAN_POINT('',(-0.725,-0.3,0.75));
#12214 = VECTOR('',#12215,1.);
#12215 = DIRECTION('',(-0.,-0.,-1.));
#12216 = ORIENTED_EDGE('',*,*,#12217,.F.);
#12217 = EDGE_CURVE('',#11715,#12210,#12218,.T.);
#12218 = LINE('',#12219,#12220);
#12219 = CARTESIAN_POINT('',(-3.75E-02,-0.3,0.5));
#12220 = VECTOR('',#12221,1.);
#12221 = DIRECTION('',(-1.,0.,0.));
#12222 = ORIENTED_EDGE('',*,*,#11722,.T.);
#12223 = ORIENTED_EDGE('',*,*,#11748,.F.);
#12224 = PLANE('',#12225);
#12225 = AXIS2_PLACEMENT_3D('',#12226,#12227,#12228);
#12226 = CARTESIAN_POINT('',(0.725,-0.3,0.75));
#12227 = DIRECTION('',(0.,1.,0.));
#12228 = DIRECTION('',(-1.,0.,0.));
#12229 = ADVANCED_FACE('',(#12230),#12257,.T.);
#12230 = FACE_BOUND('',#12231,.T.);
#12231 = EDGE_LOOP('',(#12232,#12240,#12246,#12247,#12253,#12254,#12255,
    #12256));
#12232 = ORIENTED_EDGE('',*,*,#12233,.F.);
#12233 = EDGE_CURVE('',#12234,#12187,#12236,.T.);
#12234 = VERTEX_POINT('',#12235);
#12235 = CARTESIAN_POINT('',(-0.77,0.4,0.5));
#12236 = LINE('',#12237,#12238);
#12237 = CARTESIAN_POINT('',(-0.8,0.4,0.5));
#12238 = VECTOR('',#12239,1.);
#12239 = DIRECTION('',(1.,0.,0.));
#12240 = ORIENTED_EDGE('',*,*,#12241,.F.);
#12241 = EDGE_CURVE('',#11790,#12234,#12242,.T.);
#12242 = LINE('',#12243,#12244);
#12243 = CARTESIAN_POINT('',(-0.77,-0.4,0.5));
#12244 = VECTOR('',#12245,1.);
#12245 = DIRECTION('',(0.,1.,0.));
#12246 = ORIENTED_EDGE('',*,*,#11798,.T.);
#12247 = ORIENTED_EDGE('',*,*,#12248,.F.);
#12248 = EDGE_CURVE('',#12210,#11799,#12249,.T.);
#12249 = LINE('',#12250,#12251);
#12250 = CARTESIAN_POINT('',(-0.725,-0.35,0.5));
#12251 = VECTOR('',#12252,1.);
#12252 = DIRECTION('',(0.,-1.,0.));
#12253 = ORIENTED_EDGE('',*,*,#12217,.F.);
#12254 = ORIENTED_EDGE('',*,*,#11714,.T.);
#12255 = ORIENTED_EDGE('',*,*,#12161,.F.);
#12256 = ORIENTED_EDGE('',*,*,#12186,.F.);
#12257 = PLANE('',#12258);
#12258 = AXIS2_PLACEMENT_3D('',#12259,#12260,#12261);
#12259 = CARTESIAN_POINT('',(-0.8,-0.4,0.5));
#12260 = DIRECTION('',(0.,0.,1.));
#12261 = DIRECTION('',(1.,0.,-0.));
#12262 = ADVANCED_FACE('',(#12263),#12269,.F.);
#12263 = FACE_BOUND('',#12264,.F.);
#12264 = EDGE_LOOP('',(#12265,#12266,#12267,#12268));
#12265 = ORIENTED_EDGE('',*,*,#12248,.F.);
#12266 = ORIENTED_EDGE('',*,*,#12209,.T.);
#12267 = ORIENTED_EDGE('',*,*,#11738,.F.);
#12268 = ORIENTED_EDGE('',*,*,#11806,.T.);
#12269 = PLANE('',#12270);
#12270 = AXIS2_PLACEMENT_3D('',#12271,#12272,#12273);
#12271 = CARTESIAN_POINT('',(-0.725,-0.3,0.75));
#12272 = DIRECTION('',(-1.,0.,0.));
#12273 = DIRECTION('',(0.,-1.,0.));
#12274 = ADVANCED_FACE('',(#12275),#12332,.F.);
#12275 = FACE_BOUND('',#12276,.F.);
#12276 = EDGE_LOOP('',(#12277,#12287,#12293,#12294,#12302,#12310,#12318,
    #12326));
#12277 = ORIENTED_EDGE('',*,*,#12278,.F.);
#12278 = EDGE_CURVE('',#12279,#12281,#12283,.T.);
#12279 = VERTEX_POINT('',#12280);
#12280 = CARTESIAN_POINT('',(-0.77,0.4,-3.469446951954E-18));
#12281 = VERTEX_POINT('',#12282);
#12282 = CARTESIAN_POINT('',(-0.725,0.4,0.));
#12283 = LINE('',#12284,#12285);
#12284 = CARTESIAN_POINT('',(-0.8,0.4,0.));
#12285 = VECTOR('',#12286,1.);
#12286 = DIRECTION('',(1.,0.,0.));
#12287 = ORIENTED_EDGE('',*,*,#12288,.F.);
#12288 = EDGE_CURVE('',#11763,#12279,#12289,.T.);
#12289 = LINE('',#12290,#12291);
#12290 = CARTESIAN_POINT('',(-0.77,-0.4,-3.469446951954E-18));
#12291 = VECTOR('',#12292,1.);
#12292 = DIRECTION('',(0.,1.,0.));
#12293 = ORIENTED_EDGE('',*,*,#11762,.T.);
#12294 = ORIENTED_EDGE('',*,*,#12295,.F.);
#12295 = EDGE_CURVE('',#12296,#11765,#12298,.T.);
#12296 = VERTEX_POINT('',#12297);
#12297 = CARTESIAN_POINT('',(-0.725,-0.3,0.));
#12298 = LINE('',#12299,#12300);
#12299 = CARTESIAN_POINT('',(-0.725,-0.35,0.));
#12300 = VECTOR('',#12301,1.);
#12301 = DIRECTION('',(0.,-1.,0.));
#12302 = ORIENTED_EDGE('',*,*,#12303,.F.);
#12303 = EDGE_CURVE('',#12304,#12296,#12306,.T.);
#12304 = VERTEX_POINT('',#12305);
#12305 = CARTESIAN_POINT('',(-0.53,-0.3,-3.469446951954E-18));
#12306 = LINE('',#12307,#12308);
#12307 = CARTESIAN_POINT('',(-3.75E-02,-0.3,0.));
#12308 = VECTOR('',#12309,1.);
#12309 = DIRECTION('',(-1.,0.,0.));
#12310 = ORIENTED_EDGE('',*,*,#12311,.T.);
#12311 = EDGE_CURVE('',#12304,#12312,#12314,.T.);
#12312 = VERTEX_POINT('',#12313);
#12313 = CARTESIAN_POINT('',(-0.53,0.3,-3.469446951954E-18));
#12314 = LINE('',#12315,#12316);
#12315 = CARTESIAN_POINT('',(-0.53,-0.4,-3.469446951954E-18));
#12316 = VECTOR('',#12317,1.);
#12317 = DIRECTION('',(0.,1.,0.));
#12318 = ORIENTED_EDGE('',*,*,#12319,.F.);
#12319 = EDGE_CURVE('',#12320,#12312,#12322,.T.);
#12320 = VERTEX_POINT('',#12321);
#12321 = CARTESIAN_POINT('',(-0.725,0.3,0.));
#12322 = LINE('',#12323,#12324);
#12323 = CARTESIAN_POINT('',(-0.7625,0.3,0.));
#12324 = VECTOR('',#12325,1.);
#12325 = DIRECTION('',(1.,0.,0.));
#12326 = ORIENTED_EDGE('',*,*,#12327,.F.);
#12327 = EDGE_CURVE('',#12281,#12320,#12328,.T.);
#12328 = LINE('',#12329,#12330);
#12329 = CARTESIAN_POINT('',(-0.725,5.E-02,0.));
#12330 = VECTOR('',#12331,1.);
#12331 = DIRECTION('',(0.,-1.,0.));
#12332 = PLANE('',#12333);
#12333 = AXIS2_PLACEMENT_3D('',#12334,#12335,#12336);
#12334 = CARTESIAN_POINT('',(-0.8,-0.4,0.));
#12335 = DIRECTION('',(0.,0.,1.));
#12336 = DIRECTION('',(1.,0.,-0.));
#12337 = ADVANCED_FACE('',(#12338),#12357,.T.);
#12338 = FACE_BOUND('',#12339,.T.);
#12339 = EDGE_LOOP('',(#12340,#12348,#12355,#12356));
#12340 = ORIENTED_EDGE('',*,*,#12341,.T.);
#12341 = EDGE_CURVE('',#11773,#12342,#12344,.T.);
#12342 = VERTEX_POINT('',#12343);
#12343 = CARTESIAN_POINT('',(-0.8,0.4,3.E-02));
#12344 = LINE('',#12345,#12346);
#12345 = CARTESIAN_POINT('',(-0.8,-0.4,3.E-02));
#12346 = VECTOR('',#12347,1.);
#12347 = DIRECTION('',(0.,1.,0.));
#12348 = ORIENTED_EDGE('',*,*,#12349,.T.);
#12349 = EDGE_CURVE('',#12342,#12279,#12350,.T.);
#12350 = CIRCLE('',#12351,3.E-02);
#12351 = AXIS2_PLACEMENT_3D('',#12352,#12353,#12354);
#12352 = CARTESIAN_POINT('',(-0.77,0.4,3.E-02));
#12353 = DIRECTION('',(0.,-1.,0.));
#12354 = DIRECTION('',(0.,0.,1.));
#12355 = ORIENTED_EDGE('',*,*,#12288,.F.);
#12356 = ORIENTED_EDGE('',*,*,#11772,.F.);
#12357 = CYLINDRICAL_SURFACE('',#12358,3.E-02);
#12358 = AXIS2_PLACEMENT_3D('',#12359,#12360,#12361);
#12359 = CARTESIAN_POINT('',(-0.77,-0.4,3.E-02));
#12360 = DIRECTION('',(0.,1.,0.));
#12361 = DIRECTION('',(-1.,0.,0.));
#12362 = ADVANCED_FACE('',(#12363),#12374,.F.);
#12363 = FACE_BOUND('',#12364,.F.);
#12364 = EDGE_LOOP('',(#12365,#12366,#12372,#12373));
#12365 = ORIENTED_EDGE('',*,*,#11829,.T.);
#12366 = ORIENTED_EDGE('',*,*,#12367,.T.);
#12367 = EDGE_CURVE('',#11830,#12296,#12368,.T.);
#12368 = LINE('',#12369,#12370);
#12369 = CARTESIAN_POINT('',(-0.725,-0.3,0.75));
#12370 = VECTOR('',#12371,1.);
#12371 = DIRECTION('',(-0.,-0.,-1.));
#12372 = ORIENTED_EDGE('',*,*,#12295,.T.);
#12373 = ORIENTED_EDGE('',*,*,#11815,.T.);
#12374 = PLANE('',#12375);
#12375 = AXIS2_PLACEMENT_3D('',#12376,#12377,#12378);
#12376 = CARTESIAN_POINT('',(-0.725,-0.3,0.75));
#12377 = DIRECTION('',(-1.,0.,0.));
#12378 = DIRECTION('',(0.,-1.,0.));
#12379 = ADVANCED_FACE('',(#12380),#12398,.F.);
#12380 = FACE_BOUND('',#12381,.F.);
#12381 = EDGE_LOOP('',(#12382,#12383,#12384,#12392));
#12382 = ORIENTED_EDGE('',*,*,#11781,.F.);
#12383 = ORIENTED_EDGE('',*,*,#12341,.T.);
#12384 = ORIENTED_EDGE('',*,*,#12385,.T.);
#12385 = EDGE_CURVE('',#12342,#12386,#12388,.T.);
#12386 = VERTEX_POINT('',#12387);
#12387 = CARTESIAN_POINT('',(-0.8,0.4,0.47));
#12388 = LINE('',#12389,#12390);
#12389 = CARTESIAN_POINT('',(-0.8,0.4,0.));
#12390 = VECTOR('',#12391,1.);
#12391 = DIRECTION('',(0.,0.,1.));
#12392 = ORIENTED_EDGE('',*,*,#12393,.F.);
#12393 = EDGE_CURVE('',#11782,#12386,#12394,.T.);
#12394 = LINE('',#12395,#12396);
#12395 = CARTESIAN_POINT('',(-0.8,-0.4,0.47));
#12396 = VECTOR('',#12397,1.);
#12397 = DIRECTION('',(0.,1.,0.));
#12398 = PLANE('',#12399);
#12399 = AXIS2_PLACEMENT_3D('',#12400,#12401,#12402);
#12400 = CARTESIAN_POINT('',(-0.8,-0.4,0.));
#12401 = DIRECTION('',(1.,0.,0.));
#12402 = DIRECTION('',(0.,0.,1.));
#12403 = ADVANCED_FACE('',(#12404),#12416,.T.);
#12404 = FACE_BOUND('',#12405,.T.);
#12405 = EDGE_LOOP('',(#12406,#12407,#12408,#12415));
#12406 = ORIENTED_EDGE('',*,*,#11789,.T.);
#12407 = ORIENTED_EDGE('',*,*,#12241,.T.);
#12408 = ORIENTED_EDGE('',*,*,#12409,.F.);
#12409 = EDGE_CURVE('',#12386,#12234,#12410,.T.);
#12410 = CIRCLE('',#12411,3.E-02);
#12411 = AXIS2_PLACEMENT_3D('',#12412,#12413,#12414);
#12412 = CARTESIAN_POINT('',(-0.77,0.4,0.47));
#12413 = DIRECTION('',(0.,1.,0.));
#12414 = DIRECTION('',(0.,-0.,1.));
#12415 = ORIENTED_EDGE('',*,*,#12393,.F.);
#12416 = CYLINDRICAL_SURFACE('',#12417,3.E-02);
#12417 = AXIS2_PLACEMENT_3D('',#12418,#12419,#12420);
#12418 = CARTESIAN_POINT('',(-0.77,-0.4,0.47));
#12419 = DIRECTION('',(0.,1.,0.));
#12420 = DIRECTION('',(-1.,0.,0.));
#12421 = ADVANCED_FACE('',(#12422),#12434,.F.);
#12422 = FACE_BOUND('',#12423,.F.);
#12423 = EDGE_LOOP('',(#12424,#12425,#12426,#12433));
#12424 = ORIENTED_EDGE('',*,*,#12367,.F.);
#12425 = ORIENTED_EDGE('',*,*,#11910,.T.);
#12426 = ORIENTED_EDGE('',*,*,#12427,.T.);
#12427 = EDGE_CURVE('',#11903,#12304,#12428,.T.);
#12428 = CIRCLE('',#12429,3.E-02);
#12429 = AXIS2_PLACEMENT_3D('',#12430,#12431,#12432);
#12430 = CARTESIAN_POINT('',(-0.53,-0.3,3.E-02));
#12431 = DIRECTION('',(-0.,1.,0.));
#12432 = DIRECTION('',(1.,0.,0.));
#12433 = ORIENTED_EDGE('',*,*,#12303,.T.);
#12434 = PLANE('',#12435);
#12435 = AXIS2_PLACEMENT_3D('',#12436,#12437,#12438);
#12436 = CARTESIAN_POINT('',(0.725,-0.3,0.75));
#12437 = DIRECTION('',(0.,1.,0.));
#12438 = DIRECTION('',(-1.,0.,0.));
#12439 = ADVANCED_FACE('',(#12440),#12452,.T.);
#12440 = FACE_BOUND('',#12441,.T.);
#12441 = EDGE_LOOP('',(#12442,#12443,#12444,#12445));
#12442 = ORIENTED_EDGE('',*,*,#11902,.F.);
#12443 = ORIENTED_EDGE('',*,*,#12427,.T.);
#12444 = ORIENTED_EDGE('',*,*,#12311,.T.);
#12445 = ORIENTED_EDGE('',*,*,#12446,.F.);
#12446 = EDGE_CURVE('',#11895,#12312,#12447,.T.);
#12447 = CIRCLE('',#12448,3.E-02);
#12448 = AXIS2_PLACEMENT_3D('',#12449,#12450,#12451);
#12449 = CARTESIAN_POINT('',(-0.53,0.3,3.E-02));
#12450 = DIRECTION('',(-0.,1.,0.));
#12451 = DIRECTION('',(1.,0.,0.));
#12452 = CYLINDRICAL_SURFACE('',#12453,3.E-02);
#12453 = AXIS2_PLACEMENT_3D('',#12454,#12455,#12456);
#12454 = CARTESIAN_POINT('',(-0.53,-0.4,3.E-02));
#12455 = DIRECTION('',(0.,1.,0.));
#12456 = DIRECTION('',(1.,0.,0.));
#12457 = ADVANCED_FACE('',(#12458),#12469,.F.);
#12458 = FACE_BOUND('',#12459,.F.);
#12459 = EDGE_LOOP('',(#12460,#12461,#12467,#12468));
#12460 = ORIENTED_EDGE('',*,*,#11894,.T.);
#12461 = ORIENTED_EDGE('',*,*,#12462,.T.);
#12462 = EDGE_CURVE('',#11887,#12320,#12463,.T.);
#12463 = LINE('',#12464,#12465);
#12464 = CARTESIAN_POINT('',(-0.725,0.3,0.75));
#12465 = VECTOR('',#12466,1.);
#12466 = DIRECTION('',(-0.,-0.,-1.));
#12467 = ORIENTED_EDGE('',*,*,#12319,.T.);
#12468 = ORIENTED_EDGE('',*,*,#12446,.F.);
#12469 = PLANE('',#12470);
#12470 = AXIS2_PLACEMENT_3D('',#12471,#12472,#12473);
#12471 = CARTESIAN_POINT('',(-0.725,0.3,0.75));
#12472 = DIRECTION('',(0.,-1.,0.));
#12473 = DIRECTION('',(1.,0.,0.));
#12474 = ADVANCED_FACE('',(#12475),#12486,.F.);
#12475 = FACE_BOUND('',#12476,.F.);
#12476 = EDGE_LOOP('',(#12477,#12478,#12479,#12485));
#12477 = ORIENTED_EDGE('',*,*,#12462,.F.);
#12478 = ORIENTED_EDGE('',*,*,#11886,.T.);
#12479 = ORIENTED_EDGE('',*,*,#12480,.F.);
#12480 = EDGE_CURVE('',#12281,#11879,#12481,.T.);
#12481 = LINE('',#12482,#12483);
#12482 = CARTESIAN_POINT('',(-0.725,0.4,0.375));
#12483 = VECTOR('',#12484,1.);
#12484 = DIRECTION('',(0.,0.,1.));
#12485 = ORIENTED_EDGE('',*,*,#12327,.T.);
#12486 = PLANE('',#12487);
#12487 = AXIS2_PLACEMENT_3D('',#12488,#12489,#12490);
#12488 = CARTESIAN_POINT('',(-0.725,0.5,0.75));
#12489 = DIRECTION('',(-1.,0.,0.));
#12490 = DIRECTION('',(0.,-1.,0.));
#12491 = ADVANCED_FACE('',(#12492),#12517,.F.);
#12492 = FACE_BOUND('',#12493,.F.);
#12493 = EDGE_LOOP('',(#12494,#12495,#12503,#12511));
#12494 = ORIENTED_EDGE('',*,*,#11870,.T.);
#12495 = ORIENTED_EDGE('',*,*,#12496,.T.);
#12496 = EDGE_CURVE('',#11863,#12497,#12499,.T.);
#12497 = VERTEX_POINT('',#12498);
#12498 = CARTESIAN_POINT('',(0.725,0.3,0.));
#12499 = LINE('',#12500,#12501);
#12500 = CARTESIAN_POINT('',(0.725,0.3,0.75));
#12501 = VECTOR('',#12502,1.);
#12502 = DIRECTION('',(-0.,-0.,-1.));
#12503 = ORIENTED_EDGE('',*,*,#12504,.T.);
#12504 = EDGE_CURVE('',#12497,#12505,#12507,.T.);
#12505 = VERTEX_POINT('',#12506);
#12506 = CARTESIAN_POINT('',(0.725,0.4,0.));
#12507 = LINE('',#12508,#12509);
#12508 = CARTESIAN_POINT('',(0.725,-5.E-02,0.));
#12509 = VECTOR('',#12510,1.);
#12510 = DIRECTION('',(0.,1.,0.));
#12511 = ORIENTED_EDGE('',*,*,#12512,.F.);
#12512 = EDGE_CURVE('',#11871,#12505,#12513,.T.);
#12513 = LINE('',#12514,#12515);
#12514 = CARTESIAN_POINT('',(0.725,0.4,0.375));
#12515 = VECTOR('',#12516,1.);
#12516 = DIRECTION('',(0.,0.,-1.));
#12517 = PLANE('',#12518);
#12518 = AXIS2_PLACEMENT_3D('',#12519,#12520,#12521);
#12519 = CARTESIAN_POINT('',(0.725,0.3,0.75));
#12520 = DIRECTION('',(1.,0.,0.));
#12521 = DIRECTION('',(-0.,1.,0.));
#12522 = ADVANCED_FACE('',(#12523),#12542,.F.);
#12523 = FACE_BOUND('',#12524,.F.);
#12524 = EDGE_LOOP('',(#12525,#12526,#12527,#12536));
#12525 = ORIENTED_EDGE('',*,*,#12496,.F.);
#12526 = ORIENTED_EDGE('',*,*,#11862,.T.);
#12527 = ORIENTED_EDGE('',*,*,#12528,.F.);
#12528 = EDGE_CURVE('',#12529,#11855,#12531,.T.);
#12529 = VERTEX_POINT('',#12530);
#12530 = CARTESIAN_POINT('',(0.53,0.3,-3.469446951954E-18));
#12531 = CIRCLE('',#12532,3.E-02);
#12532 = AXIS2_PLACEMENT_3D('',#12533,#12534,#12535);
#12533 = CARTESIAN_POINT('',(0.53,0.3,3.E-02));
#12534 = DIRECTION('',(0.,1.,-0.));
#12535 = DIRECTION('',(-1.,0.,0.));
#12536 = ORIENTED_EDGE('',*,*,#12537,.T.);
#12537 = EDGE_CURVE('',#12529,#12497,#12538,.T.);
#12538 = LINE('',#12539,#12540);
#12539 = CARTESIAN_POINT('',(-0.1125,0.3,0.));
#12540 = VECTOR('',#12541,1.);
#12541 = DIRECTION('',(1.,0.,0.));
#12542 = PLANE('',#12543);
#12543 = AXIS2_PLACEMENT_3D('',#12544,#12545,#12546);
#12544 = CARTESIAN_POINT('',(-0.725,0.3,0.75));
#12545 = DIRECTION('',(0.,-1.,0.));
#12546 = DIRECTION('',(1.,0.,0.));
#12547 = ADVANCED_FACE('',(#12548),#12567,.T.);
#12548 = FACE_BOUND('',#12549,.T.);
#12549 = EDGE_LOOP('',(#12550,#12551,#12559,#12566));
#12550 = ORIENTED_EDGE('',*,*,#12528,.F.);
#12551 = ORIENTED_EDGE('',*,*,#12552,.F.);
#12552 = EDGE_CURVE('',#12553,#12529,#12555,.T.);
#12553 = VERTEX_POINT('',#12554);
#12554 = CARTESIAN_POINT('',(0.53,-0.3,-3.469446951954E-18));
#12555 = LINE('',#12556,#12557);
#12556 = CARTESIAN_POINT('',(0.53,-0.4,-3.469446951954E-18));
#12557 = VECTOR('',#12558,1.);
#12558 = DIRECTION('',(0.,1.,0.));
#12559 = ORIENTED_EDGE('',*,*,#12560,.T.);
#12560 = EDGE_CURVE('',#12553,#11847,#12561,.T.);
#12561 = CIRCLE('',#12562,3.E-02);
#12562 = AXIS2_PLACEMENT_3D('',#12563,#12564,#12565);
#12563 = CARTESIAN_POINT('',(0.53,-0.3,3.E-02));
#12564 = DIRECTION('',(0.,1.,-0.));
#12565 = DIRECTION('',(-1.,0.,0.));
#12566 = ORIENTED_EDGE('',*,*,#11854,.T.);
#12567 = CYLINDRICAL_SURFACE('',#12568,3.E-02);
#12568 = AXIS2_PLACEMENT_3D('',#12569,#12570,#12571);
#12569 = CARTESIAN_POINT('',(0.53,-0.4,3.E-02));
#12570 = DIRECTION('',(0.,1.,0.));
#12571 = DIRECTION('',(-1.,0.,0.));
#12572 = ADVANCED_FACE('',(#12573),#12591,.F.);
#12573 = FACE_BOUND('',#12574,.F.);
#12574 = EDGE_LOOP('',(#12575,#12576,#12584,#12590));
#12575 = ORIENTED_EDGE('',*,*,#11846,.T.);
#12576 = ORIENTED_EDGE('',*,*,#12577,.T.);
#12577 = EDGE_CURVE('',#11839,#12578,#12580,.T.);
#12578 = VERTEX_POINT('',#12579);
#12579 = CARTESIAN_POINT('',(0.725,-0.3,0.));
#12580 = LINE('',#12581,#12582);
#12581 = CARTESIAN_POINT('',(0.725,-0.3,0.75));
#12582 = VECTOR('',#12583,1.);
#12583 = DIRECTION('',(-0.,-0.,-1.));
#12584 = ORIENTED_EDGE('',*,*,#12585,.T.);
#12585 = EDGE_CURVE('',#12578,#12553,#12586,.T.);
#12586 = LINE('',#12587,#12588);
#12587 = CARTESIAN_POINT('',(0.6125,-0.3,0.));
#12588 = VECTOR('',#12589,1.);
#12589 = DIRECTION('',(-1.,0.,0.));
#12590 = ORIENTED_EDGE('',*,*,#12560,.T.);
#12591 = PLANE('',#12592);
#12592 = AXIS2_PLACEMENT_3D('',#12593,#12594,#12595);
#12593 = CARTESIAN_POINT('',(0.725,-0.3,0.75));
#12594 = DIRECTION('',(0.,1.,0.));
#12595 = DIRECTION('',(-1.,0.,0.));
#12596 = ADVANCED_FACE('',(#12597),#12608,.F.);
#12597 = FACE_BOUND('',#12598,.F.);
#12598 = EDGE_LOOP('',(#12599,#12600,#12601,#12602));
#12599 = ORIENTED_EDGE('',*,*,#12577,.F.);
#12600 = ORIENTED_EDGE('',*,*,#11838,.T.);
#12601 = ORIENTED_EDGE('',*,*,#11960,.T.);
#12602 = ORIENTED_EDGE('',*,*,#12603,.T.);
#12603 = EDGE_CURVE('',#11951,#12578,#12604,.T.);
#12604 = LINE('',#12605,#12606);
#12605 = CARTESIAN_POINT('',(0.725,-0.45,0.));
#12606 = VECTOR('',#12607,1.);
#12607 = DIRECTION('',(0.,1.,0.));
#12608 = PLANE('',#12609);
#12609 = AXIS2_PLACEMENT_3D('',#12610,#12611,#12612);
#12610 = CARTESIAN_POINT('',(0.725,-0.5,0.75));
#12611 = DIRECTION('',(1.,0.,0.));
#12612 = DIRECTION('',(-0.,1.,0.));
#12613 = ADVANCED_FACE('',(#12614),#12639,.T.);
#12614 = FACE_BOUND('',#12615,.T.);
#12615 = EDGE_LOOP('',(#12616,#12624,#12625,#12633));
#12616 = ORIENTED_EDGE('',*,*,#12617,.T.);
#12617 = EDGE_CURVE('',#12618,#11919,#12620,.T.);
#12618 = VERTEX_POINT('',#12619);
#12619 = CARTESIAN_POINT('',(0.277128129211,0.32,1.5E-02));
#12620 = LINE('',#12621,#12622);
#12621 = CARTESIAN_POINT('',(0.277128129211,0.32,1.5E-02));
#12622 = VECTOR('',#12623,1.);
#12623 = DIRECTION('',(0.,0.,1.));
#12624 = ORIENTED_EDGE('',*,*,#11918,.T.);
#12625 = ORIENTED_EDGE('',*,*,#12626,.F.);
#12626 = EDGE_CURVE('',#12627,#11921,#12629,.T.);
#12627 = VERTEX_POINT('',#12628);
#12628 = CARTESIAN_POINT('',(0.277128129211,-0.32,1.5E-02));
#12629 = LINE('',#12630,#12631);
#12630 = CARTESIAN_POINT('',(0.277128129211,-0.32,1.5E-02));
#12631 = VECTOR('',#12632,1.);
#12632 = DIRECTION('',(0.,0.,1.));
#12633 = ORIENTED_EDGE('',*,*,#12634,.F.);
#12634 = EDGE_CURVE('',#12618,#12627,#12635,.T.);
#12635 = LINE('',#12636,#12637);
#12636 = CARTESIAN_POINT('',(0.277128129211,0.32,1.5E-02));
#12637 = VECTOR('',#12638,1.);
#12638 = DIRECTION('',(0.,-1.,0.));
#12639 = PLANE('',#12640);
#12640 = AXIS2_PLACEMENT_3D('',#12641,#12642,#12643);
#12641 = CARTESIAN_POINT('',(0.277128129211,0.32,1.5E-02));
#12642 = DIRECTION('',(1.,0.,0.));
#12643 = DIRECTION('',(0.,-1.,0.));
#12644 = ADVANCED_FACE('',(#12645),#12663,.T.);
#12645 = FACE_BOUND('',#12646,.T.);
#12646 = EDGE_LOOP('',(#12647,#12655,#12656,#12657));
#12647 = ORIENTED_EDGE('',*,*,#12648,.T.);
#12648 = EDGE_CURVE('',#12649,#11929,#12651,.T.);
#12649 = VERTEX_POINT('',#12650);
#12650 = CARTESIAN_POINT('',(-0.277128129211,0.,1.5E-02));
#12651 = LINE('',#12652,#12653);
#12652 = CARTESIAN_POINT('',(-0.277128129211,0.,1.5E-02));
#12653 = VECTOR('',#12654,1.);
#12654 = DIRECTION('',(0.,0.,1.));
#12655 = ORIENTED_EDGE('',*,*,#11936,.T.);
#12656 = ORIENTED_EDGE('',*,*,#12617,.F.);
#12657 = ORIENTED_EDGE('',*,*,#12658,.F.);
#12658 = EDGE_CURVE('',#12649,#12618,#12659,.T.);
#12659 = LINE('',#12660,#12661);
#12660 = CARTESIAN_POINT('',(-0.277128129211,0.,1.5E-02));
#12661 = VECTOR('',#12662,1.);
#12662 = DIRECTION('',(0.866025403784,0.5,0.));
#12663 = PLANE('',#12664);
#12664 = AXIS2_PLACEMENT_3D('',#12665,#12666,#12667);
#12665 = CARTESIAN_POINT('',(-0.277128129211,0.,1.5E-02));
#12666 = DIRECTION('',(-0.5,0.866025403784,0.));
#12667 = DIRECTION('',(0.866025403784,0.5,0.));
#12668 = ADVANCED_FACE('',(#12669),#12680,.T.);
#12669 = FACE_BOUND('',#12670,.T.);
#12670 = EDGE_LOOP('',(#12671,#12672,#12673,#12674));
#12671 = ORIENTED_EDGE('',*,*,#12626,.T.);
#12672 = ORIENTED_EDGE('',*,*,#11928,.T.);
#12673 = ORIENTED_EDGE('',*,*,#12648,.F.);
#12674 = ORIENTED_EDGE('',*,*,#12675,.F.);
#12675 = EDGE_CURVE('',#12627,#12649,#12676,.T.);
#12676 = LINE('',#12677,#12678);
#12677 = CARTESIAN_POINT('',(0.277128129211,-0.32,1.5E-02));
#12678 = VECTOR('',#12679,1.);
#12679 = DIRECTION('',(-0.866025403784,0.5,0.));
#12680 = PLANE('',#12681);
#12681 = AXIS2_PLACEMENT_3D('',#12682,#12683,#12684);
#12682 = CARTESIAN_POINT('',(0.277128129211,-0.32,1.5E-02));
#12683 = DIRECTION('',(-0.5,-0.866025403784,0.));
#12684 = DIRECTION('',(-0.866025403784,0.5,0.));
#12685 = ADVANCED_FACE('',(#12686),#12708,.F.);
#12686 = FACE_BOUND('',#12687,.F.);
#12687 = EDGE_LOOP('',(#12688,#12696,#12697,#12698,#12699,#12700,#12701,
    #12702));
#12688 = ORIENTED_EDGE('',*,*,#12689,.F.);
#12689 = EDGE_CURVE('',#12505,#12690,#12692,.T.);
#12690 = VERTEX_POINT('',#12691);
#12691 = CARTESIAN_POINT('',(0.77,0.4,-3.469446951954E-18));
#12692 = LINE('',#12693,#12694);
#12693 = CARTESIAN_POINT('',(0.5,0.4,0.));
#12694 = VECTOR('',#12695,1.);
#12695 = DIRECTION('',(1.,0.,0.));
#12696 = ORIENTED_EDGE('',*,*,#12504,.F.);
#12697 = ORIENTED_EDGE('',*,*,#12537,.F.);
#12698 = ORIENTED_EDGE('',*,*,#12552,.F.);
#12699 = ORIENTED_EDGE('',*,*,#12585,.F.);
#12700 = ORIENTED_EDGE('',*,*,#12603,.F.);
#12701 = ORIENTED_EDGE('',*,*,#11950,.T.);
#12702 = ORIENTED_EDGE('',*,*,#12703,.T.);
#12703 = EDGE_CURVE('',#11953,#12690,#12704,.T.);
#12704 = LINE('',#12705,#12706);
#12705 = CARTESIAN_POINT('',(0.77,-0.4,-3.469446951954E-18));
#12706 = VECTOR('',#12707,1.);
#12707 = DIRECTION('',(0.,1.,0.));
#12708 = PLANE('',#12709);
#12709 = AXIS2_PLACEMENT_3D('',#12710,#12711,#12712);
#12710 = CARTESIAN_POINT('',(0.5,-0.4,0.));
#12711 = DIRECTION('',(0.,0.,1.));
#12712 = DIRECTION('',(1.,0.,-0.));
#12713 = ADVANCED_FACE('',(#12714),#12733,.T.);
#12714 = FACE_BOUND('',#12715,.T.);
#12715 = EDGE_LOOP('',(#12716,#12717,#12718,#12727));
#12716 = ORIENTED_EDGE('',*,*,#12002,.T.);
#12717 = ORIENTED_EDGE('',*,*,#12703,.T.);
#12718 = ORIENTED_EDGE('',*,*,#12719,.F.);
#12719 = EDGE_CURVE('',#12720,#12690,#12722,.T.);
#12720 = VERTEX_POINT('',#12721);
#12721 = CARTESIAN_POINT('',(0.8,0.4,3.E-02));
#12722 = CIRCLE('',#12723,3.E-02);
#12723 = AXIS2_PLACEMENT_3D('',#12724,#12725,#12726);
#12724 = CARTESIAN_POINT('',(0.77,0.4,3.E-02));
#12725 = DIRECTION('',(0.,1.,0.));
#12726 = DIRECTION('',(0.,-0.,1.));
#12727 = ORIENTED_EDGE('',*,*,#12728,.F.);
#12728 = EDGE_CURVE('',#11995,#12720,#12729,.T.);
#12729 = LINE('',#12730,#12731);
#12730 = CARTESIAN_POINT('',(0.8,-0.4,3.E-02));
#12731 = VECTOR('',#12732,1.);
#12732 = DIRECTION('',(0.,1.,0.));
#12733 = CYLINDRICAL_SURFACE('',#12734,3.E-02);
#12734 = AXIS2_PLACEMENT_3D('',#12735,#12736,#12737);
#12735 = CARTESIAN_POINT('',(0.77,-0.4,3.E-02));
#12736 = DIRECTION('',(0.,1.,0.));
#12737 = DIRECTION('',(1.,0.,0.));
#12738 = ADVANCED_FACE('',(#12739),#12757,.T.);
#12739 = FACE_BOUND('',#12740,.T.);
#12740 = EDGE_LOOP('',(#12741,#12742,#12743,#12751));
#12741 = ORIENTED_EDGE('',*,*,#11994,.F.);
#12742 = ORIENTED_EDGE('',*,*,#12728,.T.);
#12743 = ORIENTED_EDGE('',*,*,#12744,.T.);
#12744 = EDGE_CURVE('',#12720,#12745,#12747,.T.);
#12745 = VERTEX_POINT('',#12746);
#12746 = CARTESIAN_POINT('',(0.8,0.4,0.47));
#12747 = LINE('',#12748,#12749);
#12748 = CARTESIAN_POINT('',(0.8,0.4,0.));
#12749 = VECTOR('',#12750,1.);
#12750 = DIRECTION('',(0.,0.,1.));
#12751 = ORIENTED_EDGE('',*,*,#12752,.F.);
#12752 = EDGE_CURVE('',#11986,#12745,#12753,.T.);
#12753 = LINE('',#12754,#12755);
#12754 = CARTESIAN_POINT('',(0.8,-0.4,0.47));
#12755 = VECTOR('',#12756,1.);
#12756 = DIRECTION('',(0.,1.,0.));
#12757 = PLANE('',#12758);
#12758 = AXIS2_PLACEMENT_3D('',#12759,#12760,#12761);
#12759 = CARTESIAN_POINT('',(0.8,-0.4,0.));
#12760 = DIRECTION('',(1.,0.,0.));
#12761 = DIRECTION('',(0.,0.,1.));
#12762 = ADVANCED_FACE('',(#12763),#12782,.T.);
#12763 = FACE_BOUND('',#12764,.T.);
#12764 = EDGE_LOOP('',(#12765,#12766,#12775,#12781));
#12765 = ORIENTED_EDGE('',*,*,#12752,.T.);
#12766 = ORIENTED_EDGE('',*,*,#12767,.T.);
#12767 = EDGE_CURVE('',#12745,#12768,#12770,.T.);
#12768 = VERTEX_POINT('',#12769);
#12769 = CARTESIAN_POINT('',(0.77,0.4,0.5));
#12770 = CIRCLE('',#12771,3.E-02);
#12771 = AXIS2_PLACEMENT_3D('',#12772,#12773,#12774);
#12772 = CARTESIAN_POINT('',(0.77,0.4,0.47));
#12773 = DIRECTION('',(0.,-1.,0.));
#12774 = DIRECTION('',(0.,0.,1.));
#12775 = ORIENTED_EDGE('',*,*,#12776,.F.);
#12776 = EDGE_CURVE('',#11978,#12768,#12777,.T.);
#12777 = LINE('',#12778,#12779);
#12778 = CARTESIAN_POINT('',(0.77,-0.4,0.5));
#12779 = VECTOR('',#12780,1.);
#12780 = DIRECTION('',(0.,1.,0.));
#12781 = ORIENTED_EDGE('',*,*,#11985,.F.);
#12782 = CYLINDRICAL_SURFACE('',#12783,3.E-02);
#12783 = AXIS2_PLACEMENT_3D('',#12784,#12785,#12786);
#12784 = CARTESIAN_POINT('',(0.77,-0.4,0.47));
#12785 = DIRECTION('',(0.,1.,0.));
#12786 = DIRECTION('',(1.,0.,0.));
#12787 = ADVANCED_FACE('',(#12788),#12829,.T.);
#12788 = FACE_BOUND('',#12789,.T.);
#12789 = EDGE_LOOP('',(#12790,#12798,#12806,#12812,#12813,#12821,#12827,
    #12828));
#12790 = ORIENTED_EDGE('',*,*,#12791,.F.);
#12791 = EDGE_CURVE('',#12792,#12768,#12794,.T.);
#12792 = VERTEX_POINT('',#12793);
#12793 = CARTESIAN_POINT('',(0.725,0.4,0.5));
#12794 = LINE('',#12795,#12796);
#12795 = CARTESIAN_POINT('',(0.5,0.4,0.5));
#12796 = VECTOR('',#12797,1.);
#12797 = DIRECTION('',(1.,0.,0.));
#12798 = ORIENTED_EDGE('',*,*,#12799,.F.);
#12799 = EDGE_CURVE('',#12800,#12792,#12802,.T.);
#12800 = VERTEX_POINT('',#12801);
#12801 = CARTESIAN_POINT('',(0.725,0.3,0.5));
#12802 = LINE('',#12803,#12804);
#12803 = CARTESIAN_POINT('',(0.725,-5.E-02,0.5));
#12804 = VECTOR('',#12805,1.);
#12805 = DIRECTION('',(0.,1.,0.));
#12806 = ORIENTED_EDGE('',*,*,#12807,.F.);
#12807 = EDGE_CURVE('',#12083,#12800,#12808,.T.);
#12808 = LINE('',#12809,#12810);
#12809 = CARTESIAN_POINT('',(-0.1125,0.3,0.5));
#12810 = VECTOR('',#12811,1.);
#12811 = DIRECTION('',(1.,0.,0.));
#12812 = ORIENTED_EDGE('',*,*,#12082,.F.);
#12813 = ORIENTED_EDGE('',*,*,#12814,.F.);
#12814 = EDGE_CURVE('',#12815,#12074,#12817,.T.);
#12815 = VERTEX_POINT('',#12816);
#12816 = CARTESIAN_POINT('',(0.725,-0.3,0.5));
#12817 = LINE('',#12818,#12819);
#12818 = CARTESIAN_POINT('',(0.6125,-0.3,0.5));
#12819 = VECTOR('',#12820,1.);
#12820 = DIRECTION('',(-1.,0.,0.));
#12821 = ORIENTED_EDGE('',*,*,#12822,.F.);
#12822 = EDGE_CURVE('',#11970,#12815,#12823,.T.);
#12823 = LINE('',#12824,#12825);
#12824 = CARTESIAN_POINT('',(0.725,-0.45,0.5));
#12825 = VECTOR('',#12826,1.);
#12826 = DIRECTION('',(0.,1.,0.));
#12827 = ORIENTED_EDGE('',*,*,#11977,.T.);
#12828 = ORIENTED_EDGE('',*,*,#12776,.T.);
#12829 = PLANE('',#12830);
#12830 = AXIS2_PLACEMENT_3D('',#12831,#12832,#12833);
#12831 = CARTESIAN_POINT('',(0.5,-0.4,0.5));
#12832 = DIRECTION('',(0.,0.,1.));
#12833 = DIRECTION('',(1.,0.,-0.));
#12834 = ADVANCED_FACE('',(#12835),#12846,.F.);
#12835 = FACE_BOUND('',#12836,.F.);
#12836 = EDGE_LOOP('',(#12837,#12843,#12844,#12845));
#12837 = ORIENTED_EDGE('',*,*,#12838,.F.);
#12838 = EDGE_CURVE('',#12815,#12018,#12839,.T.);
#12839 = LINE('',#12840,#12841);
#12840 = CARTESIAN_POINT('',(0.725,-0.3,0.75));
#12841 = VECTOR('',#12842,1.);
#12842 = DIRECTION('',(-0.,-0.,-1.));
#12843 = ORIENTED_EDGE('',*,*,#12822,.F.);
#12844 = ORIENTED_EDGE('',*,*,#11969,.T.);
#12845 = ORIENTED_EDGE('',*,*,#12027,.F.);
#12846 = PLANE('',#12847);
#12847 = AXIS2_PLACEMENT_3D('',#12848,#12849,#12850);
#12848 = CARTESIAN_POINT('',(0.725,-0.5,0.75));
#12849 = DIRECTION('',(1.,0.,0.));
#12850 = DIRECTION('',(-0.,1.,0.));
#12851 = ADVANCED_FACE('',(#12852),#12858,.F.);
#12852 = FACE_BOUND('',#12853,.F.);
#12853 = EDGE_LOOP('',(#12854,#12855,#12856,#12857));
#12854 = ORIENTED_EDGE('',*,*,#12814,.F.);
#12855 = ORIENTED_EDGE('',*,*,#12838,.T.);
#12856 = ORIENTED_EDGE('',*,*,#12017,.F.);
#12857 = ORIENTED_EDGE('',*,*,#12073,.T.);
#12858 = PLANE('',#12859);
#12859 = AXIS2_PLACEMENT_3D('',#12860,#12861,#12862);
#12860 = CARTESIAN_POINT('',(0.725,-0.3,0.75));
#12861 = DIRECTION('',(0.,1.,0.));
#12862 = DIRECTION('',(-1.,0.,0.));
#12863 = ADVANCED_FACE('',(#12864),#12880,.F.);
#12864 = FACE_BOUND('',#12865,.F.);
#12865 = EDGE_LOOP('',(#12866,#12867,#12873,#12874));
#12866 = ORIENTED_EDGE('',*,*,#12799,.F.);
#12867 = ORIENTED_EDGE('',*,*,#12868,.T.);
#12868 = EDGE_CURVE('',#12800,#12051,#12869,.T.);
#12869 = LINE('',#12870,#12871);
#12870 = CARTESIAN_POINT('',(0.725,0.3,0.75));
#12871 = VECTOR('',#12872,1.);
#12872 = DIRECTION('',(-0.,-0.,-1.));
#12873 = ORIENTED_EDGE('',*,*,#12058,.F.);
#12874 = ORIENTED_EDGE('',*,*,#12875,.F.);
#12875 = EDGE_CURVE('',#12792,#12042,#12876,.T.);
#12876 = LINE('',#12877,#12878);
#12877 = CARTESIAN_POINT('',(0.725,0.4,0.375));
#12878 = VECTOR('',#12879,1.);
#12879 = DIRECTION('',(0.,0.,-1.));
#12880 = PLANE('',#12881);
#12881 = AXIS2_PLACEMENT_3D('',#12882,#12883,#12884);
#12882 = CARTESIAN_POINT('',(0.725,0.3,0.75));
#12883 = DIRECTION('',(1.,0.,0.));
#12884 = DIRECTION('',(-0.,1.,0.));
#12885 = ADVANCED_FACE('',(#12886),#12892,.F.);
#12886 = FACE_BOUND('',#12887,.F.);
#12887 = EDGE_LOOP('',(#12888,#12889,#12890,#12891));
#12888 = ORIENTED_EDGE('',*,*,#12868,.F.);
#12889 = ORIENTED_EDGE('',*,*,#12807,.F.);
#12890 = ORIENTED_EDGE('',*,*,#12090,.F.);
#12891 = ORIENTED_EDGE('',*,*,#12050,.F.);
#12892 = PLANE('',#12893);
#12893 = AXIS2_PLACEMENT_3D('',#12894,#12895,#12896);
#12894 = CARTESIAN_POINT('',(-0.725,0.3,0.75));
#12895 = DIRECTION('',(0.,-1.,0.));
#12896 = DIRECTION('',(1.,0.,0.));
#12897 = ADVANCED_FACE('',(#12898),#12910,.T.);
#12898 = FACE_BOUND('',#12899,.T.);
#12899 = EDGE_LOOP('',(#12900,#12901,#12902,#12903,#12904,#12905,#12906,
    #12907,#12908,#12909));
#12900 = ORIENTED_EDGE('',*,*,#12278,.F.);
#12901 = ORIENTED_EDGE('',*,*,#12349,.F.);
#12902 = ORIENTED_EDGE('',*,*,#12385,.T.);
#12903 = ORIENTED_EDGE('',*,*,#12409,.T.);
#12904 = ORIENTED_EDGE('',*,*,#12233,.T.);
#12905 = ORIENTED_EDGE('',*,*,#12194,.F.);
#12906 = ORIENTED_EDGE('',*,*,#12121,.F.);
#12907 = ORIENTED_EDGE('',*,*,#12113,.F.);
#12908 = ORIENTED_EDGE('',*,*,#12105,.T.);
#12909 = ORIENTED_EDGE('',*,*,#12480,.F.);
#12910 = PLANE('',#12911);
#12911 = AXIS2_PLACEMENT_3D('',#12912,#12913,#12914);
#12912 = CARTESIAN_POINT('',(-0.8,0.4,0.));
#12913 = DIRECTION('',(0.,1.,0.));
#12914 = DIRECTION('',(0.,-0.,1.));
#12915 = ADVANCED_FACE('',(#12916),#12928,.T.);
#12916 = FACE_BOUND('',#12917,.T.);
#12917 = EDGE_LOOP('',(#12918,#12919,#12920,#12921,#12922,#12923,#12924,
    #12925,#12926,#12927));
#12918 = ORIENTED_EDGE('',*,*,#12689,.F.);
#12919 = ORIENTED_EDGE('',*,*,#12512,.F.);
#12920 = ORIENTED_EDGE('',*,*,#12146,.T.);
#12921 = ORIENTED_EDGE('',*,*,#12138,.T.);
#12922 = ORIENTED_EDGE('',*,*,#12130,.F.);
#12923 = ORIENTED_EDGE('',*,*,#12875,.F.);
#12924 = ORIENTED_EDGE('',*,*,#12791,.T.);
#12925 = ORIENTED_EDGE('',*,*,#12767,.F.);
#12926 = ORIENTED_EDGE('',*,*,#12744,.F.);
#12927 = ORIENTED_EDGE('',*,*,#12719,.T.);
#12928 = PLANE('',#12929);
#12929 = AXIS2_PLACEMENT_3D('',#12930,#12931,#12932);
#12930 = CARTESIAN_POINT('',(0.5,0.4,0.));
#12931 = DIRECTION('',(0.,1.,0.));
#12932 = DIRECTION('',(0.,-0.,1.));
#12933 = ADVANCED_FACE('',(#12934),#12939,.T.);
#12934 = FACE_BOUND('',#12935,.T.);
#12935 = EDGE_LOOP('',(#12936,#12937,#12938));
#12936 = ORIENTED_EDGE('',*,*,#12658,.T.);
#12937 = ORIENTED_EDGE('',*,*,#12634,.T.);
#12938 = ORIENTED_EDGE('',*,*,#12675,.T.);
#12939 = PLANE('',#12940);
#12940 = AXIS2_PLACEMENT_3D('',#12941,#12942,#12943);
#12941 = CARTESIAN_POINT('',(9.237604307034E-02,0.,1.5E-02));
#12942 = DIRECTION('',(-0.,-0.,-1.));
#12943 = DIRECTION('',(-1.,0.,0.));
#12944 = ( GEOMETRIC_REPRESENTATION_CONTEXT(3) 
GLOBAL_UNCERTAINTY_ASSIGNED_CONTEXT((#12948)) 
GLOBAL_UNIT_ASSIGNED_CONTEXT((#12945,#12946,#12947)) 
REPRESENTATION_CONTEXT('Context #1',
  '3D Context with UNIT and UNCERTAINTY') );
#12945 = ( LENGTH_UNIT() NAMED_UNIT(*) SI_UNIT(.MILLI.,.METRE.) );
#12946 = ( NAMED_UNIT(*) PLANE_ANGLE_UNIT() SI_UNIT($,.RADIAN.) );
#12947 = ( NAMED_UNIT(*) SI_UNIT($,.STERADIAN.) SOLID_ANGLE_UNIT() );
#12948 = UNCERTAINTY_MEASURE_WITH_UNIT(LENGTH_MEASURE(1.E-07),#12945,
  'distance_accuracy_value','confusion accuracy');
#12949 = CONTEXT_DEPENDENT_SHAPE_REPRESENTATION(#12950,#12952);
#12950 = ( REPRESENTATION_RELATIONSHIP('','',#11420,#10) 
REPRESENTATION_RELATIONSHIP_WITH_TRANSFORMATION(#12951) 
SHAPE_REPRESENTATION_RELATIONSHIP() );
#12951 = ITEM_DEFINED_TRANSFORMATION('','',#11,#51);
#12952 = PRODUCT_DEFINITION_SHAPE('Placement','Placement of an item',
  #12953);
#12953 = NEXT_ASSEMBLY_USAGE_OCCURRENCE('10','D_4','',#5,#11415,$);
#12954 = PRODUCT_RELATED_PRODUCT_CATEGORY('part',$,(#11417));
#12955 = CONTEXT_DEPENDENT_SHAPE_REPRESENTATION(#12956,#12958);
#12956 = ( REPRESENTATION_RELATIONSHIP('','',#148,#10) 
REPRESENTATION_RELATIONSHIP_WITH_TRANSFORMATION(#12957) 
SHAPE_REPRESENTATION_RELATIONSHIP() );
#12957 = ITEM_DEFINED_TRANSFORMATION('','',#11,#55);
#12958 = PRODUCT_DEFINITION_SHAPE('Placement','Placement of an item',
  #12959);
#12959 = NEXT_ASSEMBLY_USAGE_OCCURRENCE('11','J4','',#5,#143,$);
#12960 = CONTEXT_DEPENDENT_SHAPE_REPRESENTATION(#12961,#12963);
#12961 = ( REPRESENTATION_RELATIONSHIP('','',#11420,#10) 
REPRESENTATION_RELATIONSHIP_WITH_TRANSFORMATION(#12962) 
SHAPE_REPRESENTATION_RELATIONSHIP() );
#12962 = ITEM_DEFINED_TRANSFORMATION('','',#11,#59);
#12963 = PRODUCT_DEFINITION_SHAPE('Placement','Placement of an item',
  #12964);
#12964 = NEXT_ASSEMBLY_USAGE_OCCURRENCE('12','D_2','',#5,#11415,$);
#12965 = CONTEXT_DEPENDENT_SHAPE_REPRESENTATION(#12966,#12968);
#12966 = ( REPRESENTATION_RELATIONSHIP('','',#5914,#10) 
REPRESENTATION_RELATIONSHIP_WITH_TRANSFORMATION(#12967) 
SHAPE_REPRESENTATION_RELATIONSHIP() );
#12967 = ITEM_DEFINED_TRANSFORMATION('','',#11,#63);
#12968 = PRODUCT_DEFINITION_SHAPE('Placement','Placement of an item',
  #12969);
#12969 = NEXT_ASSEMBLY_USAGE_OCCURRENCE('13','R4','',#5,#5909,$);
#12970 = CONTEXT_DEPENDENT_SHAPE_REPRESENTATION(#12971,#12973);
#12971 = ( REPRESENTATION_RELATIONSHIP('','',#148,#10) 
REPRESENTATION_RELATIONSHIP_WITH_TRANSFORMATION(#12972) 
SHAPE_REPRESENTATION_RELATIONSHIP() );
#12972 = ITEM_DEFINED_TRANSFORMATION('','',#11,#67);
#12973 = PRODUCT_DEFINITION_SHAPE('Placement','Placement of an item',
  #12974);
#12974 = NEXT_ASSEMBLY_USAGE_OCCURRENCE('14','J7','',#5,#143,$);
#12975 = CONTEXT_DEPENDENT_SHAPE_REPRESENTATION(#12976,#12978);
#12976 = ( REPRESENTATION_RELATIONSHIP('','',#11420,#10) 
REPRESENTATION_RELATIONSHIP_WITH_TRANSFORMATION(#12977) 
SHAPE_REPRESENTATION_RELATIONSHIP() );
#12977 = ITEM_DEFINED_TRANSFORMATION('','',#11,#71);
#12978 = PRODUCT_DEFINITION_SHAPE('Placement','Placement of an item',
  #12979);
#12979 = NEXT_ASSEMBLY_USAGE_OCCURRENCE('15','D_3','',#5,#11415,$);
#12980 = CONTEXT_DEPENDENT_SHAPE_REPRESENTATION(#12981,#12983);
#12981 = ( REPRESENTATION_RELATIONSHIP('','',#5036,#10) 
REPRESENTATION_RELATIONSHIP_WITH_TRANSFORMATION(#12982) 
SHAPE_REPRESENTATION_RELATIONSHIP() );
#12982 = ITEM_DEFINED_TRANSFORMATION('','',#11,#75);
#12983 = PRODUCT_DEFINITION_SHAPE('Placement','Placement of an item',
  #12984);
#12984 = NEXT_ASSEMBLY_USAGE_OCCURRENCE('16','C16','',#5,#5031,$);
#12985 = CONTEXT_DEPENDENT_SHAPE_REPRESENTATION(#12986,#12988);
#12986 = ( REPRESENTATION_RELATIONSHIP('','',#11420,#10) 
REPRESENTATION_RELATIONSHIP_WITH_TRANSFORMATION(#12987) 
SHAPE_REPRESENTATION_RELATIONSHIP() );
#12987 = ITEM_DEFINED_TRANSFORMATION('','',#11,#79);
#12988 = PRODUCT_DEFINITION_SHAPE('Placement','Placement of an item',
  #12989);
#12989 = NEXT_ASSEMBLY_USAGE_OCCURRENCE('17','D_1','',#5,#11415,$);
#12990 = CONTEXT_DEPENDENT_SHAPE_REPRESENTATION(#12991,#12993);
#12991 = ( REPRESENTATION_RELATIONSHIP('','',#5914,#10) 
REPRESENTATION_RELATIONSHIP_WITH_TRANSFORMATION(#12992) 
SHAPE_REPRESENTATION_RELATIONSHIP() );
#12992 = ITEM_DEFINED_TRANSFORMATION('','',#11,#83);
#12993 = PRODUCT_DEFINITION_SHAPE('Placement','Placement of an item',
  #12994);
#12994 = NEXT_ASSEMBLY_USAGE_OCCURRENCE('18','R5','',#5,#5909,$);
#12995 = CONTEXT_DEPENDENT_SHAPE_REPRESENTATION(#12996,#12998);
#12996 = ( REPRESENTATION_RELATIONSHIP('','',#148,#10) 
REPRESENTATION_RELATIONSHIP_WITH_TRANSFORMATION(#12997) 
SHAPE_REPRESENTATION_RELATIONSHIP() );
#12997 = ITEM_DEFINED_TRANSFORMATION('','',#11,#87);
#12998 = PRODUCT_DEFINITION_SHAPE('Placement','Placement of an item',
  #12999);
#12999 = NEXT_ASSEMBLY_USAGE_OCCURRENCE('19','J6','',#5,#143,$);
#13000 = CONTEXT_DEPENDENT_SHAPE_REPRESENTATION(#13001,#13003);
#13001 = ( REPRESENTATION_RELATIONSHIP('','',#11420,#10) 
REPRESENTATION_RELATIONSHIP_WITH_TRANSFORMATION(#13002) 
SHAPE_REPRESENTATION_RELATIONSHIP() );
#13002 = ITEM_DEFINED_TRANSFORMATION('','',#11,#91);
#13003 = PRODUCT_DEFINITION_SHAPE('Placement','Placement of an item',
  #13004);
#13004 = NEXT_ASSEMBLY_USAGE_OCCURRENCE('20','D_6','',#5,#11415,$);
#13005 = CONTEXT_DEPENDENT_SHAPE_REPRESENTATION(#13006,#13008);
#13006 = ( REPRESENTATION_RELATIONSHIP('','',#11420,#10) 
REPRESENTATION_RELATIONSHIP_WITH_TRANSFORMATION(#13007) 
SHAPE_REPRESENTATION_RELATIONSHIP() );
#13007 = ITEM_DEFINED_TRANSFORMATION('','',#11,#95);
#13008 = PRODUCT_DEFINITION_SHAPE('Placement','Placement of an item',
  #13009);
#13009 = NEXT_ASSEMBLY_USAGE_OCCURRENCE('21','D_5','',#5,#11415,$);
#13010 = CONTEXT_DEPENDENT_SHAPE_REPRESENTATION(#13011,#13013);
#13011 = ( REPRESENTATION_RELATIONSHIP('','',#5914,#10) 
REPRESENTATION_RELATIONSHIP_WITH_TRANSFORMATION(#13012) 
SHAPE_REPRESENTATION_RELATIONSHIP() );
#13012 = ITEM_DEFINED_TRANSFORMATION('','',#11,#99);
#13013 = PRODUCT_DEFINITION_SHAPE('Placement','Placement of an item',
  #13014);
#13014 = NEXT_ASSEMBLY_USAGE_OCCURRENCE('22','R3','',#5,#5909,$);
#13015 = CONTEXT_DEPENDENT_SHAPE_REPRESENTATION(#13016,#13018);
#13016 = ( REPRESENTATION_RELATIONSHIP('','',#5036,#10) 
REPRESENTATION_RELATIONSHIP_WITH_TRANSFORMATION(#13017) 
SHAPE_REPRESENTATION_RELATIONSHIP() );
#13017 = ITEM_DEFINED_TRANSFORMATION('','',#11,#103);
#13018 = PRODUCT_DEFINITION_SHAPE('Placement','Placement of an item',
  #13019);
#13019 = NEXT_ASSEMBLY_USAGE_OCCURRENCE('23','C18','',#5,#5031,$);
#13020 = CONTEXT_DEPENDENT_SHAPE_REPRESENTATION(#13021,#13023);
#13021 = ( REPRESENTATION_RELATIONSHIP('','',#148,#10) 
REPRESENTATION_RELATIONSHIP_WITH_TRANSFORMATION(#13022) 
SHAPE_REPRESENTATION_RELATIONSHIP() );
#13022 = ITEM_DEFINED_TRANSFORMATION('','',#11,#107);
#13023 = PRODUCT_DEFINITION_SHAPE('Placement','Placement of an item',
  #13024);
#13024 = NEXT_ASSEMBLY_USAGE_OCCURRENCE('24','J2','',#5,#143,$);
#13025 = CONTEXT_DEPENDENT_SHAPE_REPRESENTATION(#13026,#13028);
#13026 = ( REPRESENTATION_RELATIONSHIP('','',#5914,#10) 
REPRESENTATION_RELATIONSHIP_WITH_TRANSFORMATION(#13027) 
SHAPE_REPRESENTATION_RELATIONSHIP() );
#13027 = ITEM_DEFINED_TRANSFORMATION('','',#11,#111);
#13028 = PRODUCT_DEFINITION_SHAPE('Placement','Placement of an item',
  #13029);
#13029 = NEXT_ASSEMBLY_USAGE_OCCURRENCE('25','R10','',#5,#5909,$);
#13030 = CONTEXT_DEPENDENT_SHAPE_REPRESENTATION(#13031,#13033);
#13031 = ( REPRESENTATION_RELATIONSHIP('','',#5914,#10) 
REPRESENTATION_RELATIONSHIP_WITH_TRANSFORMATION(#13032) 
SHAPE_REPRESENTATION_RELATIONSHIP() );
#13032 = ITEM_DEFINED_TRANSFORMATION('','',#11,#115);
#13033 = PRODUCT_DEFINITION_SHAPE('Placement','Placement of an item',
  #13034);
#13034 = NEXT_ASSEMBLY_USAGE_OCCURRENCE('26','R14','',#5,#5909,$);
#13035 = CONTEXT_DEPENDENT_SHAPE_REPRESENTATION(#13036,#13038);
#13036 = ( REPRESENTATION_RELATIONSHIP('','',#5914,#10) 
REPRESENTATION_RELATIONSHIP_WITH_TRANSFORMATION(#13037) 
SHAPE_REPRESENTATION_RELATIONSHIP() );
#13037 = ITEM_DEFINED_TRANSFORMATION('','',#11,#119);
#13038 = PRODUCT_DEFINITION_SHAPE('Placement','Placement of an item',
  #13039);
#13039 = NEXT_ASSEMBLY_USAGE_OCCURRENCE('27','R13','',#5,#5909,$);
#13040 = CONTEXT_DEPENDENT_SHAPE_REPRESENTATION(#13041,#13043);
#13041 = ( REPRESENTATION_RELATIONSHIP('','',#5036,#10) 
REPRESENTATION_RELATIONSHIP_WITH_TRANSFORMATION(#13042) 
SHAPE_REPRESENTATION_RELATIONSHIP() );
#13042 = ITEM_DEFINED_TRANSFORMATION('','',#11,#123);
#13043 = PRODUCT_DEFINITION_SHAPE('Placement','Placement of an item',
  #13044);
#13044 = NEXT_ASSEMBLY_USAGE_OCCURRENCE('28','C20','',#5,#5031,$);
#13045 = CONTEXT_DEPENDENT_SHAPE_REPRESENTATION(#13046,#13048);
#13046 = ( REPRESENTATION_RELATIONSHIP('','',#5914,#10) 
REPRESENTATION_RELATIONSHIP_WITH_TRANSFORMATION(#13047) 
SHAPE_REPRESENTATION_RELATIONSHIP() );
#13047 = ITEM_DEFINED_TRANSFORMATION('','',#11,#127);
#13048 = PRODUCT_DEFINITION_SHAPE('Placement','Placement of an item',
  #13049);
#13049 = NEXT_ASSEMBLY_USAGE_OCCURRENCE('29','R11','',#5,#5909,$);
#13050 = SHAPE_DEFINITION_REPRESENTATION(#13051,#13057);
#13051 = PRODUCT_DEFINITION_SHAPE('','',#13052);
#13052 = PRODUCT_DEFINITION('design','',#13053,#13056);
#13053 = PRODUCT_DEFINITION_FORMATION('','',#13054);
#13054 = PRODUCT('Discriminator_PCB','Discriminator_PCB','',(#13055));
#13055 = PRODUCT_CONTEXT('',#2,'mechanical');
#13056 = PRODUCT_DEFINITION_CONTEXT('part definition',#2,'design');
#13057 = ADVANCED_BREP_SHAPE_REPRESENTATION('',(#11,#13058),#16478);
#13058 = MANIFOLD_SOLID_BREP('',#13059);
#13059 = CLOSED_SHELL('',(#13060,#13100,#13131,#13162,#14100,#15038,
    #15055,#15067,#15084,#15101,#15118,#15135,#15152,#15169,#15186,
    #15203,#15220,#15237,#15254,#15271,#15288,#15305,#15322,#15339,
    #15356,#15373,#15390,#15407,#15424,#15441,#15458,#15475,#15492,
    #15509,#15526,#15543,#15560,#15577,#15594,#15611,#15628,#15645,
    #15662,#15679,#15696,#15713,#15730,#15747,#15764,#15781,#15798,
    #15815,#15832,#15849,#15866,#15883,#15900,#15917,#15934,#15951,
    #15968,#15985,#16002,#16019,#16036,#16053,#16070,#16087,#16104,
    #16121,#16138,#16155,#16172,#16189,#16206,#16223,#16240,#16257,
    #16274,#16291,#16308,#16325,#16342,#16359,#16376,#16393,#16410,
    #16427,#16444,#16461));
#13060 = ADVANCED_FACE('',(#13061),#13095,.T.);
#13061 = FACE_BOUND('',#13062,.T.);
#13062 = EDGE_LOOP('',(#13063,#13073,#13081,#13089));
#13063 = ORIENTED_EDGE('',*,*,#13064,.T.);
#13064 = EDGE_CURVE('',#13065,#13067,#13069,.T.);
#13065 = VERTEX_POINT('',#13066);
#13066 = CARTESIAN_POINT('',(180.24495,-127.365553,0.));
#13067 = VERTEX_POINT('',#13068);
#13068 = CARTESIAN_POINT('',(180.24495,-127.365553,1.51));
#13069 = LINE('',#13070,#13071);
#13070 = CARTESIAN_POINT('',(180.24495,-127.365553,0.));
#13071 = VECTOR('',#13072,1.);
#13072 = DIRECTION('',(0.,0.,1.));
#13073 = ORIENTED_EDGE('',*,*,#13074,.T.);
#13074 = EDGE_CURVE('',#13067,#13075,#13077,.T.);
#13075 = VERTEX_POINT('',#13076);
#13076 = CARTESIAN_POINT('',(120.24495,-127.365553,1.51));
#13077 = LINE('',#13078,#13079);
#13078 = CARTESIAN_POINT('',(180.24495,-127.365553,1.51));
#13079 = VECTOR('',#13080,1.);
#13080 = DIRECTION('',(-1.,0.,0.));
#13081 = ORIENTED_EDGE('',*,*,#13082,.F.);
#13082 = EDGE_CURVE('',#13083,#13075,#13085,.T.);
#13083 = VERTEX_POINT('',#13084);
#13084 = CARTESIAN_POINT('',(120.24495,-127.365553,0.));
#13085 = LINE('',#13086,#13087);
#13086 = CARTESIAN_POINT('',(120.24495,-127.365553,0.));
#13087 = VECTOR('',#13088,1.);
#13088 = DIRECTION('',(0.,0.,1.));
#13089 = ORIENTED_EDGE('',*,*,#13090,.F.);
#13090 = EDGE_CURVE('',#13065,#13083,#13091,.T.);
#13091 = LINE('',#13092,#13093);
#13092 = CARTESIAN_POINT('',(180.24495,-127.365553,0.));
#13093 = VECTOR('',#13094,1.);
#13094 = DIRECTION('',(-1.,0.,0.));
#13095 = PLANE('',#13096);
#13096 = AXIS2_PLACEMENT_3D('',#13097,#13098,#13099);
#13097 = CARTESIAN_POINT('',(180.24495,-127.365553,0.));
#13098 = DIRECTION('',(0.,-1.,0.));
#13099 = DIRECTION('',(-1.,0.,0.));
#13100 = ADVANCED_FACE('',(#13101),#13126,.T.);
#13101 = FACE_BOUND('',#13102,.T.);
#13102 = EDGE_LOOP('',(#13103,#13113,#13119,#13120));
#13103 = ORIENTED_EDGE('',*,*,#13104,.T.);
#13104 = EDGE_CURVE('',#13105,#13107,#13109,.T.);
#13105 = VERTEX_POINT('',#13106);
#13106 = CARTESIAN_POINT('',(180.24495,-57.365553,0.));
#13107 = VERTEX_POINT('',#13108);
#13108 = CARTESIAN_POINT('',(180.24495,-57.365553,1.51));
#13109 = LINE('',#13110,#13111);
#13110 = CARTESIAN_POINT('',(180.24495,-57.365553,0.));
#13111 = VECTOR('',#13112,1.);
#13112 = DIRECTION('',(0.,0.,1.));
#13113 = ORIENTED_EDGE('',*,*,#13114,.T.);
#13114 = EDGE_CURVE('',#13107,#13067,#13115,.T.);
#13115 = LINE('',#13116,#13117);
#13116 = CARTESIAN_POINT('',(180.24495,-57.365553,1.51));
#13117 = VECTOR('',#13118,1.);
#13118 = DIRECTION('',(0.,-1.,0.));
#13119 = ORIENTED_EDGE('',*,*,#13064,.F.);
#13120 = ORIENTED_EDGE('',*,*,#13121,.F.);
#13121 = EDGE_CURVE('',#13105,#13065,#13122,.T.);
#13122 = LINE('',#13123,#13124);
#13123 = CARTESIAN_POINT('',(180.24495,-57.365553,0.));
#13124 = VECTOR('',#13125,1.);
#13125 = DIRECTION('',(0.,-1.,0.));
#13126 = PLANE('',#13127);
#13127 = AXIS2_PLACEMENT_3D('',#13128,#13129,#13130);
#13128 = CARTESIAN_POINT('',(180.24495,-57.365553,0.));
#13129 = DIRECTION('',(1.,0.,-0.));
#13130 = DIRECTION('',(0.,-1.,0.));
#13131 = ADVANCED_FACE('',(#13132),#13157,.T.);
#13132 = FACE_BOUND('',#13133,.T.);
#13133 = EDGE_LOOP('',(#13134,#13135,#13143,#13151));
#13134 = ORIENTED_EDGE('',*,*,#13082,.T.);
#13135 = ORIENTED_EDGE('',*,*,#13136,.T.);
#13136 = EDGE_CURVE('',#13075,#13137,#13139,.T.);
#13137 = VERTEX_POINT('',#13138);
#13138 = CARTESIAN_POINT('',(120.25,-57.365553,1.51));
#13139 = LINE('',#13140,#13141);
#13140 = CARTESIAN_POINT('',(120.24495,-127.365553,1.51));
#13141 = VECTOR('',#13142,1.);
#13142 = DIRECTION('',(7.214285695508E-05,0.999999997398,0.));
#13143 = ORIENTED_EDGE('',*,*,#13144,.F.);
#13144 = EDGE_CURVE('',#13145,#13137,#13147,.T.);
#13145 = VERTEX_POINT('',#13146);
#13146 = CARTESIAN_POINT('',(120.25,-57.365553,0.));
#13147 = LINE('',#13148,#13149);
#13148 = CARTESIAN_POINT('',(120.25,-57.365553,0.));
#13149 = VECTOR('',#13150,1.);
#13150 = DIRECTION('',(0.,0.,1.));
#13151 = ORIENTED_EDGE('',*,*,#13152,.F.);
#13152 = EDGE_CURVE('',#13083,#13145,#13153,.T.);
#13153 = LINE('',#13154,#13155);
#13154 = CARTESIAN_POINT('',(120.24495,-127.365553,0.));
#13155 = VECTOR('',#13156,1.);
#13156 = DIRECTION('',(7.214285695508E-05,0.999999997398,0.));
#13157 = PLANE('',#13158);
#13158 = AXIS2_PLACEMENT_3D('',#13159,#13160,#13161);
#13159 = CARTESIAN_POINT('',(120.24495,-127.365553,0.));
#13160 = DIRECTION('',(-0.999999997398,7.214285695508E-05,0.));
#13161 = DIRECTION('',(7.214285695508E-05,0.999999997398,0.));
#13162 = ADVANCED_FACE('',(#13163,#13182,#13193,#13204,#13215,#13226,
    #13237,#13248,#13259,#13270,#13281,#13292,#13303,#13314,#13325,
    #13336,#13347,#13358,#13369,#13380,#13391,#13402,#13413,#13424,
    #13435,#13446,#13457,#13468,#13479,#13490,#13501,#13512,#13523,
    #13534,#13545,#13556,#13567,#13578,#13589,#13600,#13611,#13622,
    #13633,#13644,#13655,#13666,#13677,#13688,#13699,#13710,#13721,
    #13732,#13743,#13754,#13765,#13776,#13787,#13798,#13809,#13820,
    #13831,#13842,#13853,#13864,#13875,#13886,#13897,#13908,#13919,
    #13930,#13941,#13952,#13963,#13974,#13985,#13996,#14007,#14018,
    #14029,#14040,#14051,#14062,#14073,#14084),#14095,.F.);
#13163 = FACE_BOUND('',#13164,.F.);
#13164 = EDGE_LOOP('',(#13165,#13166,#13167,#13175,#13181));
#13165 = ORIENTED_EDGE('',*,*,#13090,.F.);
#13166 = ORIENTED_EDGE('',*,*,#13121,.F.);
#13167 = ORIENTED_EDGE('',*,*,#13168,.F.);
#13168 = EDGE_CURVE('',#13169,#13105,#13171,.T.);
#13169 = VERTEX_POINT('',#13170);
#13170 = CARTESIAN_POINT('',(158.8,-57.365553,0.));
#13171 = LINE('',#13172,#13173);
#13172 = CARTESIAN_POINT('',(158.8,-57.365553,0.));
#13173 = VECTOR('',#13174,1.);
#13174 = DIRECTION('',(1.,0.,0.));
#13175 = ORIENTED_EDGE('',*,*,#13176,.F.);
#13176 = EDGE_CURVE('',#13145,#13169,#13177,.T.);
#13177 = LINE('',#13178,#13179);
#13178 = CARTESIAN_POINT('',(120.25,-57.365553,0.));
#13179 = VECTOR('',#13180,1.);
#13180 = DIRECTION('',(1.,0.,0.));
#13181 = ORIENTED_EDGE('',*,*,#13152,.F.);
#13182 = FACE_BOUND('',#13183,.F.);
#13183 = EDGE_LOOP('',(#13184));
#13184 = ORIENTED_EDGE('',*,*,#13185,.T.);
#13185 = EDGE_CURVE('',#13186,#13186,#13188,.T.);
#13186 = VERTEX_POINT('',#13187);
#13187 = CARTESIAN_POINT('',(130.39495,-117.840553,0.));
#13188 = CIRCLE('',#13189,0.475);
#13189 = AXIS2_PLACEMENT_3D('',#13190,#13191,#13192);
#13190 = CARTESIAN_POINT('',(130.39495,-117.365553,0.));
#13191 = DIRECTION('',(-0.,0.,-1.));
#13192 = DIRECTION('',(-0.,-1.,0.));
#13193 = FACE_BOUND('',#13194,.F.);
#13194 = EDGE_LOOP('',(#13195));
#13195 = ORIENTED_EDGE('',*,*,#13196,.T.);
#13196 = EDGE_CURVE('',#13197,#13197,#13199,.T.);
#13197 = VERTEX_POINT('',#13198);
#13198 = CARTESIAN_POINT('',(130.39495,-115.340553,0.));
#13199 = CIRCLE('',#13200,0.475);
#13200 = AXIS2_PLACEMENT_3D('',#13201,#13202,#13203);
#13201 = CARTESIAN_POINT('',(130.39495,-114.865553,0.));
#13202 = DIRECTION('',(-0.,0.,-1.));
#13203 = DIRECTION('',(-0.,-1.,0.));
#13204 = FACE_BOUND('',#13205,.F.);
#13205 = EDGE_LOOP('',(#13206));
#13206 = ORIENTED_EDGE('',*,*,#13207,.T.);
#13207 = EDGE_CURVE('',#13208,#13208,#13210,.T.);
#13208 = VERTEX_POINT('',#13209);
#13209 = CARTESIAN_POINT('',(130.39495,-112.840553,0.));
#13210 = CIRCLE('',#13211,0.475);
#13211 = AXIS2_PLACEMENT_3D('',#13212,#13213,#13214);
#13212 = CARTESIAN_POINT('',(130.39495,-112.365553,0.));
#13213 = DIRECTION('',(-0.,0.,-1.));
#13214 = DIRECTION('',(-0.,-1.,0.));
#13215 = FACE_BOUND('',#13216,.F.);
#13216 = EDGE_LOOP('',(#13217));
#13217 = ORIENTED_EDGE('',*,*,#13218,.T.);
#13218 = EDGE_CURVE('',#13219,#13219,#13221,.T.);
#13219 = VERTEX_POINT('',#13220);
#13220 = CARTESIAN_POINT('',(130.39495,-110.340553,0.));
#13221 = CIRCLE('',#13222,0.475);
#13222 = AXIS2_PLACEMENT_3D('',#13223,#13224,#13225);
#13223 = CARTESIAN_POINT('',(130.39495,-109.865553,0.));
#13224 = DIRECTION('',(-0.,0.,-1.));
#13225 = DIRECTION('',(-0.,-1.,0.));
#13226 = FACE_BOUND('',#13227,.F.);
#13227 = EDGE_LOOP('',(#13228));
#13228 = ORIENTED_EDGE('',*,*,#13229,.T.);
#13229 = EDGE_CURVE('',#13230,#13230,#13232,.T.);
#13230 = VERTEX_POINT('',#13231);
#13231 = CARTESIAN_POINT('',(142.74495,-117.840553,0.));
#13232 = CIRCLE('',#13233,0.475);
#13233 = AXIS2_PLACEMENT_3D('',#13234,#13235,#13236);
#13234 = CARTESIAN_POINT('',(142.74495,-117.365553,0.));
#13235 = DIRECTION('',(-0.,0.,-1.));
#13236 = DIRECTION('',(-5.983517774822E-14,-1.,0.));
#13237 = FACE_BOUND('',#13238,.F.);
#13238 = EDGE_LOOP('',(#13239));
#13239 = ORIENTED_EDGE('',*,*,#13240,.T.);
#13240 = EDGE_CURVE('',#13241,#13241,#13243,.T.);
#13241 = VERTEX_POINT('',#13242);
#13242 = CARTESIAN_POINT('',(152.74495,-121.253553,0.));
#13243 = CIRCLE('',#13244,0.508);
#13244 = AXIS2_PLACEMENT_3D('',#13245,#13246,#13247);
#13245 = CARTESIAN_POINT('',(152.74495,-120.745553,0.));
#13246 = DIRECTION('',(-0.,0.,-1.));
#13247 = DIRECTION('',(-5.594824691025E-14,-1.,0.));
#13248 = FACE_BOUND('',#13249,.F.);
#13249 = EDGE_LOOP('',(#13250));
#13250 = ORIENTED_EDGE('',*,*,#13251,.T.);
#13251 = EDGE_CURVE('',#13252,#13252,#13254,.T.);
#13252 = VERTEX_POINT('',#13253);
#13253 = CARTESIAN_POINT('',(152.74495,-118.713553,0.));
#13254 = CIRCLE('',#13255,0.508);
#13255 = AXIS2_PLACEMENT_3D('',#13256,#13257,#13258);
#13256 = CARTESIAN_POINT('',(152.74495,-118.205553,0.));
#13257 = DIRECTION('',(-0.,0.,-1.));
#13258 = DIRECTION('',(-5.594824691025E-14,-1.,0.));
#13259 = FACE_BOUND('',#13260,.F.);
#13260 = EDGE_LOOP('',(#13261));
#13261 = ORIENTED_EDGE('',*,*,#13262,.T.);
#13262 = EDGE_CURVE('',#13263,#13263,#13265,.T.);
#13263 = VERTEX_POINT('',#13264);
#13264 = CARTESIAN_POINT('',(142.74495,-115.340553,0.));
#13265 = CIRCLE('',#13266,0.475);
#13266 = AXIS2_PLACEMENT_3D('',#13267,#13268,#13269);
#13267 = CARTESIAN_POINT('',(142.74495,-114.865553,0.));
#13268 = DIRECTION('',(-0.,0.,-1.));
#13269 = DIRECTION('',(-5.983517774822E-14,-1.,0.));
#13270 = FACE_BOUND('',#13271,.F.);
#13271 = EDGE_LOOP('',(#13272));
#13272 = ORIENTED_EDGE('',*,*,#13273,.T.);
#13273 = EDGE_CURVE('',#13274,#13274,#13276,.T.);
#13274 = VERTEX_POINT('',#13275);
#13275 = CARTESIAN_POINT('',(142.74495,-112.840553,0.));
#13276 = CIRCLE('',#13277,0.475);
#13277 = AXIS2_PLACEMENT_3D('',#13278,#13279,#13280);
#13278 = CARTESIAN_POINT('',(142.74495,-112.365553,0.));
#13279 = DIRECTION('',(-0.,0.,-1.));
#13280 = DIRECTION('',(-5.983517774822E-14,-1.,0.));
#13281 = FACE_BOUND('',#13282,.F.);
#13282 = EDGE_LOOP('',(#13283));
#13283 = ORIENTED_EDGE('',*,*,#13284,.T.);
#13284 = EDGE_CURVE('',#13285,#13285,#13287,.T.);
#13285 = VERTEX_POINT('',#13286);
#13286 = CARTESIAN_POINT('',(142.74495,-110.340553,0.));
#13287 = CIRCLE('',#13288,0.475);
#13288 = AXIS2_PLACEMENT_3D('',#13289,#13290,#13291);
#13289 = CARTESIAN_POINT('',(142.74495,-109.865553,0.));
#13290 = DIRECTION('',(-0.,0.,-1.));
#13291 = DIRECTION('',(-5.983517774822E-14,-1.,0.));
#13292 = FACE_BOUND('',#13293,.F.);
#13293 = EDGE_LOOP('',(#13294));
#13294 = ORIENTED_EDGE('',*,*,#13295,.T.);
#13295 = EDGE_CURVE('',#13296,#13296,#13298,.T.);
#13296 = VERTEX_POINT('',#13297);
#13297 = CARTESIAN_POINT('',(152.74495,-116.173553,0.));
#13298 = CIRCLE('',#13299,0.508);
#13299 = AXIS2_PLACEMENT_3D('',#13300,#13301,#13302);
#13300 = CARTESIAN_POINT('',(152.74495,-115.665553,0.));
#13301 = DIRECTION('',(-0.,0.,-1.));
#13302 = DIRECTION('',(-5.594824691025E-14,-1.,0.));
#13303 = FACE_BOUND('',#13304,.F.);
#13304 = EDGE_LOOP('',(#13305));
#13305 = ORIENTED_EDGE('',*,*,#13306,.T.);
#13306 = EDGE_CURVE('',#13307,#13307,#13309,.T.);
#13307 = VERTEX_POINT('',#13308);
#13308 = CARTESIAN_POINT('',(152.74495,-113.633553,0.));
#13309 = CIRCLE('',#13310,0.508);
#13310 = AXIS2_PLACEMENT_3D('',#13311,#13312,#13313);
#13311 = CARTESIAN_POINT('',(152.74495,-113.125553,0.));
#13312 = DIRECTION('',(-0.,0.,-1.));
#13313 = DIRECTION('',(-5.594824691025E-14,-1.,0.));
#13314 = FACE_BOUND('',#13315,.F.);
#13315 = EDGE_LOOP('',(#13316));
#13316 = ORIENTED_EDGE('',*,*,#13317,.T.);
#13317 = EDGE_CURVE('',#13318,#13318,#13320,.T.);
#13318 = VERTEX_POINT('',#13319);
#13319 = CARTESIAN_POINT('',(152.74495,-111.093553,0.));
#13320 = CIRCLE('',#13321,0.508);
#13321 = AXIS2_PLACEMENT_3D('',#13322,#13323,#13324);
#13322 = CARTESIAN_POINT('',(152.74495,-110.585553,0.));
#13323 = DIRECTION('',(-0.,0.,-1.));
#13324 = DIRECTION('',(-5.594824691025E-14,-1.,0.));
#13325 = FACE_BOUND('',#13326,.F.);
#13326 = EDGE_LOOP('',(#13327));
#13327 = ORIENTED_EDGE('',*,*,#13328,.T.);
#13328 = EDGE_CURVE('',#13329,#13329,#13331,.T.);
#13329 = VERTEX_POINT('',#13330);
#13330 = CARTESIAN_POINT('',(130.39495,-107.840553,0.));
#13331 = CIRCLE('',#13332,0.475);
#13332 = AXIS2_PLACEMENT_3D('',#13333,#13334,#13335);
#13333 = CARTESIAN_POINT('',(130.39495,-107.365553,0.));
#13334 = DIRECTION('',(-0.,0.,-1.));
#13335 = DIRECTION('',(-0.,-1.,0.));
#13336 = FACE_BOUND('',#13337,.F.);
#13337 = EDGE_LOOP('',(#13338));
#13338 = ORIENTED_EDGE('',*,*,#13339,.T.);
#13339 = EDGE_CURVE('',#13340,#13340,#13342,.T.);
#13340 = VERTEX_POINT('',#13341);
#13341 = CARTESIAN_POINT('',(130.39495,-95.340553,0.));
#13342 = CIRCLE('',#13343,0.475);
#13343 = AXIS2_PLACEMENT_3D('',#13344,#13345,#13346);
#13344 = CARTESIAN_POINT('',(130.39495,-94.865553,0.));
#13345 = DIRECTION('',(-0.,0.,-1.));
#13346 = DIRECTION('',(-0.,-1.,0.));
#13347 = FACE_BOUND('',#13348,.F.);
#13348 = EDGE_LOOP('',(#13349));
#13349 = ORIENTED_EDGE('',*,*,#13350,.T.);
#13350 = EDGE_CURVE('',#13351,#13351,#13353,.T.);
#13351 = VERTEX_POINT('',#13352);
#13352 = CARTESIAN_POINT('',(142.74495,-107.840553,0.));
#13353 = CIRCLE('',#13354,0.475);
#13354 = AXIS2_PLACEMENT_3D('',#13355,#13356,#13357);
#13355 = CARTESIAN_POINT('',(142.74495,-107.365553,0.));
#13356 = DIRECTION('',(-0.,0.,-1.));
#13357 = DIRECTION('',(-5.983517774822E-14,-1.,0.));
#13358 = FACE_BOUND('',#13359,.F.);
#13359 = EDGE_LOOP('',(#13360));
#13360 = ORIENTED_EDGE('',*,*,#13361,.T.);
#13361 = EDGE_CURVE('',#13362,#13362,#13364,.T.);
#13362 = VERTEX_POINT('',#13363);
#13363 = CARTESIAN_POINT('',(152.74495,-108.553553,0.));
#13364 = CIRCLE('',#13365,0.508);
#13365 = AXIS2_PLACEMENT_3D('',#13366,#13367,#13368);
#13366 = CARTESIAN_POINT('',(152.74495,-108.045553,0.));
#13367 = DIRECTION('',(-0.,0.,-1.));
#13368 = DIRECTION('',(-5.594824691025E-14,-1.,0.));
#13369 = FACE_BOUND('',#13370,.F.);
#13370 = EDGE_LOOP('',(#13371));
#13371 = ORIENTED_EDGE('',*,*,#13372,.T.);
#13372 = EDGE_CURVE('',#13373,#13373,#13375,.T.);
#13373 = VERTEX_POINT('',#13374);
#13374 = CARTESIAN_POINT('',(152.74495,-106.013553,0.));
#13375 = CIRCLE('',#13376,0.508);
#13376 = AXIS2_PLACEMENT_3D('',#13377,#13378,#13379);
#13377 = CARTESIAN_POINT('',(152.74495,-105.505553,0.));
#13378 = DIRECTION('',(-0.,0.,-1.));
#13379 = DIRECTION('',(-5.594824691025E-14,-1.,0.));
#13380 = FACE_BOUND('',#13381,.F.);
#13381 = EDGE_LOOP('',(#13382));
#13382 = ORIENTED_EDGE('',*,*,#13383,.T.);
#13383 = EDGE_CURVE('',#13384,#13384,#13386,.T.);
#13384 = VERTEX_POINT('',#13385);
#13385 = CARTESIAN_POINT('',(152.74495,-103.473553,0.));
#13386 = CIRCLE('',#13387,0.508);
#13387 = AXIS2_PLACEMENT_3D('',#13388,#13389,#13390);
#13388 = CARTESIAN_POINT('',(152.74495,-102.965553,0.));
#13389 = DIRECTION('',(-0.,0.,-1.));
#13390 = DIRECTION('',(-5.594824691025E-14,-1.,0.));
#13391 = FACE_BOUND('',#13392,.F.);
#13392 = EDGE_LOOP('',(#13393));
#13393 = ORIENTED_EDGE('',*,*,#13394,.T.);
#13394 = EDGE_CURVE('',#13395,#13395,#13397,.T.);
#13395 = VERTEX_POINT('',#13396);
#13396 = CARTESIAN_POINT('',(142.74495,-95.340553,0.));
#13397 = CIRCLE('',#13398,0.475);
#13398 = AXIS2_PLACEMENT_3D('',#13399,#13400,#13401);
#13399 = CARTESIAN_POINT('',(142.74495,-94.865553,0.));
#13400 = DIRECTION('',(-0.,0.,-1.));
#13401 = DIRECTION('',(-5.983517774822E-14,-1.,0.));
#13402 = FACE_BOUND('',#13403,.F.);
#13403 = EDGE_LOOP('',(#13404));
#13404 = ORIENTED_EDGE('',*,*,#13405,.T.);
#13405 = EDGE_CURVE('',#13406,#13406,#13408,.T.);
#13406 = VERTEX_POINT('',#13407);
#13407 = CARTESIAN_POINT('',(152.74495,-100.933553,0.));
#13408 = CIRCLE('',#13409,0.508);
#13409 = AXIS2_PLACEMENT_3D('',#13410,#13411,#13412);
#13410 = CARTESIAN_POINT('',(152.74495,-100.425553,0.));
#13411 = DIRECTION('',(-0.,0.,-1.));
#13412 = DIRECTION('',(-5.594824691025E-14,-1.,0.));
#13413 = FACE_BOUND('',#13414,.F.);
#13414 = EDGE_LOOP('',(#13415));
#13415 = ORIENTED_EDGE('',*,*,#13416,.T.);
#13416 = EDGE_CURVE('',#13417,#13417,#13419,.T.);
#13417 = VERTEX_POINT('',#13418);
#13418 = CARTESIAN_POINT('',(152.74495,-98.393553,0.));
#13419 = CIRCLE('',#13420,0.508);
#13420 = AXIS2_PLACEMENT_3D('',#13421,#13422,#13423);
#13421 = CARTESIAN_POINT('',(152.74495,-97.885553,0.));
#13422 = DIRECTION('',(-0.,0.,-1.));
#13423 = DIRECTION('',(-5.594824691025E-14,-1.,0.));
#13424 = FACE_BOUND('',#13425,.F.);
#13425 = EDGE_LOOP('',(#13426));
#13426 = ORIENTED_EDGE('',*,*,#13427,.T.);
#13427 = EDGE_CURVE('',#13428,#13428,#13430,.T.);
#13428 = VERTEX_POINT('',#13429);
#13429 = CARTESIAN_POINT('',(152.74495,-95.853553,0.));
#13430 = CIRCLE('',#13431,0.508);
#13431 = AXIS2_PLACEMENT_3D('',#13432,#13433,#13434);
#13432 = CARTESIAN_POINT('',(152.74495,-95.345553,0.));
#13433 = DIRECTION('',(-0.,0.,-1.));
#13434 = DIRECTION('',(-5.594824691025E-14,-1.,0.));
#13435 = FACE_BOUND('',#13436,.F.);
#13436 = EDGE_LOOP('',(#13437));
#13437 = ORIENTED_EDGE('',*,*,#13438,.T.);
#13438 = EDGE_CURVE('',#13439,#13439,#13441,.T.);
#13439 = VERTEX_POINT('',#13440);
#13440 = CARTESIAN_POINT('',(167.98495,-121.253553,0.));
#13441 = CIRCLE('',#13442,0.508);
#13442 = AXIS2_PLACEMENT_3D('',#13443,#13444,#13445);
#13443 = CARTESIAN_POINT('',(167.98495,-120.745553,0.));
#13444 = DIRECTION('',(-0.,0.,-1.));
#13445 = DIRECTION('',(-0.,-1.,0.));
#13446 = FACE_BOUND('',#13447,.F.);
#13447 = EDGE_LOOP('',(#13448));
#13448 = ORIENTED_EDGE('',*,*,#13449,.T.);
#13449 = EDGE_CURVE('',#13450,#13450,#13452,.T.);
#13450 = VERTEX_POINT('',#13451);
#13451 = CARTESIAN_POINT('',(167.98495,-118.713553,0.));
#13452 = CIRCLE('',#13453,0.508);
#13453 = AXIS2_PLACEMENT_3D('',#13454,#13455,#13456);
#13454 = CARTESIAN_POINT('',(167.98495,-118.205553,0.));
#13455 = DIRECTION('',(-0.,0.,-1.));
#13456 = DIRECTION('',(-0.,-1.,0.));
#13457 = FACE_BOUND('',#13458,.F.);
#13458 = EDGE_LOOP('',(#13459));
#13459 = ORIENTED_EDGE('',*,*,#13460,.T.);
#13460 = EDGE_CURVE('',#13461,#13461,#13463,.T.);
#13461 = VERTEX_POINT('',#13462);
#13462 = CARTESIAN_POINT('',(172.25,-124.9,0.));
#13463 = CIRCLE('',#13464,0.4);
#13464 = AXIS2_PLACEMENT_3D('',#13465,#13466,#13467);
#13465 = CARTESIAN_POINT('',(172.25,-124.5,0.));
#13466 = DIRECTION('',(-0.,0.,-1.));
#13467 = DIRECTION('',(-0.,-1.,0.));
#13468 = FACE_BOUND('',#13469,.F.);
#13469 = EDGE_LOOP('',(#13470));
#13470 = ORIENTED_EDGE('',*,*,#13471,.T.);
#13471 = EDGE_CURVE('',#13472,#13472,#13474,.T.);
#13472 = VERTEX_POINT('',#13473);
#13473 = CARTESIAN_POINT('',(177.33,-122.36,0.));
#13474 = CIRCLE('',#13475,0.4);
#13475 = AXIS2_PLACEMENT_3D('',#13476,#13477,#13478);
#13476 = CARTESIAN_POINT('',(177.33,-121.96,0.));
#13477 = DIRECTION('',(-0.,0.,-1.));
#13478 = DIRECTION('',(7.105427357601E-14,-1.,-0.));
#13479 = FACE_BOUND('',#13480,.F.);
#13480 = EDGE_LOOP('',(#13481));
#13481 = ORIENTED_EDGE('',*,*,#13482,.T.);
#13482 = EDGE_CURVE('',#13483,#13483,#13485,.T.);
#13483 = VERTEX_POINT('',#13484);
#13484 = CARTESIAN_POINT('',(172.25,-119.82,0.));
#13485 = CIRCLE('',#13486,0.4);
#13486 = AXIS2_PLACEMENT_3D('',#13487,#13488,#13489);
#13487 = CARTESIAN_POINT('',(172.25,-119.42,0.));
#13488 = DIRECTION('',(-0.,0.,-1.));
#13489 = DIRECTION('',(-0.,-1.,0.));
#13490 = FACE_BOUND('',#13491,.F.);
#13491 = EDGE_LOOP('',(#13492));
#13492 = ORIENTED_EDGE('',*,*,#13493,.T.);
#13493 = EDGE_CURVE('',#13494,#13494,#13496,.T.);
#13494 = VERTEX_POINT('',#13495);
#13495 = CARTESIAN_POINT('',(167.98495,-116.173553,0.));
#13496 = CIRCLE('',#13497,0.508);
#13497 = AXIS2_PLACEMENT_3D('',#13498,#13499,#13500);
#13498 = CARTESIAN_POINT('',(167.98495,-115.665553,0.));
#13499 = DIRECTION('',(-0.,0.,-1.));
#13500 = DIRECTION('',(-0.,-1.,0.));
#13501 = FACE_BOUND('',#13502,.F.);
#13502 = EDGE_LOOP('',(#13503));
#13503 = ORIENTED_EDGE('',*,*,#13504,.T.);
#13504 = EDGE_CURVE('',#13505,#13505,#13507,.T.);
#13505 = VERTEX_POINT('',#13506);
#13506 = CARTESIAN_POINT('',(167.98495,-113.633553,0.));
#13507 = CIRCLE('',#13508,0.508);
#13508 = AXIS2_PLACEMENT_3D('',#13509,#13510,#13511);
#13509 = CARTESIAN_POINT('',(167.98495,-113.125553,0.));
#13510 = DIRECTION('',(-0.,0.,-1.));
#13511 = DIRECTION('',(-0.,-1.,0.));
#13512 = FACE_BOUND('',#13513,.F.);
#13513 = EDGE_LOOP('',(#13514));
#13514 = ORIENTED_EDGE('',*,*,#13515,.T.);
#13515 = EDGE_CURVE('',#13516,#13516,#13518,.T.);
#13516 = VERTEX_POINT('',#13517);
#13517 = CARTESIAN_POINT('',(167.98495,-111.093553,0.));
#13518 = CIRCLE('',#13519,0.508);
#13519 = AXIS2_PLACEMENT_3D('',#13520,#13521,#13522);
#13520 = CARTESIAN_POINT('',(167.98495,-110.585553,0.));
#13521 = DIRECTION('',(-0.,0.,-1.));
#13522 = DIRECTION('',(-0.,-1.,0.));
#13523 = FACE_BOUND('',#13524,.F.);
#13524 = EDGE_LOOP('',(#13525));
#13525 = ORIENTED_EDGE('',*,*,#13526,.T.);
#13526 = EDGE_CURVE('',#13527,#13527,#13529,.T.);
#13527 = VERTEX_POINT('',#13528);
#13528 = CARTESIAN_POINT('',(155.28495,-108.553553,0.));
#13529 = CIRCLE('',#13530,0.508);
#13530 = AXIS2_PLACEMENT_3D('',#13531,#13532,#13533);
#13531 = CARTESIAN_POINT('',(155.28495,-108.045553,0.));
#13532 = DIRECTION('',(-0.,0.,-1.));
#13533 = DIRECTION('',(5.594824691024E-14,-1.,-0.));
#13534 = FACE_BOUND('',#13535,.F.);
#13535 = EDGE_LOOP('',(#13536));
#13536 = ORIENTED_EDGE('',*,*,#13537,.T.);
#13537 = EDGE_CURVE('',#13538,#13538,#13540,.T.);
#13538 = VERTEX_POINT('',#13539);
#13539 = CARTESIAN_POINT('',(157.82495,-108.553553,0.));
#13540 = CIRCLE('',#13541,0.508);
#13541 = AXIS2_PLACEMENT_3D('',#13542,#13543,#13544);
#13542 = CARTESIAN_POINT('',(157.82495,-108.045553,0.));
#13543 = DIRECTION('',(-0.,0.,-1.));
#13544 = DIRECTION('',(-0.,-1.,0.));
#13545 = FACE_BOUND('',#13546,.F.);
#13546 = EDGE_LOOP('',(#13547));
#13547 = ORIENTED_EDGE('',*,*,#13548,.T.);
#13548 = EDGE_CURVE('',#13549,#13549,#13551,.T.);
#13549 = VERTEX_POINT('',#13550);
#13550 = CARTESIAN_POINT('',(167.98495,-108.553553,0.));
#13551 = CIRCLE('',#13552,0.508);
#13552 = AXIS2_PLACEMENT_3D('',#13553,#13554,#13555);
#13553 = CARTESIAN_POINT('',(167.98495,-108.045553,0.));
#13554 = DIRECTION('',(-0.,0.,-1.));
#13555 = DIRECTION('',(-0.,-1.,0.));
#13556 = FACE_BOUND('',#13557,.F.);
#13557 = EDGE_LOOP('',(#13558));
#13558 = ORIENTED_EDGE('',*,*,#13559,.T.);
#13559 = EDGE_CURVE('',#13560,#13560,#13562,.T.);
#13560 = VERTEX_POINT('',#13561);
#13561 = CARTESIAN_POINT('',(167.98495,-106.013553,0.));
#13562 = CIRCLE('',#13563,0.508);
#13563 = AXIS2_PLACEMENT_3D('',#13564,#13565,#13566);
#13564 = CARTESIAN_POINT('',(167.98495,-105.505553,0.));
#13565 = DIRECTION('',(-0.,0.,-1.));
#13566 = DIRECTION('',(-0.,-1.,0.));
#13567 = FACE_BOUND('',#13568,.F.);
#13568 = EDGE_LOOP('',(#13569));
#13569 = ORIENTED_EDGE('',*,*,#13570,.T.);
#13570 = EDGE_CURVE('',#13571,#13571,#13573,.T.);
#13571 = VERTEX_POINT('',#13572);
#13572 = CARTESIAN_POINT('',(167.98495,-103.473553,0.));
#13573 = CIRCLE('',#13574,0.508);
#13574 = AXIS2_PLACEMENT_3D('',#13575,#13576,#13577);
#13575 = CARTESIAN_POINT('',(167.98495,-102.965553,0.));
#13576 = DIRECTION('',(-0.,0.,-1.));
#13577 = DIRECTION('',(-0.,-1.,0.));
#13578 = FACE_BOUND('',#13579,.F.);
#13579 = EDGE_LOOP('',(#13580));
#13580 = ORIENTED_EDGE('',*,*,#13581,.T.);
#13581 = EDGE_CURVE('',#13582,#13582,#13584,.T.);
#13582 = VERTEX_POINT('',#13583);
#13583 = CARTESIAN_POINT('',(167.98495,-100.933553,0.));
#13584 = CIRCLE('',#13585,0.508);
#13585 = AXIS2_PLACEMENT_3D('',#13586,#13587,#13588);
#13586 = CARTESIAN_POINT('',(167.98495,-100.425553,0.));
#13587 = DIRECTION('',(-0.,0.,-1.));
#13588 = DIRECTION('',(-0.,-1.,0.));
#13589 = FACE_BOUND('',#13590,.F.);
#13590 = EDGE_LOOP('',(#13591));
#13591 = ORIENTED_EDGE('',*,*,#13592,.T.);
#13592 = EDGE_CURVE('',#13593,#13593,#13595,.T.);
#13593 = VERTEX_POINT('',#13594);
#13594 = CARTESIAN_POINT('',(167.98495,-98.393553,0.));
#13595 = CIRCLE('',#13596,0.508);
#13596 = AXIS2_PLACEMENT_3D('',#13597,#13598,#13599);
#13597 = CARTESIAN_POINT('',(167.98495,-97.885553,0.));
#13598 = DIRECTION('',(-0.,0.,-1.));
#13599 = DIRECTION('',(-0.,-1.,0.));
#13600 = FACE_BOUND('',#13601,.F.);
#13601 = EDGE_LOOP('',(#13602));
#13602 = ORIENTED_EDGE('',*,*,#13603,.T.);
#13603 = EDGE_CURVE('',#13604,#13604,#13606,.T.);
#13604 = VERTEX_POINT('',#13605);
#13605 = CARTESIAN_POINT('',(167.98495,-95.853553,0.));
#13606 = CIRCLE('',#13607,0.508);
#13607 = AXIS2_PLACEMENT_3D('',#13608,#13609,#13610);
#13608 = CARTESIAN_POINT('',(167.98495,-95.345553,0.));
#13609 = DIRECTION('',(-0.,0.,-1.));
#13610 = DIRECTION('',(-0.,-1.,0.));
#13611 = FACE_BOUND('',#13612,.F.);
#13612 = EDGE_LOOP('',(#13613));
#13613 = ORIENTED_EDGE('',*,*,#13614,.T.);
#13614 = EDGE_CURVE('',#13615,#13615,#13617,.T.);
#13615 = VERTEX_POINT('',#13616);
#13616 = CARTESIAN_POINT('',(130.39495,-92.840553,0.));
#13617 = CIRCLE('',#13618,0.475);
#13618 = AXIS2_PLACEMENT_3D('',#13619,#13620,#13621);
#13619 = CARTESIAN_POINT('',(130.39495,-92.365553,0.));
#13620 = DIRECTION('',(-0.,0.,-1.));
#13621 = DIRECTION('',(-0.,-1.,0.));
#13622 = FACE_BOUND('',#13623,.F.);
#13623 = EDGE_LOOP('',(#13624));
#13624 = ORIENTED_EDGE('',*,*,#13625,.T.);
#13625 = EDGE_CURVE('',#13626,#13626,#13628,.T.);
#13626 = VERTEX_POINT('',#13627);
#13627 = CARTESIAN_POINT('',(130.39495,-90.340553,0.));
#13628 = CIRCLE('',#13629,0.475);
#13629 = AXIS2_PLACEMENT_3D('',#13630,#13631,#13632);
#13630 = CARTESIAN_POINT('',(130.39495,-89.865553,0.));
#13631 = DIRECTION('',(-0.,0.,-1.));
#13632 = DIRECTION('',(-0.,-1.,0.));
#13633 = FACE_BOUND('',#13634,.F.);
#13634 = EDGE_LOOP('',(#13635));
#13635 = ORIENTED_EDGE('',*,*,#13636,.T.);
#13636 = EDGE_CURVE('',#13637,#13637,#13639,.T.);
#13637 = VERTEX_POINT('',#13638);
#13638 = CARTESIAN_POINT('',(130.39495,-87.840553,0.));
#13639 = CIRCLE('',#13640,0.475);
#13640 = AXIS2_PLACEMENT_3D('',#13641,#13642,#13643);
#13641 = CARTESIAN_POINT('',(130.39495,-87.365553,0.));
#13642 = DIRECTION('',(-0.,0.,-1.));
#13643 = DIRECTION('',(-0.,-1.,0.));
#13644 = FACE_BOUND('',#13645,.F.);
#13645 = EDGE_LOOP('',(#13646));
#13646 = ORIENTED_EDGE('',*,*,#13647,.T.);
#13647 = EDGE_CURVE('',#13648,#13648,#13650,.T.);
#13648 = VERTEX_POINT('',#13649);
#13649 = CARTESIAN_POINT('',(130.39495,-85.340553,0.));
#13650 = CIRCLE('',#13651,0.475);
#13651 = AXIS2_PLACEMENT_3D('',#13652,#13653,#13654);
#13652 = CARTESIAN_POINT('',(130.39495,-84.865553,0.));
#13653 = DIRECTION('',(-0.,0.,-1.));
#13654 = DIRECTION('',(-0.,-1.,0.));
#13655 = FACE_BOUND('',#13656,.F.);
#13656 = EDGE_LOOP('',(#13657));
#13657 = ORIENTED_EDGE('',*,*,#13658,.T.);
#13658 = EDGE_CURVE('',#13659,#13659,#13661,.T.);
#13659 = VERTEX_POINT('',#13660);
#13660 = CARTESIAN_POINT('',(142.74495,-92.840553,0.));
#13661 = CIRCLE('',#13662,0.475);
#13662 = AXIS2_PLACEMENT_3D('',#13663,#13664,#13665);
#13663 = CARTESIAN_POINT('',(142.74495,-92.365553,0.));
#13664 = DIRECTION('',(-0.,0.,-1.));
#13665 = DIRECTION('',(-5.983517774822E-14,-1.,0.));
#13666 = FACE_BOUND('',#13667,.F.);
#13667 = EDGE_LOOP('',(#13668));
#13668 = ORIENTED_EDGE('',*,*,#13669,.T.);
#13669 = EDGE_CURVE('',#13670,#13670,#13672,.T.);
#13670 = VERTEX_POINT('',#13671);
#13671 = CARTESIAN_POINT('',(142.74495,-90.340553,0.));
#13672 = CIRCLE('',#13673,0.475);
#13673 = AXIS2_PLACEMENT_3D('',#13674,#13675,#13676);
#13674 = CARTESIAN_POINT('',(142.74495,-89.865553,0.));
#13675 = DIRECTION('',(-0.,0.,-1.));
#13676 = DIRECTION('',(-5.983517774822E-14,-1.,0.));
#13677 = FACE_BOUND('',#13678,.F.);
#13678 = EDGE_LOOP('',(#13679));
#13679 = ORIENTED_EDGE('',*,*,#13680,.T.);
#13680 = EDGE_CURVE('',#13681,#13681,#13683,.T.);
#13681 = VERTEX_POINT('',#13682);
#13682 = CARTESIAN_POINT('',(142.74495,-87.840553,0.));
#13683 = CIRCLE('',#13684,0.475);
#13684 = AXIS2_PLACEMENT_3D('',#13685,#13686,#13687);
#13685 = CARTESIAN_POINT('',(142.74495,-87.365553,0.));
#13686 = DIRECTION('',(-0.,0.,-1.));
#13687 = DIRECTION('',(-5.983517774822E-14,-1.,0.));
#13688 = FACE_BOUND('',#13689,.F.);
#13689 = EDGE_LOOP('',(#13690));
#13690 = ORIENTED_EDGE('',*,*,#13691,.T.);
#13691 = EDGE_CURVE('',#13692,#13692,#13694,.T.);
#13692 = VERTEX_POINT('',#13693);
#13693 = CARTESIAN_POINT('',(152.74495,-93.313553,0.));
#13694 = CIRCLE('',#13695,0.508);
#13695 = AXIS2_PLACEMENT_3D('',#13696,#13697,#13698);
#13696 = CARTESIAN_POINT('',(152.74495,-92.805553,0.));
#13697 = DIRECTION('',(-0.,0.,-1.));
#13698 = DIRECTION('',(-5.594824691025E-14,-1.,0.));
#13699 = FACE_BOUND('',#13700,.F.);
#13700 = EDGE_LOOP('',(#13701));
#13701 = ORIENTED_EDGE('',*,*,#13702,.T.);
#13702 = EDGE_CURVE('',#13703,#13703,#13705,.T.);
#13703 = VERTEX_POINT('',#13704);
#13704 = CARTESIAN_POINT('',(152.74495,-90.773553,0.));
#13705 = CIRCLE('',#13706,0.508);
#13706 = AXIS2_PLACEMENT_3D('',#13707,#13708,#13709);
#13707 = CARTESIAN_POINT('',(152.74495,-90.265553,0.));
#13708 = DIRECTION('',(-0.,0.,-1.));
#13709 = DIRECTION('',(-5.594824691025E-14,-1.,0.));
#13710 = FACE_BOUND('',#13711,.F.);
#13711 = EDGE_LOOP('',(#13712));
#13712 = ORIENTED_EDGE('',*,*,#13713,.T.);
#13713 = EDGE_CURVE('',#13714,#13714,#13716,.T.);
#13714 = VERTEX_POINT('',#13715);
#13715 = CARTESIAN_POINT('',(152.74495,-88.233553,0.));
#13716 = CIRCLE('',#13717,0.508);
#13717 = AXIS2_PLACEMENT_3D('',#13718,#13719,#13720);
#13718 = CARTESIAN_POINT('',(152.74495,-87.725553,0.));
#13719 = DIRECTION('',(-0.,0.,-1.));
#13720 = DIRECTION('',(-5.594824691025E-14,-1.,0.));
#13721 = FACE_BOUND('',#13722,.F.);
#13722 = EDGE_LOOP('',(#13723));
#13723 = ORIENTED_EDGE('',*,*,#13724,.T.);
#13724 = EDGE_CURVE('',#13725,#13725,#13727,.T.);
#13725 = VERTEX_POINT('',#13726);
#13726 = CARTESIAN_POINT('',(142.74495,-85.340553,0.));
#13727 = CIRCLE('',#13728,0.475);
#13728 = AXIS2_PLACEMENT_3D('',#13729,#13730,#13731);
#13729 = CARTESIAN_POINT('',(142.74495,-84.865553,0.));
#13730 = DIRECTION('',(-0.,0.,-1.));
#13731 = DIRECTION('',(-5.983517774822E-14,-1.,0.));
#13732 = FACE_BOUND('',#13733,.F.);
#13733 = EDGE_LOOP('',(#13734));
#13734 = ORIENTED_EDGE('',*,*,#13735,.T.);
#13735 = EDGE_CURVE('',#13736,#13736,#13738,.T.);
#13736 = VERTEX_POINT('',#13737);
#13737 = CARTESIAN_POINT('',(152.74495,-85.693553,0.));
#13738 = CIRCLE('',#13739,0.508);
#13739 = AXIS2_PLACEMENT_3D('',#13740,#13741,#13742);
#13740 = CARTESIAN_POINT('',(152.74495,-85.185553,0.));
#13741 = DIRECTION('',(-0.,0.,-1.));
#13742 = DIRECTION('',(-5.594824691025E-14,-1.,0.));
#13743 = FACE_BOUND('',#13744,.F.);
#13744 = EDGE_LOOP('',(#13745));
#13745 = ORIENTED_EDGE('',*,*,#13746,.T.);
#13746 = EDGE_CURVE('',#13747,#13747,#13749,.T.);
#13747 = VERTEX_POINT('',#13748);
#13748 = CARTESIAN_POINT('',(152.74495,-83.153553,0.));
#13749 = CIRCLE('',#13750,0.508);
#13750 = AXIS2_PLACEMENT_3D('',#13751,#13752,#13753);
#13751 = CARTESIAN_POINT('',(152.74495,-82.645553,0.));
#13752 = DIRECTION('',(-0.,0.,-1.));
#13753 = DIRECTION('',(-5.594824691025E-14,-1.,0.));
#13754 = FACE_BOUND('',#13755,.F.);
#13755 = EDGE_LOOP('',(#13756));
#13756 = ORIENTED_EDGE('',*,*,#13757,.T.);
#13757 = EDGE_CURVE('',#13758,#13758,#13760,.T.);
#13758 = VERTEX_POINT('',#13759);
#13759 = CARTESIAN_POINT('',(152.74495,-80.613553,0.));
#13760 = CIRCLE('',#13761,0.508);
#13761 = AXIS2_PLACEMENT_3D('',#13762,#13763,#13764);
#13762 = CARTESIAN_POINT('',(152.74495,-80.105553,0.));
#13763 = DIRECTION('',(-0.,0.,-1.));
#13764 = DIRECTION('',(-5.594824691025E-14,-1.,0.));
#13765 = FACE_BOUND('',#13766,.F.);
#13766 = EDGE_LOOP('',(#13767));
#13767 = ORIENTED_EDGE('',*,*,#13768,.T.);
#13768 = EDGE_CURVE('',#13769,#13769,#13771,.T.);
#13769 = VERTEX_POINT('',#13770);
#13770 = CARTESIAN_POINT('',(130.39495,-72.840553,0.));
#13771 = CIRCLE('',#13772,0.475);
#13772 = AXIS2_PLACEMENT_3D('',#13773,#13774,#13775);
#13773 = CARTESIAN_POINT('',(130.39495,-72.365553,0.));
#13774 = DIRECTION('',(-0.,0.,-1.));
#13775 = DIRECTION('',(-0.,-1.,0.));
#13776 = FACE_BOUND('',#13777,.F.);
#13777 = EDGE_LOOP('',(#13778));
#13778 = ORIENTED_EDGE('',*,*,#13779,.T.);
#13779 = EDGE_CURVE('',#13780,#13780,#13782,.T.);
#13780 = VERTEX_POINT('',#13781);
#13781 = CARTESIAN_POINT('',(130.39495,-70.340553,0.));
#13782 = CIRCLE('',#13783,0.475);
#13783 = AXIS2_PLACEMENT_3D('',#13784,#13785,#13786);
#13784 = CARTESIAN_POINT('',(130.39495,-69.865553,0.));
#13785 = DIRECTION('',(-0.,0.,-1.));
#13786 = DIRECTION('',(-0.,-1.,0.));
#13787 = FACE_BOUND('',#13788,.F.);
#13788 = EDGE_LOOP('',(#13789));
#13789 = ORIENTED_EDGE('',*,*,#13790,.T.);
#13790 = EDGE_CURVE('',#13791,#13791,#13793,.T.);
#13791 = VERTEX_POINT('',#13792);
#13792 = CARTESIAN_POINT('',(130.39495,-67.840553,0.));
#13793 = CIRCLE('',#13794,0.475);
#13794 = AXIS2_PLACEMENT_3D('',#13795,#13796,#13797);
#13795 = CARTESIAN_POINT('',(130.39495,-67.365553,0.));
#13796 = DIRECTION('',(-0.,0.,-1.));
#13797 = DIRECTION('',(-0.,-1.,0.));
#13798 = FACE_BOUND('',#13799,.F.);
#13799 = EDGE_LOOP('',(#13800));
#13800 = ORIENTED_EDGE('',*,*,#13801,.T.);
#13801 = EDGE_CURVE('',#13802,#13802,#13804,.T.);
#13802 = VERTEX_POINT('',#13803);
#13803 = CARTESIAN_POINT('',(130.39495,-65.340553,0.));
#13804 = CIRCLE('',#13805,0.475);
#13805 = AXIS2_PLACEMENT_3D('',#13806,#13807,#13808);
#13806 = CARTESIAN_POINT('',(130.39495,-64.865553,0.));
#13807 = DIRECTION('',(-0.,0.,-1.));
#13808 = DIRECTION('',(-0.,-1.,0.));
#13809 = FACE_BOUND('',#13810,.F.);
#13810 = EDGE_LOOP('',(#13811));
#13811 = ORIENTED_EDGE('',*,*,#13812,.T.);
#13812 = EDGE_CURVE('',#13813,#13813,#13815,.T.);
#13813 = VERTEX_POINT('',#13814);
#13814 = CARTESIAN_POINT('',(130.39495,-62.840553,0.));
#13815 = CIRCLE('',#13816,0.475);
#13816 = AXIS2_PLACEMENT_3D('',#13817,#13818,#13819);
#13817 = CARTESIAN_POINT('',(130.39495,-62.365553,0.));
#13818 = DIRECTION('',(-0.,0.,-1.));
#13819 = DIRECTION('',(-0.,-1.,0.));
#13820 = FACE_BOUND('',#13821,.F.);
#13821 = EDGE_LOOP('',(#13822));
#13822 = ORIENTED_EDGE('',*,*,#13823,.T.);
#13823 = EDGE_CURVE('',#13824,#13824,#13826,.T.);
#13824 = VERTEX_POINT('',#13825);
#13825 = CARTESIAN_POINT('',(142.74495,-72.840553,0.));
#13826 = CIRCLE('',#13827,0.475);
#13827 = AXIS2_PLACEMENT_3D('',#13828,#13829,#13830);
#13828 = CARTESIAN_POINT('',(142.74495,-72.365553,0.));
#13829 = DIRECTION('',(-0.,0.,-1.));
#13830 = DIRECTION('',(-5.983517774822E-14,-1.,0.));
#13831 = FACE_BOUND('',#13832,.F.);
#13832 = EDGE_LOOP('',(#13833));
#13833 = ORIENTED_EDGE('',*,*,#13834,.T.);
#13834 = EDGE_CURVE('',#13835,#13835,#13837,.T.);
#13835 = VERTEX_POINT('',#13836);
#13836 = CARTESIAN_POINT('',(142.74495,-70.340553,0.));
#13837 = CIRCLE('',#13838,0.475);
#13838 = AXIS2_PLACEMENT_3D('',#13839,#13840,#13841);
#13839 = CARTESIAN_POINT('',(142.74495,-69.865553,0.));
#13840 = DIRECTION('',(-0.,0.,-1.));
#13841 = DIRECTION('',(-5.983517774822E-14,-1.,0.));
#13842 = FACE_BOUND('',#13843,.F.);
#13843 = EDGE_LOOP('',(#13844));
#13844 = ORIENTED_EDGE('',*,*,#13845,.T.);
#13845 = EDGE_CURVE('',#13846,#13846,#13848,.T.);
#13846 = VERTEX_POINT('',#13847);
#13847 = CARTESIAN_POINT('',(152.74495,-78.073553,0.));
#13848 = CIRCLE('',#13849,0.508);
#13849 = AXIS2_PLACEMENT_3D('',#13850,#13851,#13852);
#13850 = CARTESIAN_POINT('',(152.74495,-77.565553,0.));
#13851 = DIRECTION('',(-0.,0.,-1.));
#13852 = DIRECTION('',(-5.594824691025E-14,-1.,0.));
#13853 = FACE_BOUND('',#13854,.F.);
#13854 = EDGE_LOOP('',(#13855));
#13855 = ORIENTED_EDGE('',*,*,#13856,.T.);
#13856 = EDGE_CURVE('',#13857,#13857,#13859,.T.);
#13857 = VERTEX_POINT('',#13858);
#13858 = CARTESIAN_POINT('',(152.74495,-75.533553,0.));
#13859 = CIRCLE('',#13860,0.508);
#13860 = AXIS2_PLACEMENT_3D('',#13861,#13862,#13863);
#13861 = CARTESIAN_POINT('',(152.74495,-75.025553,0.));
#13862 = DIRECTION('',(-0.,0.,-1.));
#13863 = DIRECTION('',(-5.594824691025E-14,-1.,0.));
#13864 = FACE_BOUND('',#13865,.F.);
#13865 = EDGE_LOOP('',(#13866));
#13866 = ORIENTED_EDGE('',*,*,#13867,.T.);
#13867 = EDGE_CURVE('',#13868,#13868,#13870,.T.);
#13868 = VERTEX_POINT('',#13869);
#13869 = CARTESIAN_POINT('',(152.74495,-72.993553,0.));
#13870 = CIRCLE('',#13871,0.508);
#13871 = AXIS2_PLACEMENT_3D('',#13872,#13873,#13874);
#13872 = CARTESIAN_POINT('',(152.74495,-72.485553,0.));
#13873 = DIRECTION('',(-0.,0.,-1.));
#13874 = DIRECTION('',(-5.594824691025E-14,-1.,0.));
#13875 = FACE_BOUND('',#13876,.F.);
#13876 = EDGE_LOOP('',(#13877));
#13877 = ORIENTED_EDGE('',*,*,#13878,.T.);
#13878 = EDGE_CURVE('',#13879,#13879,#13881,.T.);
#13879 = VERTEX_POINT('',#13880);
#13880 = CARTESIAN_POINT('',(152.74495,-70.453553,0.));
#13881 = CIRCLE('',#13882,0.508);
#13882 = AXIS2_PLACEMENT_3D('',#13883,#13884,#13885);
#13883 = CARTESIAN_POINT('',(152.74495,-69.945553,0.));
#13884 = DIRECTION('',(-0.,0.,-1.));
#13885 = DIRECTION('',(-5.594824691025E-14,-1.,0.));
#13886 = FACE_BOUND('',#13887,.F.);
#13887 = EDGE_LOOP('',(#13888));
#13888 = ORIENTED_EDGE('',*,*,#13889,.T.);
#13889 = EDGE_CURVE('',#13890,#13890,#13892,.T.);
#13890 = VERTEX_POINT('',#13891);
#13891 = CARTESIAN_POINT('',(142.74495,-67.840553,0.));
#13892 = CIRCLE('',#13893,0.475);
#13893 = AXIS2_PLACEMENT_3D('',#13894,#13895,#13896);
#13894 = CARTESIAN_POINT('',(142.74495,-67.365553,0.));
#13895 = DIRECTION('',(-0.,0.,-1.));
#13896 = DIRECTION('',(-5.983517774822E-14,-1.,0.));
#13897 = FACE_BOUND('',#13898,.F.);
#13898 = EDGE_LOOP('',(#13899));
#13899 = ORIENTED_EDGE('',*,*,#13900,.T.);
#13900 = EDGE_CURVE('',#13901,#13901,#13903,.T.);
#13901 = VERTEX_POINT('',#13902);
#13902 = CARTESIAN_POINT('',(142.74495,-65.340553,0.));
#13903 = CIRCLE('',#13904,0.475);
#13904 = AXIS2_PLACEMENT_3D('',#13905,#13906,#13907);
#13905 = CARTESIAN_POINT('',(142.74495,-64.865553,0.));
#13906 = DIRECTION('',(-0.,0.,-1.));
#13907 = DIRECTION('',(-5.983517774822E-14,-1.,0.));
#13908 = FACE_BOUND('',#13909,.F.);
#13909 = EDGE_LOOP('',(#13910));
#13910 = ORIENTED_EDGE('',*,*,#13911,.T.);
#13911 = EDGE_CURVE('',#13912,#13912,#13914,.T.);
#13912 = VERTEX_POINT('',#13913);
#13913 = CARTESIAN_POINT('',(142.74495,-62.840553,0.));
#13914 = CIRCLE('',#13915,0.475);
#13915 = AXIS2_PLACEMENT_3D('',#13916,#13917,#13918);
#13916 = CARTESIAN_POINT('',(142.74495,-62.365553,0.));
#13917 = DIRECTION('',(-0.,0.,-1.));
#13918 = DIRECTION('',(-5.983517774822E-14,-1.,0.));
#13919 = FACE_BOUND('',#13920,.F.);
#13920 = EDGE_LOOP('',(#13921));
#13921 = ORIENTED_EDGE('',*,*,#13922,.T.);
#13922 = EDGE_CURVE('',#13923,#13923,#13925,.T.);
#13923 = VERTEX_POINT('',#13924);
#13924 = CARTESIAN_POINT('',(152.74495,-67.913553,0.));
#13925 = CIRCLE('',#13926,0.508);
#13926 = AXIS2_PLACEMENT_3D('',#13927,#13928,#13929);
#13927 = CARTESIAN_POINT('',(152.74495,-67.405553,0.));
#13928 = DIRECTION('',(-0.,0.,-1.));
#13929 = DIRECTION('',(-5.594824691025E-14,-1.,0.));
#13930 = FACE_BOUND('',#13931,.F.);
#13931 = EDGE_LOOP('',(#13932));
#13932 = ORIENTED_EDGE('',*,*,#13933,.T.);
#13933 = EDGE_CURVE('',#13934,#13934,#13936,.T.);
#13934 = VERTEX_POINT('',#13935);
#13935 = CARTESIAN_POINT('',(152.74495,-65.373553,0.));
#13936 = CIRCLE('',#13937,0.508);
#13937 = AXIS2_PLACEMENT_3D('',#13938,#13939,#13940);
#13938 = CARTESIAN_POINT('',(152.74495,-64.865553,0.));
#13939 = DIRECTION('',(-0.,0.,-1.));
#13940 = DIRECTION('',(-5.594824691025E-14,-1.,0.));
#13941 = FACE_BOUND('',#13942,.F.);
#13942 = EDGE_LOOP('',(#13943));
#13943 = ORIENTED_EDGE('',*,*,#13944,.T.);
#13944 = EDGE_CURVE('',#13945,#13945,#13947,.T.);
#13945 = VERTEX_POINT('',#13946);
#13946 = CARTESIAN_POINT('',(152.74495,-62.833553,0.));
#13947 = CIRCLE('',#13948,0.508);
#13948 = AXIS2_PLACEMENT_3D('',#13949,#13950,#13951);
#13949 = CARTESIAN_POINT('',(152.74495,-62.325553,0.));
#13950 = DIRECTION('',(-0.,0.,-1.));
#13951 = DIRECTION('',(-5.594824691025E-14,-1.,0.));
#13952 = FACE_BOUND('',#13953,.F.);
#13953 = EDGE_LOOP('',(#13954));
#13954 = ORIENTED_EDGE('',*,*,#13955,.T.);
#13955 = EDGE_CURVE('',#13956,#13956,#13958,.T.);
#13956 = VERTEX_POINT('',#13957);
#13957 = CARTESIAN_POINT('',(167.98495,-93.313553,0.));
#13958 = CIRCLE('',#13959,0.508);
#13959 = AXIS2_PLACEMENT_3D('',#13960,#13961,#13962);
#13960 = CARTESIAN_POINT('',(167.98495,-92.805553,0.));
#13961 = DIRECTION('',(-0.,0.,-1.));
#13962 = DIRECTION('',(-0.,-1.,0.));
#13963 = FACE_BOUND('',#13964,.F.);
#13964 = EDGE_LOOP('',(#13965));
#13965 = ORIENTED_EDGE('',*,*,#13966,.T.);
#13966 = EDGE_CURVE('',#13967,#13967,#13969,.T.);
#13967 = VERTEX_POINT('',#13968);
#13968 = CARTESIAN_POINT('',(167.98495,-90.773553,0.));
#13969 = CIRCLE('',#13970,0.508);
#13970 = AXIS2_PLACEMENT_3D('',#13971,#13972,#13973);
#13971 = CARTESIAN_POINT('',(167.98495,-90.265553,0.));
#13972 = DIRECTION('',(-0.,0.,-1.));
#13973 = DIRECTION('',(-0.,-1.,0.));
#13974 = FACE_BOUND('',#13975,.F.);
#13975 = EDGE_LOOP('',(#13976));
#13976 = ORIENTED_EDGE('',*,*,#13977,.T.);
#13977 = EDGE_CURVE('',#13978,#13978,#13980,.T.);
#13978 = VERTEX_POINT('',#13979);
#13979 = CARTESIAN_POINT('',(167.98495,-88.233553,0.));
#13980 = CIRCLE('',#13981,0.508);
#13981 = AXIS2_PLACEMENT_3D('',#13982,#13983,#13984);
#13982 = CARTESIAN_POINT('',(167.98495,-87.725553,0.));
#13983 = DIRECTION('',(-0.,0.,-1.));
#13984 = DIRECTION('',(-0.,-1.,0.));
#13985 = FACE_BOUND('',#13986,.F.);
#13986 = EDGE_LOOP('',(#13987));
#13987 = ORIENTED_EDGE('',*,*,#13988,.T.);
#13988 = EDGE_CURVE('',#13989,#13989,#13991,.T.);
#13989 = VERTEX_POINT('',#13990);
#13990 = CARTESIAN_POINT('',(167.98495,-85.693553,0.));
#13991 = CIRCLE('',#13992,0.508);
#13992 = AXIS2_PLACEMENT_3D('',#13993,#13994,#13995);
#13993 = CARTESIAN_POINT('',(167.98495,-85.185553,0.));
#13994 = DIRECTION('',(-0.,0.,-1.));
#13995 = DIRECTION('',(-0.,-1.,0.));
#13996 = FACE_BOUND('',#13997,.F.);
#13997 = EDGE_LOOP('',(#13998));
#13998 = ORIENTED_EDGE('',*,*,#13999,.T.);
#13999 = EDGE_CURVE('',#14000,#14000,#14002,.T.);
#14000 = VERTEX_POINT('',#14001);
#14001 = CARTESIAN_POINT('',(167.98495,-83.153553,0.));
#14002 = CIRCLE('',#14003,0.508);
#14003 = AXIS2_PLACEMENT_3D('',#14004,#14005,#14006);
#14004 = CARTESIAN_POINT('',(167.98495,-82.645553,0.));
#14005 = DIRECTION('',(-0.,0.,-1.));
#14006 = DIRECTION('',(-0.,-1.,0.));
#14007 = FACE_BOUND('',#14008,.F.);
#14008 = EDGE_LOOP('',(#14009));
#14009 = ORIENTED_EDGE('',*,*,#14010,.T.);
#14010 = EDGE_CURVE('',#14011,#14011,#14013,.T.);
#14011 = VERTEX_POINT('',#14012);
#14012 = CARTESIAN_POINT('',(167.98495,-80.613553,0.));
#14013 = CIRCLE('',#14014,0.508);
#14014 = AXIS2_PLACEMENT_3D('',#14015,#14016,#14017);
#14015 = CARTESIAN_POINT('',(167.98495,-80.105553,0.));
#14016 = DIRECTION('',(-0.,0.,-1.));
#14017 = DIRECTION('',(-0.,-1.,0.));
#14018 = FACE_BOUND('',#14019,.F.);
#14019 = EDGE_LOOP('',(#14020));
#14020 = ORIENTED_EDGE('',*,*,#14021,.T.);
#14021 = EDGE_CURVE('',#14022,#14022,#14024,.T.);
#14022 = VERTEX_POINT('',#14023);
#14023 = CARTESIAN_POINT('',(167.98495,-78.073553,0.));
#14024 = CIRCLE('',#14025,0.508);
#14025 = AXIS2_PLACEMENT_3D('',#14026,#14027,#14028);
#14026 = CARTESIAN_POINT('',(167.98495,-77.565553,0.));
#14027 = DIRECTION('',(-0.,0.,-1.));
#14028 = DIRECTION('',(-0.,-1.,0.));
#14029 = FACE_BOUND('',#14030,.F.);
#14030 = EDGE_LOOP('',(#14031));
#14031 = ORIENTED_EDGE('',*,*,#14032,.T.);
#14032 = EDGE_CURVE('',#14033,#14033,#14035,.T.);
#14033 = VERTEX_POINT('',#14034);
#14034 = CARTESIAN_POINT('',(167.98495,-75.533553,0.));
#14035 = CIRCLE('',#14036,0.508);
#14036 = AXIS2_PLACEMENT_3D('',#14037,#14038,#14039);
#14037 = CARTESIAN_POINT('',(167.98495,-75.025553,0.));
#14038 = DIRECTION('',(-0.,0.,-1.));
#14039 = DIRECTION('',(-0.,-1.,0.));
#14040 = FACE_BOUND('',#14041,.F.);
#14041 = EDGE_LOOP('',(#14042));
#14042 = ORIENTED_EDGE('',*,*,#14043,.T.);
#14043 = EDGE_CURVE('',#14044,#14044,#14046,.T.);
#14044 = VERTEX_POINT('',#14045);
#14045 = CARTESIAN_POINT('',(167.98495,-72.993553,0.));
#14046 = CIRCLE('',#14047,0.508);
#14047 = AXIS2_PLACEMENT_3D('',#14048,#14049,#14050);
#14048 = CARTESIAN_POINT('',(167.98495,-72.485553,0.));
#14049 = DIRECTION('',(-0.,0.,-1.));
#14050 = DIRECTION('',(-0.,-1.,0.));
#14051 = FACE_BOUND('',#14052,.F.);
#14052 = EDGE_LOOP('',(#14053));
#14053 = ORIENTED_EDGE('',*,*,#14054,.T.);
#14054 = EDGE_CURVE('',#14055,#14055,#14057,.T.);
#14055 = VERTEX_POINT('',#14056);
#14056 = CARTESIAN_POINT('',(167.98495,-70.453553,0.));
#14057 = CIRCLE('',#14058,0.508);
#14058 = AXIS2_PLACEMENT_3D('',#14059,#14060,#14061);
#14059 = CARTESIAN_POINT('',(167.98495,-69.945553,0.));
#14060 = DIRECTION('',(-0.,0.,-1.));
#14061 = DIRECTION('',(-0.,-1.,0.));
#14062 = FACE_BOUND('',#14063,.F.);
#14063 = EDGE_LOOP('',(#14064));
#14064 = ORIENTED_EDGE('',*,*,#14065,.T.);
#14065 = EDGE_CURVE('',#14066,#14066,#14068,.T.);
#14066 = VERTEX_POINT('',#14067);
#14067 = CARTESIAN_POINT('',(167.98495,-67.913553,0.));
#14068 = CIRCLE('',#14069,0.508);
#14069 = AXIS2_PLACEMENT_3D('',#14070,#14071,#14072);
#14070 = CARTESIAN_POINT('',(167.98495,-67.405553,0.));
#14071 = DIRECTION('',(-0.,0.,-1.));
#14072 = DIRECTION('',(-0.,-1.,0.));
#14073 = FACE_BOUND('',#14074,.F.);
#14074 = EDGE_LOOP('',(#14075));
#14075 = ORIENTED_EDGE('',*,*,#14076,.T.);
#14076 = EDGE_CURVE('',#14077,#14077,#14079,.T.);
#14077 = VERTEX_POINT('',#14078);
#14078 = CARTESIAN_POINT('',(167.98495,-65.373553,0.));
#14079 = CIRCLE('',#14080,0.508);
#14080 = AXIS2_PLACEMENT_3D('',#14081,#14082,#14083);
#14081 = CARTESIAN_POINT('',(167.98495,-64.865553,0.));
#14082 = DIRECTION('',(-0.,0.,-1.));
#14083 = DIRECTION('',(-0.,-1.,0.));
#14084 = FACE_BOUND('',#14085,.F.);
#14085 = EDGE_LOOP('',(#14086));
#14086 = ORIENTED_EDGE('',*,*,#14087,.T.);
#14087 = EDGE_CURVE('',#14088,#14088,#14090,.T.);
#14088 = VERTEX_POINT('',#14089);
#14089 = CARTESIAN_POINT('',(167.98495,-62.833553,0.));
#14090 = CIRCLE('',#14091,0.508);
#14091 = AXIS2_PLACEMENT_3D('',#14092,#14093,#14094);
#14092 = CARTESIAN_POINT('',(167.98495,-62.325553,0.));
#14093 = DIRECTION('',(-0.,0.,-1.));
#14094 = DIRECTION('',(-0.,-1.,0.));
#14095 = PLANE('',#14096);
#14096 = AXIS2_PLACEMENT_3D('',#14097,#14098,#14099);
#14097 = CARTESIAN_POINT('',(0.,0.,0.));
#14098 = DIRECTION('',(0.,0.,1.));
#14099 = DIRECTION('',(1.,0.,-0.));
#14100 = ADVANCED_FACE('',(#14101,#14120,#14131,#14142,#14153,#14164,
    #14175,#14186,#14197,#14208,#14219,#14230,#14241,#14252,#14263,
    #14274,#14285,#14296,#14307,#14318,#14329,#14340,#14351,#14362,
    #14373,#14384,#14395,#14406,#14417,#14428,#14439,#14450,#14461,
    #14472,#14483,#14494,#14505,#14516,#14527,#14538,#14549,#14560,
    #14571,#14582,#14593,#14604,#14615,#14626,#14637,#14648,#14659,
    #14670,#14681,#14692,#14703,#14714,#14725,#14736,#14747,#14758,
    #14769,#14780,#14791,#14802,#14813,#14824,#14835,#14846,#14857,
    #14868,#14879,#14890,#14901,#14912,#14923,#14934,#14945,#14956,
    #14967,#14978,#14989,#15000,#15011,#15022),#15033,.T.);
#14101 = FACE_BOUND('',#14102,.T.);
#14102 = EDGE_LOOP('',(#14103,#14104,#14105,#14113,#14119));
#14103 = ORIENTED_EDGE('',*,*,#13074,.F.);
#14104 = ORIENTED_EDGE('',*,*,#13114,.F.);
#14105 = ORIENTED_EDGE('',*,*,#14106,.F.);
#14106 = EDGE_CURVE('',#14107,#13107,#14109,.T.);
#14107 = VERTEX_POINT('',#14108);
#14108 = CARTESIAN_POINT('',(158.8,-57.365553,1.51));
#14109 = LINE('',#14110,#14111);
#14110 = CARTESIAN_POINT('',(158.8,-57.365553,1.51));
#14111 = VECTOR('',#14112,1.);
#14112 = DIRECTION('',(1.,0.,0.));
#14113 = ORIENTED_EDGE('',*,*,#14114,.F.);
#14114 = EDGE_CURVE('',#13137,#14107,#14115,.T.);
#14115 = LINE('',#14116,#14117);
#14116 = CARTESIAN_POINT('',(120.25,-57.365553,1.51));
#14117 = VECTOR('',#14118,1.);
#14118 = DIRECTION('',(1.,0.,0.));
#14119 = ORIENTED_EDGE('',*,*,#13136,.F.);
#14120 = FACE_BOUND('',#14121,.T.);
#14121 = EDGE_LOOP('',(#14122));
#14122 = ORIENTED_EDGE('',*,*,#14123,.T.);
#14123 = EDGE_CURVE('',#14124,#14124,#14126,.T.);
#14124 = VERTEX_POINT('',#14125);
#14125 = CARTESIAN_POINT('',(130.39495,-117.840553,1.51));
#14126 = CIRCLE('',#14127,0.475);
#14127 = AXIS2_PLACEMENT_3D('',#14128,#14129,#14130);
#14128 = CARTESIAN_POINT('',(130.39495,-117.365553,1.51));
#14129 = DIRECTION('',(-0.,0.,-1.));
#14130 = DIRECTION('',(-0.,-1.,0.));
#14131 = FACE_BOUND('',#14132,.T.);
#14132 = EDGE_LOOP('',(#14133));
#14133 = ORIENTED_EDGE('',*,*,#14134,.T.);
#14134 = EDGE_CURVE('',#14135,#14135,#14137,.T.);
#14135 = VERTEX_POINT('',#14136);
#14136 = CARTESIAN_POINT('',(130.39495,-115.340553,1.51));
#14137 = CIRCLE('',#14138,0.475);
#14138 = AXIS2_PLACEMENT_3D('',#14139,#14140,#14141);
#14139 = CARTESIAN_POINT('',(130.39495,-114.865553,1.51));
#14140 = DIRECTION('',(-0.,0.,-1.));
#14141 = DIRECTION('',(-0.,-1.,0.));
#14142 = FACE_BOUND('',#14143,.T.);
#14143 = EDGE_LOOP('',(#14144));
#14144 = ORIENTED_EDGE('',*,*,#14145,.T.);
#14145 = EDGE_CURVE('',#14146,#14146,#14148,.T.);
#14146 = VERTEX_POINT('',#14147);
#14147 = CARTESIAN_POINT('',(130.39495,-112.840553,1.51));
#14148 = CIRCLE('',#14149,0.475);
#14149 = AXIS2_PLACEMENT_3D('',#14150,#14151,#14152);
#14150 = CARTESIAN_POINT('',(130.39495,-112.365553,1.51));
#14151 = DIRECTION('',(-0.,0.,-1.));
#14152 = DIRECTION('',(-0.,-1.,0.));
#14153 = FACE_BOUND('',#14154,.T.);
#14154 = EDGE_LOOP('',(#14155));
#14155 = ORIENTED_EDGE('',*,*,#14156,.T.);
#14156 = EDGE_CURVE('',#14157,#14157,#14159,.T.);
#14157 = VERTEX_POINT('',#14158);
#14158 = CARTESIAN_POINT('',(130.39495,-110.340553,1.51));
#14159 = CIRCLE('',#14160,0.475);
#14160 = AXIS2_PLACEMENT_3D('',#14161,#14162,#14163);
#14161 = CARTESIAN_POINT('',(130.39495,-109.865553,1.51));
#14162 = DIRECTION('',(-0.,0.,-1.));
#14163 = DIRECTION('',(-0.,-1.,0.));
#14164 = FACE_BOUND('',#14165,.T.);
#14165 = EDGE_LOOP('',(#14166));
#14166 = ORIENTED_EDGE('',*,*,#14167,.T.);
#14167 = EDGE_CURVE('',#14168,#14168,#14170,.T.);
#14168 = VERTEX_POINT('',#14169);
#14169 = CARTESIAN_POINT('',(142.74495,-117.840553,1.51));
#14170 = CIRCLE('',#14171,0.475);
#14171 = AXIS2_PLACEMENT_3D('',#14172,#14173,#14174);
#14172 = CARTESIAN_POINT('',(142.74495,-117.365553,1.51));
#14173 = DIRECTION('',(-0.,0.,-1.));
#14174 = DIRECTION('',(-5.983517774822E-14,-1.,0.));
#14175 = FACE_BOUND('',#14176,.T.);
#14176 = EDGE_LOOP('',(#14177));
#14177 = ORIENTED_EDGE('',*,*,#14178,.T.);
#14178 = EDGE_CURVE('',#14179,#14179,#14181,.T.);
#14179 = VERTEX_POINT('',#14180);
#14180 = CARTESIAN_POINT('',(152.74495,-121.253553,1.51));
#14181 = CIRCLE('',#14182,0.508);
#14182 = AXIS2_PLACEMENT_3D('',#14183,#14184,#14185);
#14183 = CARTESIAN_POINT('',(152.74495,-120.745553,1.51));
#14184 = DIRECTION('',(-0.,0.,-1.));
#14185 = DIRECTION('',(-5.594824691025E-14,-1.,0.));
#14186 = FACE_BOUND('',#14187,.T.);
#14187 = EDGE_LOOP('',(#14188));
#14188 = ORIENTED_EDGE('',*,*,#14189,.T.);
#14189 = EDGE_CURVE('',#14190,#14190,#14192,.T.);
#14190 = VERTEX_POINT('',#14191);
#14191 = CARTESIAN_POINT('',(152.74495,-118.713553,1.51));
#14192 = CIRCLE('',#14193,0.508);
#14193 = AXIS2_PLACEMENT_3D('',#14194,#14195,#14196);
#14194 = CARTESIAN_POINT('',(152.74495,-118.205553,1.51));
#14195 = DIRECTION('',(-0.,0.,-1.));
#14196 = DIRECTION('',(-5.594824691025E-14,-1.,0.));
#14197 = FACE_BOUND('',#14198,.T.);
#14198 = EDGE_LOOP('',(#14199));
#14199 = ORIENTED_EDGE('',*,*,#14200,.T.);
#14200 = EDGE_CURVE('',#14201,#14201,#14203,.T.);
#14201 = VERTEX_POINT('',#14202);
#14202 = CARTESIAN_POINT('',(142.74495,-115.340553,1.51));
#14203 = CIRCLE('',#14204,0.475);
#14204 = AXIS2_PLACEMENT_3D('',#14205,#14206,#14207);
#14205 = CARTESIAN_POINT('',(142.74495,-114.865553,1.51));
#14206 = DIRECTION('',(-0.,0.,-1.));
#14207 = DIRECTION('',(-5.983517774822E-14,-1.,0.));
#14208 = FACE_BOUND('',#14209,.T.);
#14209 = EDGE_LOOP('',(#14210));
#14210 = ORIENTED_EDGE('',*,*,#14211,.T.);
#14211 = EDGE_CURVE('',#14212,#14212,#14214,.T.);
#14212 = VERTEX_POINT('',#14213);
#14213 = CARTESIAN_POINT('',(142.74495,-112.840553,1.51));
#14214 = CIRCLE('',#14215,0.475);
#14215 = AXIS2_PLACEMENT_3D('',#14216,#14217,#14218);
#14216 = CARTESIAN_POINT('',(142.74495,-112.365553,1.51));
#14217 = DIRECTION('',(-0.,0.,-1.));
#14218 = DIRECTION('',(-5.983517774822E-14,-1.,0.));
#14219 = FACE_BOUND('',#14220,.T.);
#14220 = EDGE_LOOP('',(#14221));
#14221 = ORIENTED_EDGE('',*,*,#14222,.T.);
#14222 = EDGE_CURVE('',#14223,#14223,#14225,.T.);
#14223 = VERTEX_POINT('',#14224);
#14224 = CARTESIAN_POINT('',(142.74495,-110.340553,1.51));
#14225 = CIRCLE('',#14226,0.475);
#14226 = AXIS2_PLACEMENT_3D('',#14227,#14228,#14229);
#14227 = CARTESIAN_POINT('',(142.74495,-109.865553,1.51));
#14228 = DIRECTION('',(-0.,0.,-1.));
#14229 = DIRECTION('',(-5.983517774822E-14,-1.,0.));
#14230 = FACE_BOUND('',#14231,.T.);
#14231 = EDGE_LOOP('',(#14232));
#14232 = ORIENTED_EDGE('',*,*,#14233,.T.);
#14233 = EDGE_CURVE('',#14234,#14234,#14236,.T.);
#14234 = VERTEX_POINT('',#14235);
#14235 = CARTESIAN_POINT('',(152.74495,-116.173553,1.51));
#14236 = CIRCLE('',#14237,0.508);
#14237 = AXIS2_PLACEMENT_3D('',#14238,#14239,#14240);
#14238 = CARTESIAN_POINT('',(152.74495,-115.665553,1.51));
#14239 = DIRECTION('',(-0.,0.,-1.));
#14240 = DIRECTION('',(-5.594824691025E-14,-1.,0.));
#14241 = FACE_BOUND('',#14242,.T.);
#14242 = EDGE_LOOP('',(#14243));
#14243 = ORIENTED_EDGE('',*,*,#14244,.T.);
#14244 = EDGE_CURVE('',#14245,#14245,#14247,.T.);
#14245 = VERTEX_POINT('',#14246);
#14246 = CARTESIAN_POINT('',(152.74495,-113.633553,1.51));
#14247 = CIRCLE('',#14248,0.508);
#14248 = AXIS2_PLACEMENT_3D('',#14249,#14250,#14251);
#14249 = CARTESIAN_POINT('',(152.74495,-113.125553,1.51));
#14250 = DIRECTION('',(-0.,0.,-1.));
#14251 = DIRECTION('',(-5.594824691025E-14,-1.,0.));
#14252 = FACE_BOUND('',#14253,.T.);
#14253 = EDGE_LOOP('',(#14254));
#14254 = ORIENTED_EDGE('',*,*,#14255,.T.);
#14255 = EDGE_CURVE('',#14256,#14256,#14258,.T.);
#14256 = VERTEX_POINT('',#14257);
#14257 = CARTESIAN_POINT('',(152.74495,-111.093553,1.51));
#14258 = CIRCLE('',#14259,0.508);
#14259 = AXIS2_PLACEMENT_3D('',#14260,#14261,#14262);
#14260 = CARTESIAN_POINT('',(152.74495,-110.585553,1.51));
#14261 = DIRECTION('',(-0.,0.,-1.));
#14262 = DIRECTION('',(-5.594824691025E-14,-1.,0.));
#14263 = FACE_BOUND('',#14264,.T.);
#14264 = EDGE_LOOP('',(#14265));
#14265 = ORIENTED_EDGE('',*,*,#14266,.T.);
#14266 = EDGE_CURVE('',#14267,#14267,#14269,.T.);
#14267 = VERTEX_POINT('',#14268);
#14268 = CARTESIAN_POINT('',(130.39495,-107.840553,1.51));
#14269 = CIRCLE('',#14270,0.475);
#14270 = AXIS2_PLACEMENT_3D('',#14271,#14272,#14273);
#14271 = CARTESIAN_POINT('',(130.39495,-107.365553,1.51));
#14272 = DIRECTION('',(-0.,0.,-1.));
#14273 = DIRECTION('',(-0.,-1.,0.));
#14274 = FACE_BOUND('',#14275,.T.);
#14275 = EDGE_LOOP('',(#14276));
#14276 = ORIENTED_EDGE('',*,*,#14277,.T.);
#14277 = EDGE_CURVE('',#14278,#14278,#14280,.T.);
#14278 = VERTEX_POINT('',#14279);
#14279 = CARTESIAN_POINT('',(130.39495,-95.340553,1.51));
#14280 = CIRCLE('',#14281,0.475);
#14281 = AXIS2_PLACEMENT_3D('',#14282,#14283,#14284);
#14282 = CARTESIAN_POINT('',(130.39495,-94.865553,1.51));
#14283 = DIRECTION('',(-0.,0.,-1.));
#14284 = DIRECTION('',(-0.,-1.,0.));
#14285 = FACE_BOUND('',#14286,.T.);
#14286 = EDGE_LOOP('',(#14287));
#14287 = ORIENTED_EDGE('',*,*,#14288,.T.);
#14288 = EDGE_CURVE('',#14289,#14289,#14291,.T.);
#14289 = VERTEX_POINT('',#14290);
#14290 = CARTESIAN_POINT('',(142.74495,-107.840553,1.51));
#14291 = CIRCLE('',#14292,0.475);
#14292 = AXIS2_PLACEMENT_3D('',#14293,#14294,#14295);
#14293 = CARTESIAN_POINT('',(142.74495,-107.365553,1.51));
#14294 = DIRECTION('',(-0.,0.,-1.));
#14295 = DIRECTION('',(-5.983517774822E-14,-1.,0.));
#14296 = FACE_BOUND('',#14297,.T.);
#14297 = EDGE_LOOP('',(#14298));
#14298 = ORIENTED_EDGE('',*,*,#14299,.T.);
#14299 = EDGE_CURVE('',#14300,#14300,#14302,.T.);
#14300 = VERTEX_POINT('',#14301);
#14301 = CARTESIAN_POINT('',(152.74495,-108.553553,1.51));
#14302 = CIRCLE('',#14303,0.508);
#14303 = AXIS2_PLACEMENT_3D('',#14304,#14305,#14306);
#14304 = CARTESIAN_POINT('',(152.74495,-108.045553,1.51));
#14305 = DIRECTION('',(-0.,0.,-1.));
#14306 = DIRECTION('',(-5.594824691025E-14,-1.,0.));
#14307 = FACE_BOUND('',#14308,.T.);
#14308 = EDGE_LOOP('',(#14309));
#14309 = ORIENTED_EDGE('',*,*,#14310,.T.);
#14310 = EDGE_CURVE('',#14311,#14311,#14313,.T.);
#14311 = VERTEX_POINT('',#14312);
#14312 = CARTESIAN_POINT('',(152.74495,-106.013553,1.51));
#14313 = CIRCLE('',#14314,0.508);
#14314 = AXIS2_PLACEMENT_3D('',#14315,#14316,#14317);
#14315 = CARTESIAN_POINT('',(152.74495,-105.505553,1.51));
#14316 = DIRECTION('',(-0.,0.,-1.));
#14317 = DIRECTION('',(-5.594824691025E-14,-1.,0.));
#14318 = FACE_BOUND('',#14319,.T.);
#14319 = EDGE_LOOP('',(#14320));
#14320 = ORIENTED_EDGE('',*,*,#14321,.T.);
#14321 = EDGE_CURVE('',#14322,#14322,#14324,.T.);
#14322 = VERTEX_POINT('',#14323);
#14323 = CARTESIAN_POINT('',(152.74495,-103.473553,1.51));
#14324 = CIRCLE('',#14325,0.508);
#14325 = AXIS2_PLACEMENT_3D('',#14326,#14327,#14328);
#14326 = CARTESIAN_POINT('',(152.74495,-102.965553,1.51));
#14327 = DIRECTION('',(-0.,0.,-1.));
#14328 = DIRECTION('',(-5.594824691025E-14,-1.,0.));
#14329 = FACE_BOUND('',#14330,.T.);
#14330 = EDGE_LOOP('',(#14331));
#14331 = ORIENTED_EDGE('',*,*,#14332,.T.);
#14332 = EDGE_CURVE('',#14333,#14333,#14335,.T.);
#14333 = VERTEX_POINT('',#14334);
#14334 = CARTESIAN_POINT('',(142.74495,-95.340553,1.51));
#14335 = CIRCLE('',#14336,0.475);
#14336 = AXIS2_PLACEMENT_3D('',#14337,#14338,#14339);
#14337 = CARTESIAN_POINT('',(142.74495,-94.865553,1.51));
#14338 = DIRECTION('',(-0.,0.,-1.));
#14339 = DIRECTION('',(-5.983517774822E-14,-1.,0.));
#14340 = FACE_BOUND('',#14341,.T.);
#14341 = EDGE_LOOP('',(#14342));
#14342 = ORIENTED_EDGE('',*,*,#14343,.T.);
#14343 = EDGE_CURVE('',#14344,#14344,#14346,.T.);
#14344 = VERTEX_POINT('',#14345);
#14345 = CARTESIAN_POINT('',(152.74495,-100.933553,1.51));
#14346 = CIRCLE('',#14347,0.508);
#14347 = AXIS2_PLACEMENT_3D('',#14348,#14349,#14350);
#14348 = CARTESIAN_POINT('',(152.74495,-100.425553,1.51));
#14349 = DIRECTION('',(-0.,0.,-1.));
#14350 = DIRECTION('',(-5.594824691025E-14,-1.,0.));
#14351 = FACE_BOUND('',#14352,.T.);
#14352 = EDGE_LOOP('',(#14353));
#14353 = ORIENTED_EDGE('',*,*,#14354,.T.);
#14354 = EDGE_CURVE('',#14355,#14355,#14357,.T.);
#14355 = VERTEX_POINT('',#14356);
#14356 = CARTESIAN_POINT('',(152.74495,-98.393553,1.51));
#14357 = CIRCLE('',#14358,0.508);
#14358 = AXIS2_PLACEMENT_3D('',#14359,#14360,#14361);
#14359 = CARTESIAN_POINT('',(152.74495,-97.885553,1.51));
#14360 = DIRECTION('',(-0.,0.,-1.));
#14361 = DIRECTION('',(-5.594824691025E-14,-1.,0.));
#14362 = FACE_BOUND('',#14363,.T.);
#14363 = EDGE_LOOP('',(#14364));
#14364 = ORIENTED_EDGE('',*,*,#14365,.T.);
#14365 = EDGE_CURVE('',#14366,#14366,#14368,.T.);
#14366 = VERTEX_POINT('',#14367);
#14367 = CARTESIAN_POINT('',(152.74495,-95.853553,1.51));
#14368 = CIRCLE('',#14369,0.508);
#14369 = AXIS2_PLACEMENT_3D('',#14370,#14371,#14372);
#14370 = CARTESIAN_POINT('',(152.74495,-95.345553,1.51));
#14371 = DIRECTION('',(-0.,0.,-1.));
#14372 = DIRECTION('',(-5.594824691025E-14,-1.,0.));
#14373 = FACE_BOUND('',#14374,.T.);
#14374 = EDGE_LOOP('',(#14375));
#14375 = ORIENTED_EDGE('',*,*,#14376,.T.);
#14376 = EDGE_CURVE('',#14377,#14377,#14379,.T.);
#14377 = VERTEX_POINT('',#14378);
#14378 = CARTESIAN_POINT('',(167.98495,-121.253553,1.51));
#14379 = CIRCLE('',#14380,0.508);
#14380 = AXIS2_PLACEMENT_3D('',#14381,#14382,#14383);
#14381 = CARTESIAN_POINT('',(167.98495,-120.745553,1.51));
#14382 = DIRECTION('',(-0.,0.,-1.));
#14383 = DIRECTION('',(-0.,-1.,0.));
#14384 = FACE_BOUND('',#14385,.T.);
#14385 = EDGE_LOOP('',(#14386));
#14386 = ORIENTED_EDGE('',*,*,#14387,.T.);
#14387 = EDGE_CURVE('',#14388,#14388,#14390,.T.);
#14388 = VERTEX_POINT('',#14389);
#14389 = CARTESIAN_POINT('',(167.98495,-118.713553,1.51));
#14390 = CIRCLE('',#14391,0.508);
#14391 = AXIS2_PLACEMENT_3D('',#14392,#14393,#14394);
#14392 = CARTESIAN_POINT('',(167.98495,-118.205553,1.51));
#14393 = DIRECTION('',(-0.,0.,-1.));
#14394 = DIRECTION('',(-0.,-1.,0.));
#14395 = FACE_BOUND('',#14396,.T.);
#14396 = EDGE_LOOP('',(#14397));
#14397 = ORIENTED_EDGE('',*,*,#14398,.T.);
#14398 = EDGE_CURVE('',#14399,#14399,#14401,.T.);
#14399 = VERTEX_POINT('',#14400);
#14400 = CARTESIAN_POINT('',(172.25,-124.9,1.51));
#14401 = CIRCLE('',#14402,0.4);
#14402 = AXIS2_PLACEMENT_3D('',#14403,#14404,#14405);
#14403 = CARTESIAN_POINT('',(172.25,-124.5,1.51));
#14404 = DIRECTION('',(-0.,0.,-1.));
#14405 = DIRECTION('',(-0.,-1.,0.));
#14406 = FACE_BOUND('',#14407,.T.);
#14407 = EDGE_LOOP('',(#14408));
#14408 = ORIENTED_EDGE('',*,*,#14409,.T.);
#14409 = EDGE_CURVE('',#14410,#14410,#14412,.T.);
#14410 = VERTEX_POINT('',#14411);
#14411 = CARTESIAN_POINT('',(177.33,-122.36,1.51));
#14412 = CIRCLE('',#14413,0.4);
#14413 = AXIS2_PLACEMENT_3D('',#14414,#14415,#14416);
#14414 = CARTESIAN_POINT('',(177.33,-121.96,1.51));
#14415 = DIRECTION('',(-0.,0.,-1.));
#14416 = DIRECTION('',(7.105427357601E-14,-1.,-0.));
#14417 = FACE_BOUND('',#14418,.T.);
#14418 = EDGE_LOOP('',(#14419));
#14419 = ORIENTED_EDGE('',*,*,#14420,.T.);
#14420 = EDGE_CURVE('',#14421,#14421,#14423,.T.);
#14421 = VERTEX_POINT('',#14422);
#14422 = CARTESIAN_POINT('',(172.25,-119.82,1.51));
#14423 = CIRCLE('',#14424,0.4);
#14424 = AXIS2_PLACEMENT_3D('',#14425,#14426,#14427);
#14425 = CARTESIAN_POINT('',(172.25,-119.42,1.51));
#14426 = DIRECTION('',(-0.,0.,-1.));
#14427 = DIRECTION('',(-0.,-1.,0.));
#14428 = FACE_BOUND('',#14429,.T.);
#14429 = EDGE_LOOP('',(#14430));
#14430 = ORIENTED_EDGE('',*,*,#14431,.T.);
#14431 = EDGE_CURVE('',#14432,#14432,#14434,.T.);
#14432 = VERTEX_POINT('',#14433);
#14433 = CARTESIAN_POINT('',(167.98495,-116.173553,1.51));
#14434 = CIRCLE('',#14435,0.508);
#14435 = AXIS2_PLACEMENT_3D('',#14436,#14437,#14438);
#14436 = CARTESIAN_POINT('',(167.98495,-115.665553,1.51));
#14437 = DIRECTION('',(-0.,0.,-1.));
#14438 = DIRECTION('',(-0.,-1.,0.));
#14439 = FACE_BOUND('',#14440,.T.);
#14440 = EDGE_LOOP('',(#14441));
#14441 = ORIENTED_EDGE('',*,*,#14442,.T.);
#14442 = EDGE_CURVE('',#14443,#14443,#14445,.T.);
#14443 = VERTEX_POINT('',#14444);
#14444 = CARTESIAN_POINT('',(167.98495,-113.633553,1.51));
#14445 = CIRCLE('',#14446,0.508);
#14446 = AXIS2_PLACEMENT_3D('',#14447,#14448,#14449);
#14447 = CARTESIAN_POINT('',(167.98495,-113.125553,1.51));
#14448 = DIRECTION('',(-0.,0.,-1.));
#14449 = DIRECTION('',(-0.,-1.,0.));
#14450 = FACE_BOUND('',#14451,.T.);
#14451 = EDGE_LOOP('',(#14452));
#14452 = ORIENTED_EDGE('',*,*,#14453,.T.);
#14453 = EDGE_CURVE('',#14454,#14454,#14456,.T.);
#14454 = VERTEX_POINT('',#14455);
#14455 = CARTESIAN_POINT('',(167.98495,-111.093553,1.51));
#14456 = CIRCLE('',#14457,0.508);
#14457 = AXIS2_PLACEMENT_3D('',#14458,#14459,#14460);
#14458 = CARTESIAN_POINT('',(167.98495,-110.585553,1.51));
#14459 = DIRECTION('',(-0.,0.,-1.));
#14460 = DIRECTION('',(-0.,-1.,0.));
#14461 = FACE_BOUND('',#14462,.T.);
#14462 = EDGE_LOOP('',(#14463));
#14463 = ORIENTED_EDGE('',*,*,#14464,.T.);
#14464 = EDGE_CURVE('',#14465,#14465,#14467,.T.);
#14465 = VERTEX_POINT('',#14466);
#14466 = CARTESIAN_POINT('',(155.28495,-108.553553,1.51));
#14467 = CIRCLE('',#14468,0.508);
#14468 = AXIS2_PLACEMENT_3D('',#14469,#14470,#14471);
#14469 = CARTESIAN_POINT('',(155.28495,-108.045553,1.51));
#14470 = DIRECTION('',(-0.,0.,-1.));
#14471 = DIRECTION('',(5.594824691024E-14,-1.,-0.));
#14472 = FACE_BOUND('',#14473,.T.);
#14473 = EDGE_LOOP('',(#14474));
#14474 = ORIENTED_EDGE('',*,*,#14475,.T.);
#14475 = EDGE_CURVE('',#14476,#14476,#14478,.T.);
#14476 = VERTEX_POINT('',#14477);
#14477 = CARTESIAN_POINT('',(157.82495,-108.553553,1.51));
#14478 = CIRCLE('',#14479,0.508);
#14479 = AXIS2_PLACEMENT_3D('',#14480,#14481,#14482);
#14480 = CARTESIAN_POINT('',(157.82495,-108.045553,1.51));
#14481 = DIRECTION('',(-0.,0.,-1.));
#14482 = DIRECTION('',(-0.,-1.,0.));
#14483 = FACE_BOUND('',#14484,.T.);
#14484 = EDGE_LOOP('',(#14485));
#14485 = ORIENTED_EDGE('',*,*,#14486,.T.);
#14486 = EDGE_CURVE('',#14487,#14487,#14489,.T.);
#14487 = VERTEX_POINT('',#14488);
#14488 = CARTESIAN_POINT('',(167.98495,-108.553553,1.51));
#14489 = CIRCLE('',#14490,0.508);
#14490 = AXIS2_PLACEMENT_3D('',#14491,#14492,#14493);
#14491 = CARTESIAN_POINT('',(167.98495,-108.045553,1.51));
#14492 = DIRECTION('',(-0.,0.,-1.));
#14493 = DIRECTION('',(-0.,-1.,0.));
#14494 = FACE_BOUND('',#14495,.T.);
#14495 = EDGE_LOOP('',(#14496));
#14496 = ORIENTED_EDGE('',*,*,#14497,.T.);
#14497 = EDGE_CURVE('',#14498,#14498,#14500,.T.);
#14498 = VERTEX_POINT('',#14499);
#14499 = CARTESIAN_POINT('',(167.98495,-106.013553,1.51));
#14500 = CIRCLE('',#14501,0.508);
#14501 = AXIS2_PLACEMENT_3D('',#14502,#14503,#14504);
#14502 = CARTESIAN_POINT('',(167.98495,-105.505553,1.51));
#14503 = DIRECTION('',(-0.,0.,-1.));
#14504 = DIRECTION('',(-0.,-1.,0.));
#14505 = FACE_BOUND('',#14506,.T.);
#14506 = EDGE_LOOP('',(#14507));
#14507 = ORIENTED_EDGE('',*,*,#14508,.T.);
#14508 = EDGE_CURVE('',#14509,#14509,#14511,.T.);
#14509 = VERTEX_POINT('',#14510);
#14510 = CARTESIAN_POINT('',(167.98495,-103.473553,1.51));
#14511 = CIRCLE('',#14512,0.508);
#14512 = AXIS2_PLACEMENT_3D('',#14513,#14514,#14515);
#14513 = CARTESIAN_POINT('',(167.98495,-102.965553,1.51));
#14514 = DIRECTION('',(-0.,0.,-1.));
#14515 = DIRECTION('',(-0.,-1.,0.));
#14516 = FACE_BOUND('',#14517,.T.);
#14517 = EDGE_LOOP('',(#14518));
#14518 = ORIENTED_EDGE('',*,*,#14519,.T.);
#14519 = EDGE_CURVE('',#14520,#14520,#14522,.T.);
#14520 = VERTEX_POINT('',#14521);
#14521 = CARTESIAN_POINT('',(167.98495,-100.933553,1.51));
#14522 = CIRCLE('',#14523,0.508);
#14523 = AXIS2_PLACEMENT_3D('',#14524,#14525,#14526);
#14524 = CARTESIAN_POINT('',(167.98495,-100.425553,1.51));
#14525 = DIRECTION('',(-0.,0.,-1.));
#14526 = DIRECTION('',(-0.,-1.,0.));
#14527 = FACE_BOUND('',#14528,.T.);
#14528 = EDGE_LOOP('',(#14529));
#14529 = ORIENTED_EDGE('',*,*,#14530,.T.);
#14530 = EDGE_CURVE('',#14531,#14531,#14533,.T.);
#14531 = VERTEX_POINT('',#14532);
#14532 = CARTESIAN_POINT('',(167.98495,-98.393553,1.51));
#14533 = CIRCLE('',#14534,0.508);
#14534 = AXIS2_PLACEMENT_3D('',#14535,#14536,#14537);
#14535 = CARTESIAN_POINT('',(167.98495,-97.885553,1.51));
#14536 = DIRECTION('',(-0.,0.,-1.));
#14537 = DIRECTION('',(-0.,-1.,0.));
#14538 = FACE_BOUND('',#14539,.T.);
#14539 = EDGE_LOOP('',(#14540));
#14540 = ORIENTED_EDGE('',*,*,#14541,.T.);
#14541 = EDGE_CURVE('',#14542,#14542,#14544,.T.);
#14542 = VERTEX_POINT('',#14543);
#14543 = CARTESIAN_POINT('',(167.98495,-95.853553,1.51));
#14544 = CIRCLE('',#14545,0.508);
#14545 = AXIS2_PLACEMENT_3D('',#14546,#14547,#14548);
#14546 = CARTESIAN_POINT('',(167.98495,-95.345553,1.51));
#14547 = DIRECTION('',(-0.,0.,-1.));
#14548 = DIRECTION('',(-0.,-1.,0.));
#14549 = FACE_BOUND('',#14550,.T.);
#14550 = EDGE_LOOP('',(#14551));
#14551 = ORIENTED_EDGE('',*,*,#14552,.T.);
#14552 = EDGE_CURVE('',#14553,#14553,#14555,.T.);
#14553 = VERTEX_POINT('',#14554);
#14554 = CARTESIAN_POINT('',(130.39495,-92.840553,1.51));
#14555 = CIRCLE('',#14556,0.475);
#14556 = AXIS2_PLACEMENT_3D('',#14557,#14558,#14559);
#14557 = CARTESIAN_POINT('',(130.39495,-92.365553,1.51));
#14558 = DIRECTION('',(-0.,0.,-1.));
#14559 = DIRECTION('',(-0.,-1.,0.));
#14560 = FACE_BOUND('',#14561,.T.);
#14561 = EDGE_LOOP('',(#14562));
#14562 = ORIENTED_EDGE('',*,*,#14563,.T.);
#14563 = EDGE_CURVE('',#14564,#14564,#14566,.T.);
#14564 = VERTEX_POINT('',#14565);
#14565 = CARTESIAN_POINT('',(130.39495,-90.340553,1.51));
#14566 = CIRCLE('',#14567,0.475);
#14567 = AXIS2_PLACEMENT_3D('',#14568,#14569,#14570);
#14568 = CARTESIAN_POINT('',(130.39495,-89.865553,1.51));
#14569 = DIRECTION('',(-0.,0.,-1.));
#14570 = DIRECTION('',(-0.,-1.,0.));
#14571 = FACE_BOUND('',#14572,.T.);
#14572 = EDGE_LOOP('',(#14573));
#14573 = ORIENTED_EDGE('',*,*,#14574,.T.);
#14574 = EDGE_CURVE('',#14575,#14575,#14577,.T.);
#14575 = VERTEX_POINT('',#14576);
#14576 = CARTESIAN_POINT('',(130.39495,-87.840553,1.51));
#14577 = CIRCLE('',#14578,0.475);
#14578 = AXIS2_PLACEMENT_3D('',#14579,#14580,#14581);
#14579 = CARTESIAN_POINT('',(130.39495,-87.365553,1.51));
#14580 = DIRECTION('',(-0.,0.,-1.));
#14581 = DIRECTION('',(-0.,-1.,0.));
#14582 = FACE_BOUND('',#14583,.T.);
#14583 = EDGE_LOOP('',(#14584));
#14584 = ORIENTED_EDGE('',*,*,#14585,.T.);
#14585 = EDGE_CURVE('',#14586,#14586,#14588,.T.);
#14586 = VERTEX_POINT('',#14587);
#14587 = CARTESIAN_POINT('',(130.39495,-85.340553,1.51));
#14588 = CIRCLE('',#14589,0.475);
#14589 = AXIS2_PLACEMENT_3D('',#14590,#14591,#14592);
#14590 = CARTESIAN_POINT('',(130.39495,-84.865553,1.51));
#14591 = DIRECTION('',(-0.,0.,-1.));
#14592 = DIRECTION('',(-0.,-1.,0.));
#14593 = FACE_BOUND('',#14594,.T.);
#14594 = EDGE_LOOP('',(#14595));
#14595 = ORIENTED_EDGE('',*,*,#14596,.T.);
#14596 = EDGE_CURVE('',#14597,#14597,#14599,.T.);
#14597 = VERTEX_POINT('',#14598);
#14598 = CARTESIAN_POINT('',(142.74495,-92.840553,1.51));
#14599 = CIRCLE('',#14600,0.475);
#14600 = AXIS2_PLACEMENT_3D('',#14601,#14602,#14603);
#14601 = CARTESIAN_POINT('',(142.74495,-92.365553,1.51));
#14602 = DIRECTION('',(-0.,0.,-1.));
#14603 = DIRECTION('',(-5.983517774822E-14,-1.,0.));
#14604 = FACE_BOUND('',#14605,.T.);
#14605 = EDGE_LOOP('',(#14606));
#14606 = ORIENTED_EDGE('',*,*,#14607,.T.);
#14607 = EDGE_CURVE('',#14608,#14608,#14610,.T.);
#14608 = VERTEX_POINT('',#14609);
#14609 = CARTESIAN_POINT('',(142.74495,-90.340553,1.51));
#14610 = CIRCLE('',#14611,0.475);
#14611 = AXIS2_PLACEMENT_3D('',#14612,#14613,#14614);
#14612 = CARTESIAN_POINT('',(142.74495,-89.865553,1.51));
#14613 = DIRECTION('',(-0.,0.,-1.));
#14614 = DIRECTION('',(-5.983517774822E-14,-1.,0.));
#14615 = FACE_BOUND('',#14616,.T.);
#14616 = EDGE_LOOP('',(#14617));
#14617 = ORIENTED_EDGE('',*,*,#14618,.T.);
#14618 = EDGE_CURVE('',#14619,#14619,#14621,.T.);
#14619 = VERTEX_POINT('',#14620);
#14620 = CARTESIAN_POINT('',(142.74495,-87.840553,1.51));
#14621 = CIRCLE('',#14622,0.475);
#14622 = AXIS2_PLACEMENT_3D('',#14623,#14624,#14625);
#14623 = CARTESIAN_POINT('',(142.74495,-87.365553,1.51));
#14624 = DIRECTION('',(-0.,0.,-1.));
#14625 = DIRECTION('',(-5.983517774822E-14,-1.,0.));
#14626 = FACE_BOUND('',#14627,.T.);
#14627 = EDGE_LOOP('',(#14628));
#14628 = ORIENTED_EDGE('',*,*,#14629,.T.);
#14629 = EDGE_CURVE('',#14630,#14630,#14632,.T.);
#14630 = VERTEX_POINT('',#14631);
#14631 = CARTESIAN_POINT('',(152.74495,-93.313553,1.51));
#14632 = CIRCLE('',#14633,0.508);
#14633 = AXIS2_PLACEMENT_3D('',#14634,#14635,#14636);
#14634 = CARTESIAN_POINT('',(152.74495,-92.805553,1.51));
#14635 = DIRECTION('',(-0.,0.,-1.));
#14636 = DIRECTION('',(-5.594824691025E-14,-1.,0.));
#14637 = FACE_BOUND('',#14638,.T.);
#14638 = EDGE_LOOP('',(#14639));
#14639 = ORIENTED_EDGE('',*,*,#14640,.T.);
#14640 = EDGE_CURVE('',#14641,#14641,#14643,.T.);
#14641 = VERTEX_POINT('',#14642);
#14642 = CARTESIAN_POINT('',(152.74495,-90.773553,1.51));
#14643 = CIRCLE('',#14644,0.508);
#14644 = AXIS2_PLACEMENT_3D('',#14645,#14646,#14647);
#14645 = CARTESIAN_POINT('',(152.74495,-90.265553,1.51));
#14646 = DIRECTION('',(-0.,0.,-1.));
#14647 = DIRECTION('',(-5.594824691025E-14,-1.,0.));
#14648 = FACE_BOUND('',#14649,.T.);
#14649 = EDGE_LOOP('',(#14650));
#14650 = ORIENTED_EDGE('',*,*,#14651,.T.);
#14651 = EDGE_CURVE('',#14652,#14652,#14654,.T.);
#14652 = VERTEX_POINT('',#14653);
#14653 = CARTESIAN_POINT('',(152.74495,-88.233553,1.51));
#14654 = CIRCLE('',#14655,0.508);
#14655 = AXIS2_PLACEMENT_3D('',#14656,#14657,#14658);
#14656 = CARTESIAN_POINT('',(152.74495,-87.725553,1.51));
#14657 = DIRECTION('',(-0.,0.,-1.));
#14658 = DIRECTION('',(-5.594824691025E-14,-1.,0.));
#14659 = FACE_BOUND('',#14660,.T.);
#14660 = EDGE_LOOP('',(#14661));
#14661 = ORIENTED_EDGE('',*,*,#14662,.T.);
#14662 = EDGE_CURVE('',#14663,#14663,#14665,.T.);
#14663 = VERTEX_POINT('',#14664);
#14664 = CARTESIAN_POINT('',(142.74495,-85.340553,1.51));
#14665 = CIRCLE('',#14666,0.475);
#14666 = AXIS2_PLACEMENT_3D('',#14667,#14668,#14669);
#14667 = CARTESIAN_POINT('',(142.74495,-84.865553,1.51));
#14668 = DIRECTION('',(-0.,0.,-1.));
#14669 = DIRECTION('',(-5.983517774822E-14,-1.,0.));
#14670 = FACE_BOUND('',#14671,.T.);
#14671 = EDGE_LOOP('',(#14672));
#14672 = ORIENTED_EDGE('',*,*,#14673,.T.);
#14673 = EDGE_CURVE('',#14674,#14674,#14676,.T.);
#14674 = VERTEX_POINT('',#14675);
#14675 = CARTESIAN_POINT('',(152.74495,-85.693553,1.51));
#14676 = CIRCLE('',#14677,0.508);
#14677 = AXIS2_PLACEMENT_3D('',#14678,#14679,#14680);
#14678 = CARTESIAN_POINT('',(152.74495,-85.185553,1.51));
#14679 = DIRECTION('',(-0.,0.,-1.));
#14680 = DIRECTION('',(-5.594824691025E-14,-1.,0.));
#14681 = FACE_BOUND('',#14682,.T.);
#14682 = EDGE_LOOP('',(#14683));
#14683 = ORIENTED_EDGE('',*,*,#14684,.T.);
#14684 = EDGE_CURVE('',#14685,#14685,#14687,.T.);
#14685 = VERTEX_POINT('',#14686);
#14686 = CARTESIAN_POINT('',(152.74495,-83.153553,1.51));
#14687 = CIRCLE('',#14688,0.508);
#14688 = AXIS2_PLACEMENT_3D('',#14689,#14690,#14691);
#14689 = CARTESIAN_POINT('',(152.74495,-82.645553,1.51));
#14690 = DIRECTION('',(-0.,0.,-1.));
#14691 = DIRECTION('',(-5.594824691025E-14,-1.,0.));
#14692 = FACE_BOUND('',#14693,.T.);
#14693 = EDGE_LOOP('',(#14694));
#14694 = ORIENTED_EDGE('',*,*,#14695,.T.);
#14695 = EDGE_CURVE('',#14696,#14696,#14698,.T.);
#14696 = VERTEX_POINT('',#14697);
#14697 = CARTESIAN_POINT('',(152.74495,-80.613553,1.51));
#14698 = CIRCLE('',#14699,0.508);
#14699 = AXIS2_PLACEMENT_3D('',#14700,#14701,#14702);
#14700 = CARTESIAN_POINT('',(152.74495,-80.105553,1.51));
#14701 = DIRECTION('',(-0.,0.,-1.));
#14702 = DIRECTION('',(-5.594824691025E-14,-1.,0.));
#14703 = FACE_BOUND('',#14704,.T.);
#14704 = EDGE_LOOP('',(#14705));
#14705 = ORIENTED_EDGE('',*,*,#14706,.T.);
#14706 = EDGE_CURVE('',#14707,#14707,#14709,.T.);
#14707 = VERTEX_POINT('',#14708);
#14708 = CARTESIAN_POINT('',(130.39495,-72.840553,1.51));
#14709 = CIRCLE('',#14710,0.475);
#14710 = AXIS2_PLACEMENT_3D('',#14711,#14712,#14713);
#14711 = CARTESIAN_POINT('',(130.39495,-72.365553,1.51));
#14712 = DIRECTION('',(-0.,0.,-1.));
#14713 = DIRECTION('',(-0.,-1.,0.));
#14714 = FACE_BOUND('',#14715,.T.);
#14715 = EDGE_LOOP('',(#14716));
#14716 = ORIENTED_EDGE('',*,*,#14717,.T.);
#14717 = EDGE_CURVE('',#14718,#14718,#14720,.T.);
#14718 = VERTEX_POINT('',#14719);
#14719 = CARTESIAN_POINT('',(130.39495,-70.340553,1.51));
#14720 = CIRCLE('',#14721,0.475);
#14721 = AXIS2_PLACEMENT_3D('',#14722,#14723,#14724);
#14722 = CARTESIAN_POINT('',(130.39495,-69.865553,1.51));
#14723 = DIRECTION('',(-0.,0.,-1.));
#14724 = DIRECTION('',(-0.,-1.,0.));
#14725 = FACE_BOUND('',#14726,.T.);
#14726 = EDGE_LOOP('',(#14727));
#14727 = ORIENTED_EDGE('',*,*,#14728,.T.);
#14728 = EDGE_CURVE('',#14729,#14729,#14731,.T.);
#14729 = VERTEX_POINT('',#14730);
#14730 = CARTESIAN_POINT('',(130.39495,-67.840553,1.51));
#14731 = CIRCLE('',#14732,0.475);
#14732 = AXIS2_PLACEMENT_3D('',#14733,#14734,#14735);
#14733 = CARTESIAN_POINT('',(130.39495,-67.365553,1.51));
#14734 = DIRECTION('',(-0.,0.,-1.));
#14735 = DIRECTION('',(-0.,-1.,0.));
#14736 = FACE_BOUND('',#14737,.T.);
#14737 = EDGE_LOOP('',(#14738));
#14738 = ORIENTED_EDGE('',*,*,#14739,.T.);
#14739 = EDGE_CURVE('',#14740,#14740,#14742,.T.);
#14740 = VERTEX_POINT('',#14741);
#14741 = CARTESIAN_POINT('',(130.39495,-65.340553,1.51));
#14742 = CIRCLE('',#14743,0.475);
#14743 = AXIS2_PLACEMENT_3D('',#14744,#14745,#14746);
#14744 = CARTESIAN_POINT('',(130.39495,-64.865553,1.51));
#14745 = DIRECTION('',(-0.,0.,-1.));
#14746 = DIRECTION('',(-0.,-1.,0.));
#14747 = FACE_BOUND('',#14748,.T.);
#14748 = EDGE_LOOP('',(#14749));
#14749 = ORIENTED_EDGE('',*,*,#14750,.T.);
#14750 = EDGE_CURVE('',#14751,#14751,#14753,.T.);
#14751 = VERTEX_POINT('',#14752);
#14752 = CARTESIAN_POINT('',(130.39495,-62.840553,1.51));
#14753 = CIRCLE('',#14754,0.475);
#14754 = AXIS2_PLACEMENT_3D('',#14755,#14756,#14757);
#14755 = CARTESIAN_POINT('',(130.39495,-62.365553,1.51));
#14756 = DIRECTION('',(-0.,0.,-1.));
#14757 = DIRECTION('',(-0.,-1.,0.));
#14758 = FACE_BOUND('',#14759,.T.);
#14759 = EDGE_LOOP('',(#14760));
#14760 = ORIENTED_EDGE('',*,*,#14761,.T.);
#14761 = EDGE_CURVE('',#14762,#14762,#14764,.T.);
#14762 = VERTEX_POINT('',#14763);
#14763 = CARTESIAN_POINT('',(142.74495,-72.840553,1.51));
#14764 = CIRCLE('',#14765,0.475);
#14765 = AXIS2_PLACEMENT_3D('',#14766,#14767,#14768);
#14766 = CARTESIAN_POINT('',(142.74495,-72.365553,1.51));
#14767 = DIRECTION('',(-0.,0.,-1.));
#14768 = DIRECTION('',(-5.983517774822E-14,-1.,0.));
#14769 = FACE_BOUND('',#14770,.T.);
#14770 = EDGE_LOOP('',(#14771));
#14771 = ORIENTED_EDGE('',*,*,#14772,.T.);
#14772 = EDGE_CURVE('',#14773,#14773,#14775,.T.);
#14773 = VERTEX_POINT('',#14774);
#14774 = CARTESIAN_POINT('',(142.74495,-70.340553,1.51));
#14775 = CIRCLE('',#14776,0.475);
#14776 = AXIS2_PLACEMENT_3D('',#14777,#14778,#14779);
#14777 = CARTESIAN_POINT('',(142.74495,-69.865553,1.51));
#14778 = DIRECTION('',(-0.,0.,-1.));
#14779 = DIRECTION('',(-5.983517774822E-14,-1.,0.));
#14780 = FACE_BOUND('',#14781,.T.);
#14781 = EDGE_LOOP('',(#14782));
#14782 = ORIENTED_EDGE('',*,*,#14783,.T.);
#14783 = EDGE_CURVE('',#14784,#14784,#14786,.T.);
#14784 = VERTEX_POINT('',#14785);
#14785 = CARTESIAN_POINT('',(152.74495,-78.073553,1.51));
#14786 = CIRCLE('',#14787,0.508);
#14787 = AXIS2_PLACEMENT_3D('',#14788,#14789,#14790);
#14788 = CARTESIAN_POINT('',(152.74495,-77.565553,1.51));
#14789 = DIRECTION('',(-0.,0.,-1.));
#14790 = DIRECTION('',(-5.594824691025E-14,-1.,0.));
#14791 = FACE_BOUND('',#14792,.T.);
#14792 = EDGE_LOOP('',(#14793));
#14793 = ORIENTED_EDGE('',*,*,#14794,.T.);
#14794 = EDGE_CURVE('',#14795,#14795,#14797,.T.);
#14795 = VERTEX_POINT('',#14796);
#14796 = CARTESIAN_POINT('',(152.74495,-75.533553,1.51));
#14797 = CIRCLE('',#14798,0.508);
#14798 = AXIS2_PLACEMENT_3D('',#14799,#14800,#14801);
#14799 = CARTESIAN_POINT('',(152.74495,-75.025553,1.51));
#14800 = DIRECTION('',(-0.,0.,-1.));
#14801 = DIRECTION('',(-5.594824691025E-14,-1.,0.));
#14802 = FACE_BOUND('',#14803,.T.);
#14803 = EDGE_LOOP('',(#14804));
#14804 = ORIENTED_EDGE('',*,*,#14805,.T.);
#14805 = EDGE_CURVE('',#14806,#14806,#14808,.T.);
#14806 = VERTEX_POINT('',#14807);
#14807 = CARTESIAN_POINT('',(152.74495,-72.993553,1.51));
#14808 = CIRCLE('',#14809,0.508);
#14809 = AXIS2_PLACEMENT_3D('',#14810,#14811,#14812);
#14810 = CARTESIAN_POINT('',(152.74495,-72.485553,1.51));
#14811 = DIRECTION('',(-0.,0.,-1.));
#14812 = DIRECTION('',(-5.594824691025E-14,-1.,0.));
#14813 = FACE_BOUND('',#14814,.T.);
#14814 = EDGE_LOOP('',(#14815));
#14815 = ORIENTED_EDGE('',*,*,#14816,.T.);
#14816 = EDGE_CURVE('',#14817,#14817,#14819,.T.);
#14817 = VERTEX_POINT('',#14818);
#14818 = CARTESIAN_POINT('',(152.74495,-70.453553,1.51));
#14819 = CIRCLE('',#14820,0.508);
#14820 = AXIS2_PLACEMENT_3D('',#14821,#14822,#14823);
#14821 = CARTESIAN_POINT('',(152.74495,-69.945553,1.51));
#14822 = DIRECTION('',(-0.,0.,-1.));
#14823 = DIRECTION('',(-5.594824691025E-14,-1.,0.));
#14824 = FACE_BOUND('',#14825,.T.);
#14825 = EDGE_LOOP('',(#14826));
#14826 = ORIENTED_EDGE('',*,*,#14827,.T.);
#14827 = EDGE_CURVE('',#14828,#14828,#14830,.T.);
#14828 = VERTEX_POINT('',#14829);
#14829 = CARTESIAN_POINT('',(142.74495,-67.840553,1.51));
#14830 = CIRCLE('',#14831,0.475);
#14831 = AXIS2_PLACEMENT_3D('',#14832,#14833,#14834);
#14832 = CARTESIAN_POINT('',(142.74495,-67.365553,1.51));
#14833 = DIRECTION('',(-0.,0.,-1.));
#14834 = DIRECTION('',(-5.983517774822E-14,-1.,0.));
#14835 = FACE_BOUND('',#14836,.T.);
#14836 = EDGE_LOOP('',(#14837));
#14837 = ORIENTED_EDGE('',*,*,#14838,.T.);
#14838 = EDGE_CURVE('',#14839,#14839,#14841,.T.);
#14839 = VERTEX_POINT('',#14840);
#14840 = CARTESIAN_POINT('',(142.74495,-65.340553,1.51));
#14841 = CIRCLE('',#14842,0.475);
#14842 = AXIS2_PLACEMENT_3D('',#14843,#14844,#14845);
#14843 = CARTESIAN_POINT('',(142.74495,-64.865553,1.51));
#14844 = DIRECTION('',(-0.,0.,-1.));
#14845 = DIRECTION('',(-5.983517774822E-14,-1.,0.));
#14846 = FACE_BOUND('',#14847,.T.);
#14847 = EDGE_LOOP('',(#14848));
#14848 = ORIENTED_EDGE('',*,*,#14849,.T.);
#14849 = EDGE_CURVE('',#14850,#14850,#14852,.T.);
#14850 = VERTEX_POINT('',#14851);
#14851 = CARTESIAN_POINT('',(142.74495,-62.840553,1.51));
#14852 = CIRCLE('',#14853,0.475);
#14853 = AXIS2_PLACEMENT_3D('',#14854,#14855,#14856);
#14854 = CARTESIAN_POINT('',(142.74495,-62.365553,1.51));
#14855 = DIRECTION('',(-0.,0.,-1.));
#14856 = DIRECTION('',(-5.983517774822E-14,-1.,0.));
#14857 = FACE_BOUND('',#14858,.T.);
#14858 = EDGE_LOOP('',(#14859));
#14859 = ORIENTED_EDGE('',*,*,#14860,.T.);
#14860 = EDGE_CURVE('',#14861,#14861,#14863,.T.);
#14861 = VERTEX_POINT('',#14862);
#14862 = CARTESIAN_POINT('',(152.74495,-67.913553,1.51));
#14863 = CIRCLE('',#14864,0.508);
#14864 = AXIS2_PLACEMENT_3D('',#14865,#14866,#14867);
#14865 = CARTESIAN_POINT('',(152.74495,-67.405553,1.51));
#14866 = DIRECTION('',(-0.,0.,-1.));
#14867 = DIRECTION('',(-5.594824691025E-14,-1.,0.));
#14868 = FACE_BOUND('',#14869,.T.);
#14869 = EDGE_LOOP('',(#14870));
#14870 = ORIENTED_EDGE('',*,*,#14871,.T.);
#14871 = EDGE_CURVE('',#14872,#14872,#14874,.T.);
#14872 = VERTEX_POINT('',#14873);
#14873 = CARTESIAN_POINT('',(152.74495,-65.373553,1.51));
#14874 = CIRCLE('',#14875,0.508);
#14875 = AXIS2_PLACEMENT_3D('',#14876,#14877,#14878);
#14876 = CARTESIAN_POINT('',(152.74495,-64.865553,1.51));
#14877 = DIRECTION('',(-0.,0.,-1.));
#14878 = DIRECTION('',(-5.594824691025E-14,-1.,0.));
#14879 = FACE_BOUND('',#14880,.T.);
#14880 = EDGE_LOOP('',(#14881));
#14881 = ORIENTED_EDGE('',*,*,#14882,.T.);
#14882 = EDGE_CURVE('',#14883,#14883,#14885,.T.);
#14883 = VERTEX_POINT('',#14884);
#14884 = CARTESIAN_POINT('',(152.74495,-62.833553,1.51));
#14885 = CIRCLE('',#14886,0.508);
#14886 = AXIS2_PLACEMENT_3D('',#14887,#14888,#14889);
#14887 = CARTESIAN_POINT('',(152.74495,-62.325553,1.51));
#14888 = DIRECTION('',(-0.,0.,-1.));
#14889 = DIRECTION('',(-5.594824691025E-14,-1.,0.));
#14890 = FACE_BOUND('',#14891,.T.);
#14891 = EDGE_LOOP('',(#14892));
#14892 = ORIENTED_EDGE('',*,*,#14893,.T.);
#14893 = EDGE_CURVE('',#14894,#14894,#14896,.T.);
#14894 = VERTEX_POINT('',#14895);
#14895 = CARTESIAN_POINT('',(167.98495,-93.313553,1.51));
#14896 = CIRCLE('',#14897,0.508);
#14897 = AXIS2_PLACEMENT_3D('',#14898,#14899,#14900);
#14898 = CARTESIAN_POINT('',(167.98495,-92.805553,1.51));
#14899 = DIRECTION('',(-0.,0.,-1.));
#14900 = DIRECTION('',(-0.,-1.,0.));
#14901 = FACE_BOUND('',#14902,.T.);
#14902 = EDGE_LOOP('',(#14903));
#14903 = ORIENTED_EDGE('',*,*,#14904,.T.);
#14904 = EDGE_CURVE('',#14905,#14905,#14907,.T.);
#14905 = VERTEX_POINT('',#14906);
#14906 = CARTESIAN_POINT('',(167.98495,-90.773553,1.51));
#14907 = CIRCLE('',#14908,0.508);
#14908 = AXIS2_PLACEMENT_3D('',#14909,#14910,#14911);
#14909 = CARTESIAN_POINT('',(167.98495,-90.265553,1.51));
#14910 = DIRECTION('',(-0.,0.,-1.));
#14911 = DIRECTION('',(-0.,-1.,0.));
#14912 = FACE_BOUND('',#14913,.T.);
#14913 = EDGE_LOOP('',(#14914));
#14914 = ORIENTED_EDGE('',*,*,#14915,.T.);
#14915 = EDGE_CURVE('',#14916,#14916,#14918,.T.);
#14916 = VERTEX_POINT('',#14917);
#14917 = CARTESIAN_POINT('',(167.98495,-88.233553,1.51));
#14918 = CIRCLE('',#14919,0.508);
#14919 = AXIS2_PLACEMENT_3D('',#14920,#14921,#14922);
#14920 = CARTESIAN_POINT('',(167.98495,-87.725553,1.51));
#14921 = DIRECTION('',(-0.,0.,-1.));
#14922 = DIRECTION('',(-0.,-1.,0.));
#14923 = FACE_BOUND('',#14924,.T.);
#14924 = EDGE_LOOP('',(#14925));
#14925 = ORIENTED_EDGE('',*,*,#14926,.T.);
#14926 = EDGE_CURVE('',#14927,#14927,#14929,.T.);
#14927 = VERTEX_POINT('',#14928);
#14928 = CARTESIAN_POINT('',(167.98495,-85.693553,1.51));
#14929 = CIRCLE('',#14930,0.508);
#14930 = AXIS2_PLACEMENT_3D('',#14931,#14932,#14933);
#14931 = CARTESIAN_POINT('',(167.98495,-85.185553,1.51));
#14932 = DIRECTION('',(-0.,0.,-1.));
#14933 = DIRECTION('',(-0.,-1.,0.));
#14934 = FACE_BOUND('',#14935,.T.);
#14935 = EDGE_LOOP('',(#14936));
#14936 = ORIENTED_EDGE('',*,*,#14937,.T.);
#14937 = EDGE_CURVE('',#14938,#14938,#14940,.T.);
#14938 = VERTEX_POINT('',#14939);
#14939 = CARTESIAN_POINT('',(167.98495,-83.153553,1.51));
#14940 = CIRCLE('',#14941,0.508);
#14941 = AXIS2_PLACEMENT_3D('',#14942,#14943,#14944);
#14942 = CARTESIAN_POINT('',(167.98495,-82.645553,1.51));
#14943 = DIRECTION('',(-0.,0.,-1.));
#14944 = DIRECTION('',(-0.,-1.,0.));
#14945 = FACE_BOUND('',#14946,.T.);
#14946 = EDGE_LOOP('',(#14947));
#14947 = ORIENTED_EDGE('',*,*,#14948,.T.);
#14948 = EDGE_CURVE('',#14949,#14949,#14951,.T.);
#14949 = VERTEX_POINT('',#14950);
#14950 = CARTESIAN_POINT('',(167.98495,-80.613553,1.51));
#14951 = CIRCLE('',#14952,0.508);
#14952 = AXIS2_PLACEMENT_3D('',#14953,#14954,#14955);
#14953 = CARTESIAN_POINT('',(167.98495,-80.105553,1.51));
#14954 = DIRECTION('',(-0.,0.,-1.));
#14955 = DIRECTION('',(-0.,-1.,0.));
#14956 = FACE_BOUND('',#14957,.T.);
#14957 = EDGE_LOOP('',(#14958));
#14958 = ORIENTED_EDGE('',*,*,#14959,.T.);
#14959 = EDGE_CURVE('',#14960,#14960,#14962,.T.);
#14960 = VERTEX_POINT('',#14961);
#14961 = CARTESIAN_POINT('',(167.98495,-78.073553,1.51));
#14962 = CIRCLE('',#14963,0.508);
#14963 = AXIS2_PLACEMENT_3D('',#14964,#14965,#14966);
#14964 = CARTESIAN_POINT('',(167.98495,-77.565553,1.51));
#14965 = DIRECTION('',(-0.,0.,-1.));
#14966 = DIRECTION('',(-0.,-1.,0.));
#14967 = FACE_BOUND('',#14968,.T.);
#14968 = EDGE_LOOP('',(#14969));
#14969 = ORIENTED_EDGE('',*,*,#14970,.T.);
#14970 = EDGE_CURVE('',#14971,#14971,#14973,.T.);
#14971 = VERTEX_POINT('',#14972);
#14972 = CARTESIAN_POINT('',(167.98495,-75.533553,1.51));
#14973 = CIRCLE('',#14974,0.508);
#14974 = AXIS2_PLACEMENT_3D('',#14975,#14976,#14977);
#14975 = CARTESIAN_POINT('',(167.98495,-75.025553,1.51));
#14976 = DIRECTION('',(-0.,0.,-1.));
#14977 = DIRECTION('',(-0.,-1.,0.));
#14978 = FACE_BOUND('',#14979,.T.);
#14979 = EDGE_LOOP('',(#14980));
#14980 = ORIENTED_EDGE('',*,*,#14981,.T.);
#14981 = EDGE_CURVE('',#14982,#14982,#14984,.T.);
#14982 = VERTEX_POINT('',#14983);
#14983 = CARTESIAN_POINT('',(167.98495,-72.993553,1.51));
#14984 = CIRCLE('',#14985,0.508);
#14985 = AXIS2_PLACEMENT_3D('',#14986,#14987,#14988);
#14986 = CARTESIAN_POINT('',(167.98495,-72.485553,1.51));
#14987 = DIRECTION('',(-0.,0.,-1.));
#14988 = DIRECTION('',(-0.,-1.,0.));
#14989 = FACE_BOUND('',#14990,.T.);
#14990 = EDGE_LOOP('',(#14991));
#14991 = ORIENTED_EDGE('',*,*,#14992,.T.);
#14992 = EDGE_CURVE('',#14993,#14993,#14995,.T.);
#14993 = VERTEX_POINT('',#14994);
#14994 = CARTESIAN_POINT('',(167.98495,-70.453553,1.51));
#14995 = CIRCLE('',#14996,0.508);
#14996 = AXIS2_PLACEMENT_3D('',#14997,#14998,#14999);
#14997 = CARTESIAN_POINT('',(167.98495,-69.945553,1.51));
#14998 = DIRECTION('',(-0.,0.,-1.));
#14999 = DIRECTION('',(-0.,-1.,0.));
#15000 = FACE_BOUND('',#15001,.T.);
#15001 = EDGE_LOOP('',(#15002));
#15002 = ORIENTED_EDGE('',*,*,#15003,.T.);
#15003 = EDGE_CURVE('',#15004,#15004,#15006,.T.);
#15004 = VERTEX_POINT('',#15005);
#15005 = CARTESIAN_POINT('',(167.98495,-67.913553,1.51));
#15006 = CIRCLE('',#15007,0.508);
#15007 = AXIS2_PLACEMENT_3D('',#15008,#15009,#15010);
#15008 = CARTESIAN_POINT('',(167.98495,-67.405553,1.51));
#15009 = DIRECTION('',(-0.,0.,-1.));
#15010 = DIRECTION('',(-0.,-1.,0.));
#15011 = FACE_BOUND('',#15012,.T.);
#15012 = EDGE_LOOP('',(#15013));
#15013 = ORIENTED_EDGE('',*,*,#15014,.T.);
#15014 = EDGE_CURVE('',#15015,#15015,#15017,.T.);
#15015 = VERTEX_POINT('',#15016);
#15016 = CARTESIAN_POINT('',(167.98495,-65.373553,1.51));
#15017 = CIRCLE('',#15018,0.508);
#15018 = AXIS2_PLACEMENT_3D('',#15019,#15020,#15021);
#15019 = CARTESIAN_POINT('',(167.98495,-64.865553,1.51));
#15020 = DIRECTION('',(-0.,0.,-1.));
#15021 = DIRECTION('',(-0.,-1.,0.));
#15022 = FACE_BOUND('',#15023,.T.);
#15023 = EDGE_LOOP('',(#15024));
#15024 = ORIENTED_EDGE('',*,*,#15025,.T.);
#15025 = EDGE_CURVE('',#15026,#15026,#15028,.T.);
#15026 = VERTEX_POINT('',#15027);
#15027 = CARTESIAN_POINT('',(167.98495,-62.833553,1.51));
#15028 = CIRCLE('',#15029,0.508);
#15029 = AXIS2_PLACEMENT_3D('',#15030,#15031,#15032);
#15030 = CARTESIAN_POINT('',(167.98495,-62.325553,1.51));
#15031 = DIRECTION('',(-0.,0.,-1.));
#15032 = DIRECTION('',(-0.,-1.,0.));
#15033 = PLANE('',#15034);
#15034 = AXIS2_PLACEMENT_3D('',#15035,#15036,#15037);
#15035 = CARTESIAN_POINT('',(0.,0.,1.51));
#15036 = DIRECTION('',(0.,0.,1.));
#15037 = DIRECTION('',(1.,0.,-0.));
#15038 = ADVANCED_FACE('',(#15039),#15050,.T.);
#15039 = FACE_BOUND('',#15040,.T.);
#15040 = EDGE_LOOP('',(#15041,#15047,#15048,#15049));
#15041 = ORIENTED_EDGE('',*,*,#15042,.T.);
#15042 = EDGE_CURVE('',#13169,#14107,#15043,.T.);
#15043 = LINE('',#15044,#15045);
#15044 = CARTESIAN_POINT('',(158.8,-57.365553,0.));
#15045 = VECTOR('',#15046,1.);
#15046 = DIRECTION('',(0.,0.,1.));
#15047 = ORIENTED_EDGE('',*,*,#14106,.T.);
#15048 = ORIENTED_EDGE('',*,*,#13104,.F.);
#15049 = ORIENTED_EDGE('',*,*,#13168,.F.);
#15050 = PLANE('',#15051);
#15051 = AXIS2_PLACEMENT_3D('',#15052,#15053,#15054);
#15052 = CARTESIAN_POINT('',(158.8,-57.365553,0.));
#15053 = DIRECTION('',(0.,1.,0.));
#15054 = DIRECTION('',(1.,0.,0.));
#15055 = ADVANCED_FACE('',(#15056),#15062,.T.);
#15056 = FACE_BOUND('',#15057,.T.);
#15057 = EDGE_LOOP('',(#15058,#15059,#15060,#15061));
#15058 = ORIENTED_EDGE('',*,*,#13144,.T.);
#15059 = ORIENTED_EDGE('',*,*,#14114,.T.);
#15060 = ORIENTED_EDGE('',*,*,#15042,.F.);
#15061 = ORIENTED_EDGE('',*,*,#13176,.F.);
#15062 = PLANE('',#15063);
#15063 = AXIS2_PLACEMENT_3D('',#15064,#15065,#15066);
#15064 = CARTESIAN_POINT('',(120.25,-57.365553,0.));
#15065 = DIRECTION('',(0.,1.,0.));
#15066 = DIRECTION('',(1.,0.,0.));
#15067 = ADVANCED_FACE('',(#15068),#15079,.F.);
#15068 = FACE_BOUND('',#15069,.T.);
#15069 = EDGE_LOOP('',(#15070,#15071,#15077,#15078));
#15070 = ORIENTED_EDGE('',*,*,#13185,.T.);
#15071 = ORIENTED_EDGE('',*,*,#15072,.T.);
#15072 = EDGE_CURVE('',#13186,#14124,#15073,.T.);
#15073 = LINE('',#15074,#15075);
#15074 = CARTESIAN_POINT('',(130.39495,-117.840553,-4.6E-02));
#15075 = VECTOR('',#15076,1.);
#15076 = DIRECTION('',(0.,0.,1.));
#15077 = ORIENTED_EDGE('',*,*,#14123,.F.);
#15078 = ORIENTED_EDGE('',*,*,#15072,.F.);
#15079 = CYLINDRICAL_SURFACE('',#15080,0.475);
#15080 = AXIS2_PLACEMENT_3D('',#15081,#15082,#15083);
#15081 = CARTESIAN_POINT('',(130.39495,-117.365553,-4.6E-02));
#15082 = DIRECTION('',(-0.,-0.,-1.));
#15083 = DIRECTION('',(-0.,-1.,0.));
#15084 = ADVANCED_FACE('',(#15085),#15096,.F.);
#15085 = FACE_BOUND('',#15086,.T.);
#15086 = EDGE_LOOP('',(#15087,#15088,#15094,#15095));
#15087 = ORIENTED_EDGE('',*,*,#13196,.T.);
#15088 = ORIENTED_EDGE('',*,*,#15089,.T.);
#15089 = EDGE_CURVE('',#13197,#14135,#15090,.T.);
#15090 = LINE('',#15091,#15092);
#15091 = CARTESIAN_POINT('',(130.39495,-115.340553,-4.6E-02));
#15092 = VECTOR('',#15093,1.);
#15093 = DIRECTION('',(0.,0.,1.));
#15094 = ORIENTED_EDGE('',*,*,#14134,.F.);
#15095 = ORIENTED_EDGE('',*,*,#15089,.F.);
#15096 = CYLINDRICAL_SURFACE('',#15097,0.475);
#15097 = AXIS2_PLACEMENT_3D('',#15098,#15099,#15100);
#15098 = CARTESIAN_POINT('',(130.39495,-114.865553,-4.6E-02));
#15099 = DIRECTION('',(-0.,-0.,-1.));
#15100 = DIRECTION('',(-0.,-1.,0.));
#15101 = ADVANCED_FACE('',(#15102),#15113,.F.);
#15102 = FACE_BOUND('',#15103,.T.);
#15103 = EDGE_LOOP('',(#15104,#15105,#15111,#15112));
#15104 = ORIENTED_EDGE('',*,*,#13207,.T.);
#15105 = ORIENTED_EDGE('',*,*,#15106,.T.);
#15106 = EDGE_CURVE('',#13208,#14146,#15107,.T.);
#15107 = LINE('',#15108,#15109);
#15108 = CARTESIAN_POINT('',(130.39495,-112.840553,-4.6E-02));
#15109 = VECTOR('',#15110,1.);
#15110 = DIRECTION('',(0.,0.,1.));
#15111 = ORIENTED_EDGE('',*,*,#14145,.F.);
#15112 = ORIENTED_EDGE('',*,*,#15106,.F.);
#15113 = CYLINDRICAL_SURFACE('',#15114,0.475);
#15114 = AXIS2_PLACEMENT_3D('',#15115,#15116,#15117);
#15115 = CARTESIAN_POINT('',(130.39495,-112.365553,-4.6E-02));
#15116 = DIRECTION('',(-0.,-0.,-1.));
#15117 = DIRECTION('',(-0.,-1.,0.));
#15118 = ADVANCED_FACE('',(#15119),#15130,.F.);
#15119 = FACE_BOUND('',#15120,.T.);
#15120 = EDGE_LOOP('',(#15121,#15122,#15128,#15129));
#15121 = ORIENTED_EDGE('',*,*,#13218,.T.);
#15122 = ORIENTED_EDGE('',*,*,#15123,.T.);
#15123 = EDGE_CURVE('',#13219,#14157,#15124,.T.);
#15124 = LINE('',#15125,#15126);
#15125 = CARTESIAN_POINT('',(130.39495,-110.340553,-4.6E-02));
#15126 = VECTOR('',#15127,1.);
#15127 = DIRECTION('',(0.,0.,1.));
#15128 = ORIENTED_EDGE('',*,*,#14156,.F.);
#15129 = ORIENTED_EDGE('',*,*,#15123,.F.);
#15130 = CYLINDRICAL_SURFACE('',#15131,0.475);
#15131 = AXIS2_PLACEMENT_3D('',#15132,#15133,#15134);
#15132 = CARTESIAN_POINT('',(130.39495,-109.865553,-4.6E-02));
#15133 = DIRECTION('',(-0.,-0.,-1.));
#15134 = DIRECTION('',(-0.,-1.,0.));
#15135 = ADVANCED_FACE('',(#15136),#15147,.F.);
#15136 = FACE_BOUND('',#15137,.T.);
#15137 = EDGE_LOOP('',(#15138,#15139,#15145,#15146));
#15138 = ORIENTED_EDGE('',*,*,#13229,.T.);
#15139 = ORIENTED_EDGE('',*,*,#15140,.T.);
#15140 = EDGE_CURVE('',#13230,#14168,#15141,.T.);
#15141 = LINE('',#15142,#15143);
#15142 = CARTESIAN_POINT('',(142.74495,-117.840553,-4.6E-02));
#15143 = VECTOR('',#15144,1.);
#15144 = DIRECTION('',(0.,0.,1.));
#15145 = ORIENTED_EDGE('',*,*,#14167,.F.);
#15146 = ORIENTED_EDGE('',*,*,#15140,.F.);
#15147 = CYLINDRICAL_SURFACE('',#15148,0.475);
#15148 = AXIS2_PLACEMENT_3D('',#15149,#15150,#15151);
#15149 = CARTESIAN_POINT('',(142.74495,-117.365553,-4.6E-02));
#15150 = DIRECTION('',(-0.,-0.,-1.));
#15151 = DIRECTION('',(-5.983517774822E-14,-1.,0.));
#15152 = ADVANCED_FACE('',(#15153),#15164,.F.);
#15153 = FACE_BOUND('',#15154,.T.);
#15154 = EDGE_LOOP('',(#15155,#15156,#15162,#15163));
#15155 = ORIENTED_EDGE('',*,*,#13240,.T.);
#15156 = ORIENTED_EDGE('',*,*,#15157,.T.);
#15157 = EDGE_CURVE('',#13241,#14179,#15158,.T.);
#15158 = LINE('',#15159,#15160);
#15159 = CARTESIAN_POINT('',(152.74495,-121.253553,-4.6E-02));
#15160 = VECTOR('',#15161,1.);
#15161 = DIRECTION('',(0.,0.,1.));
#15162 = ORIENTED_EDGE('',*,*,#14178,.F.);
#15163 = ORIENTED_EDGE('',*,*,#15157,.F.);
#15164 = CYLINDRICAL_SURFACE('',#15165,0.508);
#15165 = AXIS2_PLACEMENT_3D('',#15166,#15167,#15168);
#15166 = CARTESIAN_POINT('',(152.74495,-120.745553,-4.6E-02));
#15167 = DIRECTION('',(-0.,-0.,-1.));
#15168 = DIRECTION('',(-5.594824691025E-14,-1.,0.));
#15169 = ADVANCED_FACE('',(#15170),#15181,.F.);
#15170 = FACE_BOUND('',#15171,.T.);
#15171 = EDGE_LOOP('',(#15172,#15173,#15179,#15180));
#15172 = ORIENTED_EDGE('',*,*,#13251,.T.);
#15173 = ORIENTED_EDGE('',*,*,#15174,.T.);
#15174 = EDGE_CURVE('',#13252,#14190,#15175,.T.);
#15175 = LINE('',#15176,#15177);
#15176 = CARTESIAN_POINT('',(152.74495,-118.713553,-4.6E-02));
#15177 = VECTOR('',#15178,1.);
#15178 = DIRECTION('',(0.,0.,1.));
#15179 = ORIENTED_EDGE('',*,*,#14189,.F.);
#15180 = ORIENTED_EDGE('',*,*,#15174,.F.);
#15181 = CYLINDRICAL_SURFACE('',#15182,0.508);
#15182 = AXIS2_PLACEMENT_3D('',#15183,#15184,#15185);
#15183 = CARTESIAN_POINT('',(152.74495,-118.205553,-4.6E-02));
#15184 = DIRECTION('',(-0.,-0.,-1.));
#15185 = DIRECTION('',(-5.594824691025E-14,-1.,0.));
#15186 = ADVANCED_FACE('',(#15187),#15198,.F.);
#15187 = FACE_BOUND('',#15188,.T.);
#15188 = EDGE_LOOP('',(#15189,#15190,#15196,#15197));
#15189 = ORIENTED_EDGE('',*,*,#13262,.T.);
#15190 = ORIENTED_EDGE('',*,*,#15191,.T.);
#15191 = EDGE_CURVE('',#13263,#14201,#15192,.T.);
#15192 = LINE('',#15193,#15194);
#15193 = CARTESIAN_POINT('',(142.74495,-115.340553,-4.6E-02));
#15194 = VECTOR('',#15195,1.);
#15195 = DIRECTION('',(0.,0.,1.));
#15196 = ORIENTED_EDGE('',*,*,#14200,.F.);
#15197 = ORIENTED_EDGE('',*,*,#15191,.F.);
#15198 = CYLINDRICAL_SURFACE('',#15199,0.475);
#15199 = AXIS2_PLACEMENT_3D('',#15200,#15201,#15202);
#15200 = CARTESIAN_POINT('',(142.74495,-114.865553,-4.6E-02));
#15201 = DIRECTION('',(-0.,-0.,-1.));
#15202 = DIRECTION('',(-5.983517774822E-14,-1.,0.));
#15203 = ADVANCED_FACE('',(#15204),#15215,.F.);
#15204 = FACE_BOUND('',#15205,.T.);
#15205 = EDGE_LOOP('',(#15206,#15207,#15213,#15214));
#15206 = ORIENTED_EDGE('',*,*,#13273,.T.);
#15207 = ORIENTED_EDGE('',*,*,#15208,.T.);
#15208 = EDGE_CURVE('',#13274,#14212,#15209,.T.);
#15209 = LINE('',#15210,#15211);
#15210 = CARTESIAN_POINT('',(142.74495,-112.840553,-4.6E-02));
#15211 = VECTOR('',#15212,1.);
#15212 = DIRECTION('',(0.,0.,1.));
#15213 = ORIENTED_EDGE('',*,*,#14211,.F.);
#15214 = ORIENTED_EDGE('',*,*,#15208,.F.);
#15215 = CYLINDRICAL_SURFACE('',#15216,0.475);
#15216 = AXIS2_PLACEMENT_3D('',#15217,#15218,#15219);
#15217 = CARTESIAN_POINT('',(142.74495,-112.365553,-4.6E-02));
#15218 = DIRECTION('',(-0.,-0.,-1.));
#15219 = DIRECTION('',(-5.983517774822E-14,-1.,0.));
#15220 = ADVANCED_FACE('',(#15221),#15232,.F.);
#15221 = FACE_BOUND('',#15222,.T.);
#15222 = EDGE_LOOP('',(#15223,#15224,#15230,#15231));
#15223 = ORIENTED_EDGE('',*,*,#13284,.T.);
#15224 = ORIENTED_EDGE('',*,*,#15225,.T.);
#15225 = EDGE_CURVE('',#13285,#14223,#15226,.T.);
#15226 = LINE('',#15227,#15228);
#15227 = CARTESIAN_POINT('',(142.74495,-110.340553,-4.6E-02));
#15228 = VECTOR('',#15229,1.);
#15229 = DIRECTION('',(0.,0.,1.));
#15230 = ORIENTED_EDGE('',*,*,#14222,.F.);
#15231 = ORIENTED_EDGE('',*,*,#15225,.F.);
#15232 = CYLINDRICAL_SURFACE('',#15233,0.475);
#15233 = AXIS2_PLACEMENT_3D('',#15234,#15235,#15236);
#15234 = CARTESIAN_POINT('',(142.74495,-109.865553,-4.6E-02));
#15235 = DIRECTION('',(-0.,-0.,-1.));
#15236 = DIRECTION('',(-5.983517774822E-14,-1.,0.));
#15237 = ADVANCED_FACE('',(#15238),#15249,.F.);
#15238 = FACE_BOUND('',#15239,.T.);
#15239 = EDGE_LOOP('',(#15240,#15241,#15247,#15248));
#15240 = ORIENTED_EDGE('',*,*,#13295,.T.);
#15241 = ORIENTED_EDGE('',*,*,#15242,.T.);
#15242 = EDGE_CURVE('',#13296,#14234,#15243,.T.);
#15243 = LINE('',#15244,#15245);
#15244 = CARTESIAN_POINT('',(152.74495,-116.173553,-4.6E-02));
#15245 = VECTOR('',#15246,1.);
#15246 = DIRECTION('',(0.,0.,1.));
#15247 = ORIENTED_EDGE('',*,*,#14233,.F.);
#15248 = ORIENTED_EDGE('',*,*,#15242,.F.);
#15249 = CYLINDRICAL_SURFACE('',#15250,0.508);
#15250 = AXIS2_PLACEMENT_3D('',#15251,#15252,#15253);
#15251 = CARTESIAN_POINT('',(152.74495,-115.665553,-4.6E-02));
#15252 = DIRECTION('',(-0.,-0.,-1.));
#15253 = DIRECTION('',(-5.594824691025E-14,-1.,0.));
#15254 = ADVANCED_FACE('',(#15255),#15266,.F.);
#15255 = FACE_BOUND('',#15256,.T.);
#15256 = EDGE_LOOP('',(#15257,#15258,#15264,#15265));
#15257 = ORIENTED_EDGE('',*,*,#13306,.T.);
#15258 = ORIENTED_EDGE('',*,*,#15259,.T.);
#15259 = EDGE_CURVE('',#13307,#14245,#15260,.T.);
#15260 = LINE('',#15261,#15262);
#15261 = CARTESIAN_POINT('',(152.74495,-113.633553,-4.6E-02));
#15262 = VECTOR('',#15263,1.);
#15263 = DIRECTION('',(0.,0.,1.));
#15264 = ORIENTED_EDGE('',*,*,#14244,.F.);
#15265 = ORIENTED_EDGE('',*,*,#15259,.F.);
#15266 = CYLINDRICAL_SURFACE('',#15267,0.508);
#15267 = AXIS2_PLACEMENT_3D('',#15268,#15269,#15270);
#15268 = CARTESIAN_POINT('',(152.74495,-113.125553,-4.6E-02));
#15269 = DIRECTION('',(-0.,-0.,-1.));
#15270 = DIRECTION('',(-5.594824691025E-14,-1.,0.));
#15271 = ADVANCED_FACE('',(#15272),#15283,.F.);
#15272 = FACE_BOUND('',#15273,.T.);
#15273 = EDGE_LOOP('',(#15274,#15275,#15281,#15282));
#15274 = ORIENTED_EDGE('',*,*,#13317,.T.);
#15275 = ORIENTED_EDGE('',*,*,#15276,.T.);
#15276 = EDGE_CURVE('',#13318,#14256,#15277,.T.);
#15277 = LINE('',#15278,#15279);
#15278 = CARTESIAN_POINT('',(152.74495,-111.093553,-4.6E-02));
#15279 = VECTOR('',#15280,1.);
#15280 = DIRECTION('',(0.,0.,1.));
#15281 = ORIENTED_EDGE('',*,*,#14255,.F.);
#15282 = ORIENTED_EDGE('',*,*,#15276,.F.);
#15283 = CYLINDRICAL_SURFACE('',#15284,0.508);
#15284 = AXIS2_PLACEMENT_3D('',#15285,#15286,#15287);
#15285 = CARTESIAN_POINT('',(152.74495,-110.585553,-4.6E-02));
#15286 = DIRECTION('',(-0.,-0.,-1.));
#15287 = DIRECTION('',(-5.594824691025E-14,-1.,0.));
#15288 = ADVANCED_FACE('',(#15289),#15300,.F.);
#15289 = FACE_BOUND('',#15290,.T.);
#15290 = EDGE_LOOP('',(#15291,#15292,#15298,#15299));
#15291 = ORIENTED_EDGE('',*,*,#13328,.T.);
#15292 = ORIENTED_EDGE('',*,*,#15293,.T.);
#15293 = EDGE_CURVE('',#13329,#14267,#15294,.T.);
#15294 = LINE('',#15295,#15296);
#15295 = CARTESIAN_POINT('',(130.39495,-107.840553,-4.6E-02));
#15296 = VECTOR('',#15297,1.);
#15297 = DIRECTION('',(0.,0.,1.));
#15298 = ORIENTED_EDGE('',*,*,#14266,.F.);
#15299 = ORIENTED_EDGE('',*,*,#15293,.F.);
#15300 = CYLINDRICAL_SURFACE('',#15301,0.475);
#15301 = AXIS2_PLACEMENT_3D('',#15302,#15303,#15304);
#15302 = CARTESIAN_POINT('',(130.39495,-107.365553,-4.6E-02));
#15303 = DIRECTION('',(-0.,-0.,-1.));
#15304 = DIRECTION('',(-0.,-1.,0.));
#15305 = ADVANCED_FACE('',(#15306),#15317,.F.);
#15306 = FACE_BOUND('',#15307,.T.);
#15307 = EDGE_LOOP('',(#15308,#15309,#15315,#15316));
#15308 = ORIENTED_EDGE('',*,*,#13339,.T.);
#15309 = ORIENTED_EDGE('',*,*,#15310,.T.);
#15310 = EDGE_CURVE('',#13340,#14278,#15311,.T.);
#15311 = LINE('',#15312,#15313);
#15312 = CARTESIAN_POINT('',(130.39495,-95.340553,-4.6E-02));
#15313 = VECTOR('',#15314,1.);
#15314 = DIRECTION('',(0.,0.,1.));
#15315 = ORIENTED_EDGE('',*,*,#14277,.F.);
#15316 = ORIENTED_EDGE('',*,*,#15310,.F.);
#15317 = CYLINDRICAL_SURFACE('',#15318,0.475);
#15318 = AXIS2_PLACEMENT_3D('',#15319,#15320,#15321);
#15319 = CARTESIAN_POINT('',(130.39495,-94.865553,-4.6E-02));
#15320 = DIRECTION('',(-0.,-0.,-1.));
#15321 = DIRECTION('',(-0.,-1.,0.));
#15322 = ADVANCED_FACE('',(#15323),#15334,.F.);
#15323 = FACE_BOUND('',#15324,.T.);
#15324 = EDGE_LOOP('',(#15325,#15326,#15332,#15333));
#15325 = ORIENTED_EDGE('',*,*,#13350,.T.);
#15326 = ORIENTED_EDGE('',*,*,#15327,.T.);
#15327 = EDGE_CURVE('',#13351,#14289,#15328,.T.);
#15328 = LINE('',#15329,#15330);
#15329 = CARTESIAN_POINT('',(142.74495,-107.840553,-4.6E-02));
#15330 = VECTOR('',#15331,1.);
#15331 = DIRECTION('',(0.,0.,1.));
#15332 = ORIENTED_EDGE('',*,*,#14288,.F.);
#15333 = ORIENTED_EDGE('',*,*,#15327,.F.);
#15334 = CYLINDRICAL_SURFACE('',#15335,0.475);
#15335 = AXIS2_PLACEMENT_3D('',#15336,#15337,#15338);
#15336 = CARTESIAN_POINT('',(142.74495,-107.365553,-4.6E-02));
#15337 = DIRECTION('',(-0.,-0.,-1.));
#15338 = DIRECTION('',(-5.983517774822E-14,-1.,0.));
#15339 = ADVANCED_FACE('',(#15340),#15351,.F.);
#15340 = FACE_BOUND('',#15341,.T.);
#15341 = EDGE_LOOP('',(#15342,#15343,#15349,#15350));
#15342 = ORIENTED_EDGE('',*,*,#13361,.T.);
#15343 = ORIENTED_EDGE('',*,*,#15344,.T.);
#15344 = EDGE_CURVE('',#13362,#14300,#15345,.T.);
#15345 = LINE('',#15346,#15347);
#15346 = CARTESIAN_POINT('',(152.74495,-108.553553,-4.6E-02));
#15347 = VECTOR('',#15348,1.);
#15348 = DIRECTION('',(0.,0.,1.));
#15349 = ORIENTED_EDGE('',*,*,#14299,.F.);
#15350 = ORIENTED_EDGE('',*,*,#15344,.F.);
#15351 = CYLINDRICAL_SURFACE('',#15352,0.508);
#15352 = AXIS2_PLACEMENT_3D('',#15353,#15354,#15355);
#15353 = CARTESIAN_POINT('',(152.74495,-108.045553,-4.6E-02));
#15354 = DIRECTION('',(-0.,-0.,-1.));
#15355 = DIRECTION('',(-5.594824691025E-14,-1.,0.));
#15356 = ADVANCED_FACE('',(#15357),#15368,.F.);
#15357 = FACE_BOUND('',#15358,.T.);
#15358 = EDGE_LOOP('',(#15359,#15360,#15366,#15367));
#15359 = ORIENTED_EDGE('',*,*,#13372,.T.);
#15360 = ORIENTED_EDGE('',*,*,#15361,.T.);
#15361 = EDGE_CURVE('',#13373,#14311,#15362,.T.);
#15362 = LINE('',#15363,#15364);
#15363 = CARTESIAN_POINT('',(152.74495,-106.013553,-4.6E-02));
#15364 = VECTOR('',#15365,1.);
#15365 = DIRECTION('',(0.,0.,1.));
#15366 = ORIENTED_EDGE('',*,*,#14310,.F.);
#15367 = ORIENTED_EDGE('',*,*,#15361,.F.);
#15368 = CYLINDRICAL_SURFACE('',#15369,0.508);
#15369 = AXIS2_PLACEMENT_3D('',#15370,#15371,#15372);
#15370 = CARTESIAN_POINT('',(152.74495,-105.505553,-4.6E-02));
#15371 = DIRECTION('',(-0.,-0.,-1.));
#15372 = DIRECTION('',(-5.594824691025E-14,-1.,0.));
#15373 = ADVANCED_FACE('',(#15374),#15385,.F.);
#15374 = FACE_BOUND('',#15375,.T.);
#15375 = EDGE_LOOP('',(#15376,#15377,#15383,#15384));
#15376 = ORIENTED_EDGE('',*,*,#13383,.T.);
#15377 = ORIENTED_EDGE('',*,*,#15378,.T.);
#15378 = EDGE_CURVE('',#13384,#14322,#15379,.T.);
#15379 = LINE('',#15380,#15381);
#15380 = CARTESIAN_POINT('',(152.74495,-103.473553,-4.6E-02));
#15381 = VECTOR('',#15382,1.);
#15382 = DIRECTION('',(0.,0.,1.));
#15383 = ORIENTED_EDGE('',*,*,#14321,.F.);
#15384 = ORIENTED_EDGE('',*,*,#15378,.F.);
#15385 = CYLINDRICAL_SURFACE('',#15386,0.508);
#15386 = AXIS2_PLACEMENT_3D('',#15387,#15388,#15389);
#15387 = CARTESIAN_POINT('',(152.74495,-102.965553,-4.6E-02));
#15388 = DIRECTION('',(-0.,-0.,-1.));
#15389 = DIRECTION('',(-5.594824691025E-14,-1.,0.));
#15390 = ADVANCED_FACE('',(#15391),#15402,.F.);
#15391 = FACE_BOUND('',#15392,.T.);
#15392 = EDGE_LOOP('',(#15393,#15394,#15400,#15401));
#15393 = ORIENTED_EDGE('',*,*,#13394,.T.);
#15394 = ORIENTED_EDGE('',*,*,#15395,.T.);
#15395 = EDGE_CURVE('',#13395,#14333,#15396,.T.);
#15396 = LINE('',#15397,#15398);
#15397 = CARTESIAN_POINT('',(142.74495,-95.340553,-4.6E-02));
#15398 = VECTOR('',#15399,1.);
#15399 = DIRECTION('',(0.,0.,1.));
#15400 = ORIENTED_EDGE('',*,*,#14332,.F.);
#15401 = ORIENTED_EDGE('',*,*,#15395,.F.);
#15402 = CYLINDRICAL_SURFACE('',#15403,0.475);
#15403 = AXIS2_PLACEMENT_3D('',#15404,#15405,#15406);
#15404 = CARTESIAN_POINT('',(142.74495,-94.865553,-4.6E-02));
#15405 = DIRECTION('',(-0.,-0.,-1.));
#15406 = DIRECTION('',(-5.983517774822E-14,-1.,0.));
#15407 = ADVANCED_FACE('',(#15408),#15419,.F.);
#15408 = FACE_BOUND('',#15409,.T.);
#15409 = EDGE_LOOP('',(#15410,#15411,#15417,#15418));
#15410 = ORIENTED_EDGE('',*,*,#13405,.T.);
#15411 = ORIENTED_EDGE('',*,*,#15412,.T.);
#15412 = EDGE_CURVE('',#13406,#14344,#15413,.T.);
#15413 = LINE('',#15414,#15415);
#15414 = CARTESIAN_POINT('',(152.74495,-100.933553,-4.6E-02));
#15415 = VECTOR('',#15416,1.);
#15416 = DIRECTION('',(0.,0.,1.));
#15417 = ORIENTED_EDGE('',*,*,#14343,.F.);
#15418 = ORIENTED_EDGE('',*,*,#15412,.F.);
#15419 = CYLINDRICAL_SURFACE('',#15420,0.508);
#15420 = AXIS2_PLACEMENT_3D('',#15421,#15422,#15423);
#15421 = CARTESIAN_POINT('',(152.74495,-100.425553,-4.6E-02));
#15422 = DIRECTION('',(-0.,-0.,-1.));
#15423 = DIRECTION('',(-5.594824691025E-14,-1.,0.));
#15424 = ADVANCED_FACE('',(#15425),#15436,.F.);
#15425 = FACE_BOUND('',#15426,.T.);
#15426 = EDGE_LOOP('',(#15427,#15428,#15434,#15435));
#15427 = ORIENTED_EDGE('',*,*,#13416,.T.);
#15428 = ORIENTED_EDGE('',*,*,#15429,.T.);
#15429 = EDGE_CURVE('',#13417,#14355,#15430,.T.);
#15430 = LINE('',#15431,#15432);
#15431 = CARTESIAN_POINT('',(152.74495,-98.393553,-4.6E-02));
#15432 = VECTOR('',#15433,1.);
#15433 = DIRECTION('',(0.,0.,1.));
#15434 = ORIENTED_EDGE('',*,*,#14354,.F.);
#15435 = ORIENTED_EDGE('',*,*,#15429,.F.);
#15436 = CYLINDRICAL_SURFACE('',#15437,0.508);
#15437 = AXIS2_PLACEMENT_3D('',#15438,#15439,#15440);
#15438 = CARTESIAN_POINT('',(152.74495,-97.885553,-4.6E-02));
#15439 = DIRECTION('',(-0.,-0.,-1.));
#15440 = DIRECTION('',(-5.594824691025E-14,-1.,0.));
#15441 = ADVANCED_FACE('',(#15442),#15453,.F.);
#15442 = FACE_BOUND('',#15443,.T.);
#15443 = EDGE_LOOP('',(#15444,#15445,#15451,#15452));
#15444 = ORIENTED_EDGE('',*,*,#13427,.T.);
#15445 = ORIENTED_EDGE('',*,*,#15446,.T.);
#15446 = EDGE_CURVE('',#13428,#14366,#15447,.T.);
#15447 = LINE('',#15448,#15449);
#15448 = CARTESIAN_POINT('',(152.74495,-95.853553,-4.6E-02));
#15449 = VECTOR('',#15450,1.);
#15450 = DIRECTION('',(0.,0.,1.));
#15451 = ORIENTED_EDGE('',*,*,#14365,.F.);
#15452 = ORIENTED_EDGE('',*,*,#15446,.F.);
#15453 = CYLINDRICAL_SURFACE('',#15454,0.508);
#15454 = AXIS2_PLACEMENT_3D('',#15455,#15456,#15457);
#15455 = CARTESIAN_POINT('',(152.74495,-95.345553,-4.6E-02));
#15456 = DIRECTION('',(-0.,-0.,-1.));
#15457 = DIRECTION('',(-5.594824691025E-14,-1.,0.));
#15458 = ADVANCED_FACE('',(#15459),#15470,.F.);
#15459 = FACE_BOUND('',#15460,.T.);
#15460 = EDGE_LOOP('',(#15461,#15462,#15468,#15469));
#15461 = ORIENTED_EDGE('',*,*,#13438,.T.);
#15462 = ORIENTED_EDGE('',*,*,#15463,.T.);
#15463 = EDGE_CURVE('',#13439,#14377,#15464,.T.);
#15464 = LINE('',#15465,#15466);
#15465 = CARTESIAN_POINT('',(167.98495,-121.253553,-4.6E-02));
#15466 = VECTOR('',#15467,1.);
#15467 = DIRECTION('',(0.,0.,1.));
#15468 = ORIENTED_EDGE('',*,*,#14376,.F.);
#15469 = ORIENTED_EDGE('',*,*,#15463,.F.);
#15470 = CYLINDRICAL_SURFACE('',#15471,0.508);
#15471 = AXIS2_PLACEMENT_3D('',#15472,#15473,#15474);
#15472 = CARTESIAN_POINT('',(167.98495,-120.745553,-4.6E-02));
#15473 = DIRECTION('',(-0.,-0.,-1.));
#15474 = DIRECTION('',(-0.,-1.,0.));
#15475 = ADVANCED_FACE('',(#15476),#15487,.F.);
#15476 = FACE_BOUND('',#15477,.T.);
#15477 = EDGE_LOOP('',(#15478,#15479,#15485,#15486));
#15478 = ORIENTED_EDGE('',*,*,#13449,.T.);
#15479 = ORIENTED_EDGE('',*,*,#15480,.T.);
#15480 = EDGE_CURVE('',#13450,#14388,#15481,.T.);
#15481 = LINE('',#15482,#15483);
#15482 = CARTESIAN_POINT('',(167.98495,-118.713553,-4.6E-02));
#15483 = VECTOR('',#15484,1.);
#15484 = DIRECTION('',(0.,0.,1.));
#15485 = ORIENTED_EDGE('',*,*,#14387,.F.);
#15486 = ORIENTED_EDGE('',*,*,#15480,.F.);
#15487 = CYLINDRICAL_SURFACE('',#15488,0.508);
#15488 = AXIS2_PLACEMENT_3D('',#15489,#15490,#15491);
#15489 = CARTESIAN_POINT('',(167.98495,-118.205553,-4.6E-02));
#15490 = DIRECTION('',(-0.,-0.,-1.));
#15491 = DIRECTION('',(-0.,-1.,0.));
#15492 = ADVANCED_FACE('',(#15493),#15504,.F.);
#15493 = FACE_BOUND('',#15494,.T.);
#15494 = EDGE_LOOP('',(#15495,#15496,#15502,#15503));
#15495 = ORIENTED_EDGE('',*,*,#13460,.T.);
#15496 = ORIENTED_EDGE('',*,*,#15497,.T.);
#15497 = EDGE_CURVE('',#13461,#14399,#15498,.T.);
#15498 = LINE('',#15499,#15500);
#15499 = CARTESIAN_POINT('',(172.25,-124.9,-4.6E-02));
#15500 = VECTOR('',#15501,1.);
#15501 = DIRECTION('',(0.,0.,1.));
#15502 = ORIENTED_EDGE('',*,*,#14398,.F.);
#15503 = ORIENTED_EDGE('',*,*,#15497,.F.);
#15504 = CYLINDRICAL_SURFACE('',#15505,0.4);
#15505 = AXIS2_PLACEMENT_3D('',#15506,#15507,#15508);
#15506 = CARTESIAN_POINT('',(172.25,-124.5,-4.6E-02));
#15507 = DIRECTION('',(-0.,-0.,-1.));
#15508 = DIRECTION('',(-0.,-1.,0.));
#15509 = ADVANCED_FACE('',(#15510),#15521,.F.);
#15510 = FACE_BOUND('',#15511,.T.);
#15511 = EDGE_LOOP('',(#15512,#15513,#15519,#15520));
#15512 = ORIENTED_EDGE('',*,*,#13471,.T.);
#15513 = ORIENTED_EDGE('',*,*,#15514,.T.);
#15514 = EDGE_CURVE('',#13472,#14410,#15515,.T.);
#15515 = LINE('',#15516,#15517);
#15516 = CARTESIAN_POINT('',(177.33,-122.36,-4.6E-02));
#15517 = VECTOR('',#15518,1.);
#15518 = DIRECTION('',(0.,0.,1.));
#15519 = ORIENTED_EDGE('',*,*,#14409,.F.);
#15520 = ORIENTED_EDGE('',*,*,#15514,.F.);
#15521 = CYLINDRICAL_SURFACE('',#15522,0.4);
#15522 = AXIS2_PLACEMENT_3D('',#15523,#15524,#15525);
#15523 = CARTESIAN_POINT('',(177.33,-121.96,-4.6E-02));
#15524 = DIRECTION('',(-0.,0.,-1.));
#15525 = DIRECTION('',(7.105427357601E-14,-1.,-0.));
#15526 = ADVANCED_FACE('',(#15527),#15538,.F.);
#15527 = FACE_BOUND('',#15528,.T.);
#15528 = EDGE_LOOP('',(#15529,#15530,#15536,#15537));
#15529 = ORIENTED_EDGE('',*,*,#13482,.T.);
#15530 = ORIENTED_EDGE('',*,*,#15531,.T.);
#15531 = EDGE_CURVE('',#13483,#14421,#15532,.T.);
#15532 = LINE('',#15533,#15534);
#15533 = CARTESIAN_POINT('',(172.25,-119.82,-4.6E-02));
#15534 = VECTOR('',#15535,1.);
#15535 = DIRECTION('',(0.,0.,1.));
#15536 = ORIENTED_EDGE('',*,*,#14420,.F.);
#15537 = ORIENTED_EDGE('',*,*,#15531,.F.);
#15538 = CYLINDRICAL_SURFACE('',#15539,0.4);
#15539 = AXIS2_PLACEMENT_3D('',#15540,#15541,#15542);
#15540 = CARTESIAN_POINT('',(172.25,-119.42,-4.6E-02));
#15541 = DIRECTION('',(-0.,-0.,-1.));
#15542 = DIRECTION('',(-0.,-1.,0.));
#15543 = ADVANCED_FACE('',(#15544),#15555,.F.);
#15544 = FACE_BOUND('',#15545,.T.);
#15545 = EDGE_LOOP('',(#15546,#15547,#15553,#15554));
#15546 = ORIENTED_EDGE('',*,*,#13493,.T.);
#15547 = ORIENTED_EDGE('',*,*,#15548,.T.);
#15548 = EDGE_CURVE('',#13494,#14432,#15549,.T.);
#15549 = LINE('',#15550,#15551);
#15550 = CARTESIAN_POINT('',(167.98495,-116.173553,-4.6E-02));
#15551 = VECTOR('',#15552,1.);
#15552 = DIRECTION('',(0.,0.,1.));
#15553 = ORIENTED_EDGE('',*,*,#14431,.F.);
#15554 = ORIENTED_EDGE('',*,*,#15548,.F.);
#15555 = CYLINDRICAL_SURFACE('',#15556,0.508);
#15556 = AXIS2_PLACEMENT_3D('',#15557,#15558,#15559);
#15557 = CARTESIAN_POINT('',(167.98495,-115.665553,-4.6E-02));
#15558 = DIRECTION('',(-0.,-0.,-1.));
#15559 = DIRECTION('',(-0.,-1.,0.));
#15560 = ADVANCED_FACE('',(#15561),#15572,.F.);
#15561 = FACE_BOUND('',#15562,.T.);
#15562 = EDGE_LOOP('',(#15563,#15564,#15570,#15571));
#15563 = ORIENTED_EDGE('',*,*,#13504,.T.);
#15564 = ORIENTED_EDGE('',*,*,#15565,.T.);
#15565 = EDGE_CURVE('',#13505,#14443,#15566,.T.);
#15566 = LINE('',#15567,#15568);
#15567 = CARTESIAN_POINT('',(167.98495,-113.633553,-4.6E-02));
#15568 = VECTOR('',#15569,1.);
#15569 = DIRECTION('',(0.,0.,1.));
#15570 = ORIENTED_EDGE('',*,*,#14442,.F.);
#15571 = ORIENTED_EDGE('',*,*,#15565,.F.);
#15572 = CYLINDRICAL_SURFACE('',#15573,0.508);
#15573 = AXIS2_PLACEMENT_3D('',#15574,#15575,#15576);
#15574 = CARTESIAN_POINT('',(167.98495,-113.125553,-4.6E-02));
#15575 = DIRECTION('',(-0.,-0.,-1.));
#15576 = DIRECTION('',(-0.,-1.,0.));
#15577 = ADVANCED_FACE('',(#15578),#15589,.F.);
#15578 = FACE_BOUND('',#15579,.T.);
#15579 = EDGE_LOOP('',(#15580,#15581,#15587,#15588));
#15580 = ORIENTED_EDGE('',*,*,#13515,.T.);
#15581 = ORIENTED_EDGE('',*,*,#15582,.T.);
#15582 = EDGE_CURVE('',#13516,#14454,#15583,.T.);
#15583 = LINE('',#15584,#15585);
#15584 = CARTESIAN_POINT('',(167.98495,-111.093553,-4.6E-02));
#15585 = VECTOR('',#15586,1.);
#15586 = DIRECTION('',(0.,0.,1.));
#15587 = ORIENTED_EDGE('',*,*,#14453,.F.);
#15588 = ORIENTED_EDGE('',*,*,#15582,.F.);
#15589 = CYLINDRICAL_SURFACE('',#15590,0.508);
#15590 = AXIS2_PLACEMENT_3D('',#15591,#15592,#15593);
#15591 = CARTESIAN_POINT('',(167.98495,-110.585553,-4.6E-02));
#15592 = DIRECTION('',(-0.,-0.,-1.));
#15593 = DIRECTION('',(-0.,-1.,0.));
#15594 = ADVANCED_FACE('',(#15595),#15606,.F.);
#15595 = FACE_BOUND('',#15596,.T.);
#15596 = EDGE_LOOP('',(#15597,#15598,#15604,#15605));
#15597 = ORIENTED_EDGE('',*,*,#13526,.T.);
#15598 = ORIENTED_EDGE('',*,*,#15599,.T.);
#15599 = EDGE_CURVE('',#13527,#14465,#15600,.T.);
#15600 = LINE('',#15601,#15602);
#15601 = CARTESIAN_POINT('',(155.28495,-108.553553,-4.6E-02));
#15602 = VECTOR('',#15603,1.);
#15603 = DIRECTION('',(0.,0.,1.));
#15604 = ORIENTED_EDGE('',*,*,#14464,.F.);
#15605 = ORIENTED_EDGE('',*,*,#15599,.F.);
#15606 = CYLINDRICAL_SURFACE('',#15607,0.508);
#15607 = AXIS2_PLACEMENT_3D('',#15608,#15609,#15610);
#15608 = CARTESIAN_POINT('',(155.28495,-108.045553,-4.6E-02));
#15609 = DIRECTION('',(-0.,0.,-1.));
#15610 = DIRECTION('',(5.594824691024E-14,-1.,-0.));
#15611 = ADVANCED_FACE('',(#15612),#15623,.F.);
#15612 = FACE_BOUND('',#15613,.T.);
#15613 = EDGE_LOOP('',(#15614,#15615,#15621,#15622));
#15614 = ORIENTED_EDGE('',*,*,#13537,.T.);
#15615 = ORIENTED_EDGE('',*,*,#15616,.T.);
#15616 = EDGE_CURVE('',#13538,#14476,#15617,.T.);
#15617 = LINE('',#15618,#15619);
#15618 = CARTESIAN_POINT('',(157.82495,-108.553553,-4.6E-02));
#15619 = VECTOR('',#15620,1.);
#15620 = DIRECTION('',(0.,0.,1.));
#15621 = ORIENTED_EDGE('',*,*,#14475,.F.);
#15622 = ORIENTED_EDGE('',*,*,#15616,.F.);
#15623 = CYLINDRICAL_SURFACE('',#15624,0.508);
#15624 = AXIS2_PLACEMENT_3D('',#15625,#15626,#15627);
#15625 = CARTESIAN_POINT('',(157.82495,-108.045553,-4.6E-02));
#15626 = DIRECTION('',(-0.,-0.,-1.));
#15627 = DIRECTION('',(-0.,-1.,0.));
#15628 = ADVANCED_FACE('',(#15629),#15640,.F.);
#15629 = FACE_BOUND('',#15630,.T.);
#15630 = EDGE_LOOP('',(#15631,#15632,#15638,#15639));
#15631 = ORIENTED_EDGE('',*,*,#13548,.T.);
#15632 = ORIENTED_EDGE('',*,*,#15633,.T.);
#15633 = EDGE_CURVE('',#13549,#14487,#15634,.T.);
#15634 = LINE('',#15635,#15636);
#15635 = CARTESIAN_POINT('',(167.98495,-108.553553,-4.6E-02));
#15636 = VECTOR('',#15637,1.);
#15637 = DIRECTION('',(0.,0.,1.));
#15638 = ORIENTED_EDGE('',*,*,#14486,.F.);
#15639 = ORIENTED_EDGE('',*,*,#15633,.F.);
#15640 = CYLINDRICAL_SURFACE('',#15641,0.508);
#15641 = AXIS2_PLACEMENT_3D('',#15642,#15643,#15644);
#15642 = CARTESIAN_POINT('',(167.98495,-108.045553,-4.6E-02));
#15643 = DIRECTION('',(-0.,-0.,-1.));
#15644 = DIRECTION('',(-0.,-1.,0.));
#15645 = ADVANCED_FACE('',(#15646),#15657,.F.);
#15646 = FACE_BOUND('',#15647,.T.);
#15647 = EDGE_LOOP('',(#15648,#15649,#15655,#15656));
#15648 = ORIENTED_EDGE('',*,*,#13559,.T.);
#15649 = ORIENTED_EDGE('',*,*,#15650,.T.);
#15650 = EDGE_CURVE('',#13560,#14498,#15651,.T.);
#15651 = LINE('',#15652,#15653);
#15652 = CARTESIAN_POINT('',(167.98495,-106.013553,-4.6E-02));
#15653 = VECTOR('',#15654,1.);
#15654 = DIRECTION('',(0.,0.,1.));
#15655 = ORIENTED_EDGE('',*,*,#14497,.F.);
#15656 = ORIENTED_EDGE('',*,*,#15650,.F.);
#15657 = CYLINDRICAL_SURFACE('',#15658,0.508);
#15658 = AXIS2_PLACEMENT_3D('',#15659,#15660,#15661);
#15659 = CARTESIAN_POINT('',(167.98495,-105.505553,-4.6E-02));
#15660 = DIRECTION('',(-0.,-0.,-1.));
#15661 = DIRECTION('',(-0.,-1.,0.));
#15662 = ADVANCED_FACE('',(#15663),#15674,.F.);
#15663 = FACE_BOUND('',#15664,.T.);
#15664 = EDGE_LOOP('',(#15665,#15666,#15672,#15673));
#15665 = ORIENTED_EDGE('',*,*,#13570,.T.);
#15666 = ORIENTED_EDGE('',*,*,#15667,.T.);
#15667 = EDGE_CURVE('',#13571,#14509,#15668,.T.);
#15668 = LINE('',#15669,#15670);
#15669 = CARTESIAN_POINT('',(167.98495,-103.473553,-4.6E-02));
#15670 = VECTOR('',#15671,1.);
#15671 = DIRECTION('',(0.,0.,1.));
#15672 = ORIENTED_EDGE('',*,*,#14508,.F.);
#15673 = ORIENTED_EDGE('',*,*,#15667,.F.);
#15674 = CYLINDRICAL_SURFACE('',#15675,0.508);
#15675 = AXIS2_PLACEMENT_3D('',#15676,#15677,#15678);
#15676 = CARTESIAN_POINT('',(167.98495,-102.965553,-4.6E-02));
#15677 = DIRECTION('',(-0.,-0.,-1.));
#15678 = DIRECTION('',(-0.,-1.,0.));
#15679 = ADVANCED_FACE('',(#15680),#15691,.F.);
#15680 = FACE_BOUND('',#15681,.T.);
#15681 = EDGE_LOOP('',(#15682,#15683,#15689,#15690));
#15682 = ORIENTED_EDGE('',*,*,#13581,.T.);
#15683 = ORIENTED_EDGE('',*,*,#15684,.T.);
#15684 = EDGE_CURVE('',#13582,#14520,#15685,.T.);
#15685 = LINE('',#15686,#15687);
#15686 = CARTESIAN_POINT('',(167.98495,-100.933553,-4.6E-02));
#15687 = VECTOR('',#15688,1.);
#15688 = DIRECTION('',(0.,0.,1.));
#15689 = ORIENTED_EDGE('',*,*,#14519,.F.);
#15690 = ORIENTED_EDGE('',*,*,#15684,.F.);
#15691 = CYLINDRICAL_SURFACE('',#15692,0.508);
#15692 = AXIS2_PLACEMENT_3D('',#15693,#15694,#15695);
#15693 = CARTESIAN_POINT('',(167.98495,-100.425553,-4.6E-02));
#15694 = DIRECTION('',(-0.,-0.,-1.));
#15695 = DIRECTION('',(-0.,-1.,0.));
#15696 = ADVANCED_FACE('',(#15697),#15708,.F.);
#15697 = FACE_BOUND('',#15698,.T.);
#15698 = EDGE_LOOP('',(#15699,#15700,#15706,#15707));
#15699 = ORIENTED_EDGE('',*,*,#13592,.T.);
#15700 = ORIENTED_EDGE('',*,*,#15701,.T.);
#15701 = EDGE_CURVE('',#13593,#14531,#15702,.T.);
#15702 = LINE('',#15703,#15704);
#15703 = CARTESIAN_POINT('',(167.98495,-98.393553,-4.6E-02));
#15704 = VECTOR('',#15705,1.);
#15705 = DIRECTION('',(0.,0.,1.));
#15706 = ORIENTED_EDGE('',*,*,#14530,.F.);
#15707 = ORIENTED_EDGE('',*,*,#15701,.F.);
#15708 = CYLINDRICAL_SURFACE('',#15709,0.508);
#15709 = AXIS2_PLACEMENT_3D('',#15710,#15711,#15712);
#15710 = CARTESIAN_POINT('',(167.98495,-97.885553,-4.6E-02));
#15711 = DIRECTION('',(-0.,-0.,-1.));
#15712 = DIRECTION('',(-0.,-1.,0.));
#15713 = ADVANCED_FACE('',(#15714),#15725,.F.);
#15714 = FACE_BOUND('',#15715,.T.);
#15715 = EDGE_LOOP('',(#15716,#15717,#15723,#15724));
#15716 = ORIENTED_EDGE('',*,*,#13603,.T.);
#15717 = ORIENTED_EDGE('',*,*,#15718,.T.);
#15718 = EDGE_CURVE('',#13604,#14542,#15719,.T.);
#15719 = LINE('',#15720,#15721);
#15720 = CARTESIAN_POINT('',(167.98495,-95.853553,-4.6E-02));
#15721 = VECTOR('',#15722,1.);
#15722 = DIRECTION('',(0.,0.,1.));
#15723 = ORIENTED_EDGE('',*,*,#14541,.F.);
#15724 = ORIENTED_EDGE('',*,*,#15718,.F.);
#15725 = CYLINDRICAL_SURFACE('',#15726,0.508);
#15726 = AXIS2_PLACEMENT_3D('',#15727,#15728,#15729);
#15727 = CARTESIAN_POINT('',(167.98495,-95.345553,-4.6E-02));
#15728 = DIRECTION('',(-0.,-0.,-1.));
#15729 = DIRECTION('',(-0.,-1.,0.));
#15730 = ADVANCED_FACE('',(#15731),#15742,.F.);
#15731 = FACE_BOUND('',#15732,.T.);
#15732 = EDGE_LOOP('',(#15733,#15734,#15740,#15741));
#15733 = ORIENTED_EDGE('',*,*,#13614,.T.);
#15734 = ORIENTED_EDGE('',*,*,#15735,.T.);
#15735 = EDGE_CURVE('',#13615,#14553,#15736,.T.);
#15736 = LINE('',#15737,#15738);
#15737 = CARTESIAN_POINT('',(130.39495,-92.840553,-4.6E-02));
#15738 = VECTOR('',#15739,1.);
#15739 = DIRECTION('',(0.,0.,1.));
#15740 = ORIENTED_EDGE('',*,*,#14552,.F.);
#15741 = ORIENTED_EDGE('',*,*,#15735,.F.);
#15742 = CYLINDRICAL_SURFACE('',#15743,0.475);
#15743 = AXIS2_PLACEMENT_3D('',#15744,#15745,#15746);
#15744 = CARTESIAN_POINT('',(130.39495,-92.365553,-4.6E-02));
#15745 = DIRECTION('',(-0.,-0.,-1.));
#15746 = DIRECTION('',(-0.,-1.,0.));
#15747 = ADVANCED_FACE('',(#15748),#15759,.F.);
#15748 = FACE_BOUND('',#15749,.T.);
#15749 = EDGE_LOOP('',(#15750,#15751,#15757,#15758));
#15750 = ORIENTED_EDGE('',*,*,#13625,.T.);
#15751 = ORIENTED_EDGE('',*,*,#15752,.T.);
#15752 = EDGE_CURVE('',#13626,#14564,#15753,.T.);
#15753 = LINE('',#15754,#15755);
#15754 = CARTESIAN_POINT('',(130.39495,-90.340553,-4.6E-02));
#15755 = VECTOR('',#15756,1.);
#15756 = DIRECTION('',(0.,0.,1.));
#15757 = ORIENTED_EDGE('',*,*,#14563,.F.);
#15758 = ORIENTED_EDGE('',*,*,#15752,.F.);
#15759 = CYLINDRICAL_SURFACE('',#15760,0.475);
#15760 = AXIS2_PLACEMENT_3D('',#15761,#15762,#15763);
#15761 = CARTESIAN_POINT('',(130.39495,-89.865553,-4.6E-02));
#15762 = DIRECTION('',(-0.,-0.,-1.));
#15763 = DIRECTION('',(-0.,-1.,0.));
#15764 = ADVANCED_FACE('',(#15765),#15776,.F.);
#15765 = FACE_BOUND('',#15766,.T.);
#15766 = EDGE_LOOP('',(#15767,#15768,#15774,#15775));
#15767 = ORIENTED_EDGE('',*,*,#13636,.T.);
#15768 = ORIENTED_EDGE('',*,*,#15769,.T.);
#15769 = EDGE_CURVE('',#13637,#14575,#15770,.T.);
#15770 = LINE('',#15771,#15772);
#15771 = CARTESIAN_POINT('',(130.39495,-87.840553,-4.6E-02));
#15772 = VECTOR('',#15773,1.);
#15773 = DIRECTION('',(0.,0.,1.));
#15774 = ORIENTED_EDGE('',*,*,#14574,.F.);
#15775 = ORIENTED_EDGE('',*,*,#15769,.F.);
#15776 = CYLINDRICAL_SURFACE('',#15777,0.475);
#15777 = AXIS2_PLACEMENT_3D('',#15778,#15779,#15780);
#15778 = CARTESIAN_POINT('',(130.39495,-87.365553,-4.6E-02));
#15779 = DIRECTION('',(-0.,-0.,-1.));
#15780 = DIRECTION('',(-0.,-1.,0.));
#15781 = ADVANCED_FACE('',(#15782),#15793,.F.);
#15782 = FACE_BOUND('',#15783,.T.);
#15783 = EDGE_LOOP('',(#15784,#15785,#15791,#15792));
#15784 = ORIENTED_EDGE('',*,*,#13647,.T.);
#15785 = ORIENTED_EDGE('',*,*,#15786,.T.);
#15786 = EDGE_CURVE('',#13648,#14586,#15787,.T.);
#15787 = LINE('',#15788,#15789);
#15788 = CARTESIAN_POINT('',(130.39495,-85.340553,-4.6E-02));
#15789 = VECTOR('',#15790,1.);
#15790 = DIRECTION('',(0.,0.,1.));
#15791 = ORIENTED_EDGE('',*,*,#14585,.F.);
#15792 = ORIENTED_EDGE('',*,*,#15786,.F.);
#15793 = CYLINDRICAL_SURFACE('',#15794,0.475);
#15794 = AXIS2_PLACEMENT_3D('',#15795,#15796,#15797);
#15795 = CARTESIAN_POINT('',(130.39495,-84.865553,-4.6E-02));
#15796 = DIRECTION('',(-0.,-0.,-1.));
#15797 = DIRECTION('',(-0.,-1.,0.));
#15798 = ADVANCED_FACE('',(#15799),#15810,.F.);
#15799 = FACE_BOUND('',#15800,.T.);
#15800 = EDGE_LOOP('',(#15801,#15802,#15808,#15809));
#15801 = ORIENTED_EDGE('',*,*,#13658,.T.);
#15802 = ORIENTED_EDGE('',*,*,#15803,.T.);
#15803 = EDGE_CURVE('',#13659,#14597,#15804,.T.);
#15804 = LINE('',#15805,#15806);
#15805 = CARTESIAN_POINT('',(142.74495,-92.840553,-4.6E-02));
#15806 = VECTOR('',#15807,1.);
#15807 = DIRECTION('',(0.,0.,1.));
#15808 = ORIENTED_EDGE('',*,*,#14596,.F.);
#15809 = ORIENTED_EDGE('',*,*,#15803,.F.);
#15810 = CYLINDRICAL_SURFACE('',#15811,0.475);
#15811 = AXIS2_PLACEMENT_3D('',#15812,#15813,#15814);
#15812 = CARTESIAN_POINT('',(142.74495,-92.365553,-4.6E-02));
#15813 = DIRECTION('',(-0.,-0.,-1.));
#15814 = DIRECTION('',(-5.983517774822E-14,-1.,0.));
#15815 = ADVANCED_FACE('',(#15816),#15827,.F.);
#15816 = FACE_BOUND('',#15817,.T.);
#15817 = EDGE_LOOP('',(#15818,#15819,#15825,#15826));
#15818 = ORIENTED_EDGE('',*,*,#13669,.T.);
#15819 = ORIENTED_EDGE('',*,*,#15820,.T.);
#15820 = EDGE_CURVE('',#13670,#14608,#15821,.T.);
#15821 = LINE('',#15822,#15823);
#15822 = CARTESIAN_POINT('',(142.74495,-90.340553,-4.6E-02));
#15823 = VECTOR('',#15824,1.);
#15824 = DIRECTION('',(0.,0.,1.));
#15825 = ORIENTED_EDGE('',*,*,#14607,.F.);
#15826 = ORIENTED_EDGE('',*,*,#15820,.F.);
#15827 = CYLINDRICAL_SURFACE('',#15828,0.475);
#15828 = AXIS2_PLACEMENT_3D('',#15829,#15830,#15831);
#15829 = CARTESIAN_POINT('',(142.74495,-89.865553,-4.6E-02));
#15830 = DIRECTION('',(-0.,-0.,-1.));
#15831 = DIRECTION('',(-5.983517774822E-14,-1.,0.));
#15832 = ADVANCED_FACE('',(#15833),#15844,.F.);
#15833 = FACE_BOUND('',#15834,.T.);
#15834 = EDGE_LOOP('',(#15835,#15836,#15842,#15843));
#15835 = ORIENTED_EDGE('',*,*,#13680,.T.);
#15836 = ORIENTED_EDGE('',*,*,#15837,.T.);
#15837 = EDGE_CURVE('',#13681,#14619,#15838,.T.);
#15838 = LINE('',#15839,#15840);
#15839 = CARTESIAN_POINT('',(142.74495,-87.840553,-4.6E-02));
#15840 = VECTOR('',#15841,1.);
#15841 = DIRECTION('',(0.,0.,1.));
#15842 = ORIENTED_EDGE('',*,*,#14618,.F.);
#15843 = ORIENTED_EDGE('',*,*,#15837,.F.);
#15844 = CYLINDRICAL_SURFACE('',#15845,0.475);
#15845 = AXIS2_PLACEMENT_3D('',#15846,#15847,#15848);
#15846 = CARTESIAN_POINT('',(142.74495,-87.365553,-4.6E-02));
#15847 = DIRECTION('',(-0.,-0.,-1.));
#15848 = DIRECTION('',(-5.983517774822E-14,-1.,0.));
#15849 = ADVANCED_FACE('',(#15850),#15861,.F.);
#15850 = FACE_BOUND('',#15851,.T.);
#15851 = EDGE_LOOP('',(#15852,#15853,#15859,#15860));
#15852 = ORIENTED_EDGE('',*,*,#13691,.T.);
#15853 = ORIENTED_EDGE('',*,*,#15854,.T.);
#15854 = EDGE_CURVE('',#13692,#14630,#15855,.T.);
#15855 = LINE('',#15856,#15857);
#15856 = CARTESIAN_POINT('',(152.74495,-93.313553,-4.6E-02));
#15857 = VECTOR('',#15858,1.);
#15858 = DIRECTION('',(0.,0.,1.));
#15859 = ORIENTED_EDGE('',*,*,#14629,.F.);
#15860 = ORIENTED_EDGE('',*,*,#15854,.F.);
#15861 = CYLINDRICAL_SURFACE('',#15862,0.508);
#15862 = AXIS2_PLACEMENT_3D('',#15863,#15864,#15865);
#15863 = CARTESIAN_POINT('',(152.74495,-92.805553,-4.6E-02));
#15864 = DIRECTION('',(-0.,-0.,-1.));
#15865 = DIRECTION('',(-5.594824691025E-14,-1.,0.));
#15866 = ADVANCED_FACE('',(#15867),#15878,.F.);
#15867 = FACE_BOUND('',#15868,.T.);
#15868 = EDGE_LOOP('',(#15869,#15870,#15876,#15877));
#15869 = ORIENTED_EDGE('',*,*,#13702,.T.);
#15870 = ORIENTED_EDGE('',*,*,#15871,.T.);
#15871 = EDGE_CURVE('',#13703,#14641,#15872,.T.);
#15872 = LINE('',#15873,#15874);
#15873 = CARTESIAN_POINT('',(152.74495,-90.773553,-4.6E-02));
#15874 = VECTOR('',#15875,1.);
#15875 = DIRECTION('',(0.,0.,1.));
#15876 = ORIENTED_EDGE('',*,*,#14640,.F.);
#15877 = ORIENTED_EDGE('',*,*,#15871,.F.);
#15878 = CYLINDRICAL_SURFACE('',#15879,0.508);
#15879 = AXIS2_PLACEMENT_3D('',#15880,#15881,#15882);
#15880 = CARTESIAN_POINT('',(152.74495,-90.265553,-4.6E-02));
#15881 = DIRECTION('',(-0.,-0.,-1.));
#15882 = DIRECTION('',(-5.594824691025E-14,-1.,0.));
#15883 = ADVANCED_FACE('',(#15884),#15895,.F.);
#15884 = FACE_BOUND('',#15885,.T.);
#15885 = EDGE_LOOP('',(#15886,#15887,#15893,#15894));
#15886 = ORIENTED_EDGE('',*,*,#13713,.T.);
#15887 = ORIENTED_EDGE('',*,*,#15888,.T.);
#15888 = EDGE_CURVE('',#13714,#14652,#15889,.T.);
#15889 = LINE('',#15890,#15891);
#15890 = CARTESIAN_POINT('',(152.74495,-88.233553,-4.6E-02));
#15891 = VECTOR('',#15892,1.);
#15892 = DIRECTION('',(0.,0.,1.));
#15893 = ORIENTED_EDGE('',*,*,#14651,.F.);
#15894 = ORIENTED_EDGE('',*,*,#15888,.F.);
#15895 = CYLINDRICAL_SURFACE('',#15896,0.508);
#15896 = AXIS2_PLACEMENT_3D('',#15897,#15898,#15899);
#15897 = CARTESIAN_POINT('',(152.74495,-87.725553,-4.6E-02));
#15898 = DIRECTION('',(-0.,-0.,-1.));
#15899 = DIRECTION('',(-5.594824691025E-14,-1.,0.));
#15900 = ADVANCED_FACE('',(#15901),#15912,.F.);
#15901 = FACE_BOUND('',#15902,.T.);
#15902 = EDGE_LOOP('',(#15903,#15904,#15910,#15911));
#15903 = ORIENTED_EDGE('',*,*,#13724,.T.);
#15904 = ORIENTED_EDGE('',*,*,#15905,.T.);
#15905 = EDGE_CURVE('',#13725,#14663,#15906,.T.);
#15906 = LINE('',#15907,#15908);
#15907 = CARTESIAN_POINT('',(142.74495,-85.340553,-4.6E-02));
#15908 = VECTOR('',#15909,1.);
#15909 = DIRECTION('',(0.,0.,1.));
#15910 = ORIENTED_EDGE('',*,*,#14662,.F.);
#15911 = ORIENTED_EDGE('',*,*,#15905,.F.);
#15912 = CYLINDRICAL_SURFACE('',#15913,0.475);
#15913 = AXIS2_PLACEMENT_3D('',#15914,#15915,#15916);
#15914 = CARTESIAN_POINT('',(142.74495,-84.865553,-4.6E-02));
#15915 = DIRECTION('',(-0.,-0.,-1.));
#15916 = DIRECTION('',(-5.983517774822E-14,-1.,0.));
#15917 = ADVANCED_FACE('',(#15918),#15929,.F.);
#15918 = FACE_BOUND('',#15919,.T.);
#15919 = EDGE_LOOP('',(#15920,#15921,#15927,#15928));
#15920 = ORIENTED_EDGE('',*,*,#13735,.T.);
#15921 = ORIENTED_EDGE('',*,*,#15922,.T.);
#15922 = EDGE_CURVE('',#13736,#14674,#15923,.T.);
#15923 = LINE('',#15924,#15925);
#15924 = CARTESIAN_POINT('',(152.74495,-85.693553,-4.6E-02));
#15925 = VECTOR('',#15926,1.);
#15926 = DIRECTION('',(0.,0.,1.));
#15927 = ORIENTED_EDGE('',*,*,#14673,.F.);
#15928 = ORIENTED_EDGE('',*,*,#15922,.F.);
#15929 = CYLINDRICAL_SURFACE('',#15930,0.508);
#15930 = AXIS2_PLACEMENT_3D('',#15931,#15932,#15933);
#15931 = CARTESIAN_POINT('',(152.74495,-85.185553,-4.6E-02));
#15932 = DIRECTION('',(-0.,-0.,-1.));
#15933 = DIRECTION('',(-5.594824691025E-14,-1.,0.));
#15934 = ADVANCED_FACE('',(#15935),#15946,.F.);
#15935 = FACE_BOUND('',#15936,.T.);
#15936 = EDGE_LOOP('',(#15937,#15938,#15944,#15945));
#15937 = ORIENTED_EDGE('',*,*,#13746,.T.);
#15938 = ORIENTED_EDGE('',*,*,#15939,.T.);
#15939 = EDGE_CURVE('',#13747,#14685,#15940,.T.);
#15940 = LINE('',#15941,#15942);
#15941 = CARTESIAN_POINT('',(152.74495,-83.153553,-4.6E-02));
#15942 = VECTOR('',#15943,1.);
#15943 = DIRECTION('',(0.,0.,1.));
#15944 = ORIENTED_EDGE('',*,*,#14684,.F.);
#15945 = ORIENTED_EDGE('',*,*,#15939,.F.);
#15946 = CYLINDRICAL_SURFACE('',#15947,0.508);
#15947 = AXIS2_PLACEMENT_3D('',#15948,#15949,#15950);
#15948 = CARTESIAN_POINT('',(152.74495,-82.645553,-4.6E-02));
#15949 = DIRECTION('',(-0.,-0.,-1.));
#15950 = DIRECTION('',(-5.594824691025E-14,-1.,0.));
#15951 = ADVANCED_FACE('',(#15952),#15963,.F.);
#15952 = FACE_BOUND('',#15953,.T.);
#15953 = EDGE_LOOP('',(#15954,#15955,#15961,#15962));
#15954 = ORIENTED_EDGE('',*,*,#13757,.T.);
#15955 = ORIENTED_EDGE('',*,*,#15956,.T.);
#15956 = EDGE_CURVE('',#13758,#14696,#15957,.T.);
#15957 = LINE('',#15958,#15959);
#15958 = CARTESIAN_POINT('',(152.74495,-80.613553,-4.6E-02));
#15959 = VECTOR('',#15960,1.);
#15960 = DIRECTION('',(0.,0.,1.));
#15961 = ORIENTED_EDGE('',*,*,#14695,.F.);
#15962 = ORIENTED_EDGE('',*,*,#15956,.F.);
#15963 = CYLINDRICAL_SURFACE('',#15964,0.508);
#15964 = AXIS2_PLACEMENT_3D('',#15965,#15966,#15967);
#15965 = CARTESIAN_POINT('',(152.74495,-80.105553,-4.6E-02));
#15966 = DIRECTION('',(-0.,-0.,-1.));
#15967 = DIRECTION('',(-5.594824691025E-14,-1.,0.));
#15968 = ADVANCED_FACE('',(#15969),#15980,.F.);
#15969 = FACE_BOUND('',#15970,.T.);
#15970 = EDGE_LOOP('',(#15971,#15972,#15978,#15979));
#15971 = ORIENTED_EDGE('',*,*,#13768,.T.);
#15972 = ORIENTED_EDGE('',*,*,#15973,.T.);
#15973 = EDGE_CURVE('',#13769,#14707,#15974,.T.);
#15974 = LINE('',#15975,#15976);
#15975 = CARTESIAN_POINT('',(130.39495,-72.840553,-4.6E-02));
#15976 = VECTOR('',#15977,1.);
#15977 = DIRECTION('',(0.,0.,1.));
#15978 = ORIENTED_EDGE('',*,*,#14706,.F.);
#15979 = ORIENTED_EDGE('',*,*,#15973,.F.);
#15980 = CYLINDRICAL_SURFACE('',#15981,0.475);
#15981 = AXIS2_PLACEMENT_3D('',#15982,#15983,#15984);
#15982 = CARTESIAN_POINT('',(130.39495,-72.365553,-4.6E-02));
#15983 = DIRECTION('',(-0.,-0.,-1.));
#15984 = DIRECTION('',(-0.,-1.,0.));
#15985 = ADVANCED_FACE('',(#15986),#15997,.F.);
#15986 = FACE_BOUND('',#15987,.T.);
#15987 = EDGE_LOOP('',(#15988,#15989,#15995,#15996));
#15988 = ORIENTED_EDGE('',*,*,#13779,.T.);
#15989 = ORIENTED_EDGE('',*,*,#15990,.T.);
#15990 = EDGE_CURVE('',#13780,#14718,#15991,.T.);
#15991 = LINE('',#15992,#15993);
#15992 = CARTESIAN_POINT('',(130.39495,-70.340553,-4.6E-02));
#15993 = VECTOR('',#15994,1.);
#15994 = DIRECTION('',(0.,0.,1.));
#15995 = ORIENTED_EDGE('',*,*,#14717,.F.);
#15996 = ORIENTED_EDGE('',*,*,#15990,.F.);
#15997 = CYLINDRICAL_SURFACE('',#15998,0.475);
#15998 = AXIS2_PLACEMENT_3D('',#15999,#16000,#16001);
#15999 = CARTESIAN_POINT('',(130.39495,-69.865553,-4.6E-02));
#16000 = DIRECTION('',(-0.,-0.,-1.));
#16001 = DIRECTION('',(-0.,-1.,0.));
#16002 = ADVANCED_FACE('',(#16003),#16014,.F.);
#16003 = FACE_BOUND('',#16004,.T.);
#16004 = EDGE_LOOP('',(#16005,#16006,#16012,#16013));
#16005 = ORIENTED_EDGE('',*,*,#13790,.T.);
#16006 = ORIENTED_EDGE('',*,*,#16007,.T.);
#16007 = EDGE_CURVE('',#13791,#14729,#16008,.T.);
#16008 = LINE('',#16009,#16010);
#16009 = CARTESIAN_POINT('',(130.39495,-67.840553,-4.6E-02));
#16010 = VECTOR('',#16011,1.);
#16011 = DIRECTION('',(0.,0.,1.));
#16012 = ORIENTED_EDGE('',*,*,#14728,.F.);
#16013 = ORIENTED_EDGE('',*,*,#16007,.F.);
#16014 = CYLINDRICAL_SURFACE('',#16015,0.475);
#16015 = AXIS2_PLACEMENT_3D('',#16016,#16017,#16018);
#16016 = CARTESIAN_POINT('',(130.39495,-67.365553,-4.6E-02));
#16017 = DIRECTION('',(-0.,-0.,-1.));
#16018 = DIRECTION('',(-0.,-1.,0.));
#16019 = ADVANCED_FACE('',(#16020),#16031,.F.);
#16020 = FACE_BOUND('',#16021,.T.);
#16021 = EDGE_LOOP('',(#16022,#16023,#16029,#16030));
#16022 = ORIENTED_EDGE('',*,*,#13801,.T.);
#16023 = ORIENTED_EDGE('',*,*,#16024,.T.);
#16024 = EDGE_CURVE('',#13802,#14740,#16025,.T.);
#16025 = LINE('',#16026,#16027);
#16026 = CARTESIAN_POINT('',(130.39495,-65.340553,-4.6E-02));
#16027 = VECTOR('',#16028,1.);
#16028 = DIRECTION('',(0.,0.,1.));
#16029 = ORIENTED_EDGE('',*,*,#14739,.F.);
#16030 = ORIENTED_EDGE('',*,*,#16024,.F.);
#16031 = CYLINDRICAL_SURFACE('',#16032,0.475);
#16032 = AXIS2_PLACEMENT_3D('',#16033,#16034,#16035);
#16033 = CARTESIAN_POINT('',(130.39495,-64.865553,-4.6E-02));
#16034 = DIRECTION('',(-0.,-0.,-1.));
#16035 = DIRECTION('',(-0.,-1.,0.));
#16036 = ADVANCED_FACE('',(#16037),#16048,.F.);
#16037 = FACE_BOUND('',#16038,.T.);
#16038 = EDGE_LOOP('',(#16039,#16040,#16046,#16047));
#16039 = ORIENTED_EDGE('',*,*,#13812,.T.);
#16040 = ORIENTED_EDGE('',*,*,#16041,.T.);
#16041 = EDGE_CURVE('',#13813,#14751,#16042,.T.);
#16042 = LINE('',#16043,#16044);
#16043 = CARTESIAN_POINT('',(130.39495,-62.840553,-4.6E-02));
#16044 = VECTOR('',#16045,1.);
#16045 = DIRECTION('',(0.,0.,1.));
#16046 = ORIENTED_EDGE('',*,*,#14750,.F.);
#16047 = ORIENTED_EDGE('',*,*,#16041,.F.);
#16048 = CYLINDRICAL_SURFACE('',#16049,0.475);
#16049 = AXIS2_PLACEMENT_3D('',#16050,#16051,#16052);
#16050 = CARTESIAN_POINT('',(130.39495,-62.365553,-4.6E-02));
#16051 = DIRECTION('',(-0.,-0.,-1.));
#16052 = DIRECTION('',(-0.,-1.,0.));
#16053 = ADVANCED_FACE('',(#16054),#16065,.F.);
#16054 = FACE_BOUND('',#16055,.T.);
#16055 = EDGE_LOOP('',(#16056,#16057,#16063,#16064));
#16056 = ORIENTED_EDGE('',*,*,#13823,.T.);
#16057 = ORIENTED_EDGE('',*,*,#16058,.T.);
#16058 = EDGE_CURVE('',#13824,#14762,#16059,.T.);
#16059 = LINE('',#16060,#16061);
#16060 = CARTESIAN_POINT('',(142.74495,-72.840553,-4.6E-02));
#16061 = VECTOR('',#16062,1.);
#16062 = DIRECTION('',(0.,0.,1.));
#16063 = ORIENTED_EDGE('',*,*,#14761,.F.);
#16064 = ORIENTED_EDGE('',*,*,#16058,.F.);
#16065 = CYLINDRICAL_SURFACE('',#16066,0.475);
#16066 = AXIS2_PLACEMENT_3D('',#16067,#16068,#16069);
#16067 = CARTESIAN_POINT('',(142.74495,-72.365553,-4.6E-02));
#16068 = DIRECTION('',(-0.,-0.,-1.));
#16069 = DIRECTION('',(-5.983517774822E-14,-1.,0.));
#16070 = ADVANCED_FACE('',(#16071),#16082,.F.);
#16071 = FACE_BOUND('',#16072,.T.);
#16072 = EDGE_LOOP('',(#16073,#16074,#16080,#16081));
#16073 = ORIENTED_EDGE('',*,*,#13834,.T.);
#16074 = ORIENTED_EDGE('',*,*,#16075,.T.);
#16075 = EDGE_CURVE('',#13835,#14773,#16076,.T.);
#16076 = LINE('',#16077,#16078);
#16077 = CARTESIAN_POINT('',(142.74495,-70.340553,-4.6E-02));
#16078 = VECTOR('',#16079,1.);
#16079 = DIRECTION('',(0.,0.,1.));
#16080 = ORIENTED_EDGE('',*,*,#14772,.F.);
#16081 = ORIENTED_EDGE('',*,*,#16075,.F.);
#16082 = CYLINDRICAL_SURFACE('',#16083,0.475);
#16083 = AXIS2_PLACEMENT_3D('',#16084,#16085,#16086);
#16084 = CARTESIAN_POINT('',(142.74495,-69.865553,-4.6E-02));
#16085 = DIRECTION('',(-0.,-0.,-1.));
#16086 = DIRECTION('',(-5.983517774822E-14,-1.,0.));
#16087 = ADVANCED_FACE('',(#16088),#16099,.F.);
#16088 = FACE_BOUND('',#16089,.T.);
#16089 = EDGE_LOOP('',(#16090,#16091,#16097,#16098));
#16090 = ORIENTED_EDGE('',*,*,#13845,.T.);
#16091 = ORIENTED_EDGE('',*,*,#16092,.T.);
#16092 = EDGE_CURVE('',#13846,#14784,#16093,.T.);
#16093 = LINE('',#16094,#16095);
#16094 = CARTESIAN_POINT('',(152.74495,-78.073553,-4.6E-02));
#16095 = VECTOR('',#16096,1.);
#16096 = DIRECTION('',(0.,0.,1.));
#16097 = ORIENTED_EDGE('',*,*,#14783,.F.);
#16098 = ORIENTED_EDGE('',*,*,#16092,.F.);
#16099 = CYLINDRICAL_SURFACE('',#16100,0.508);
#16100 = AXIS2_PLACEMENT_3D('',#16101,#16102,#16103);
#16101 = CARTESIAN_POINT('',(152.74495,-77.565553,-4.6E-02));
#16102 = DIRECTION('',(-0.,-0.,-1.));
#16103 = DIRECTION('',(-5.594824691025E-14,-1.,0.));
#16104 = ADVANCED_FACE('',(#16105),#16116,.F.);
#16105 = FACE_BOUND('',#16106,.T.);
#16106 = EDGE_LOOP('',(#16107,#16108,#16114,#16115));
#16107 = ORIENTED_EDGE('',*,*,#13856,.T.);
#16108 = ORIENTED_EDGE('',*,*,#16109,.T.);
#16109 = EDGE_CURVE('',#13857,#14795,#16110,.T.);
#16110 = LINE('',#16111,#16112);
#16111 = CARTESIAN_POINT('',(152.74495,-75.533553,-4.6E-02));
#16112 = VECTOR('',#16113,1.);
#16113 = DIRECTION('',(0.,0.,1.));
#16114 = ORIENTED_EDGE('',*,*,#14794,.F.);
#16115 = ORIENTED_EDGE('',*,*,#16109,.F.);
#16116 = CYLINDRICAL_SURFACE('',#16117,0.508);
#16117 = AXIS2_PLACEMENT_3D('',#16118,#16119,#16120);
#16118 = CARTESIAN_POINT('',(152.74495,-75.025553,-4.6E-02));
#16119 = DIRECTION('',(-0.,-0.,-1.));
#16120 = DIRECTION('',(-5.594824691025E-14,-1.,0.));
#16121 = ADVANCED_FACE('',(#16122),#16133,.F.);
#16122 = FACE_BOUND('',#16123,.T.);
#16123 = EDGE_LOOP('',(#16124,#16125,#16131,#16132));
#16124 = ORIENTED_EDGE('',*,*,#13867,.T.);
#16125 = ORIENTED_EDGE('',*,*,#16126,.T.);
#16126 = EDGE_CURVE('',#13868,#14806,#16127,.T.);
#16127 = LINE('',#16128,#16129);
#16128 = CARTESIAN_POINT('',(152.74495,-72.993553,-4.6E-02));
#16129 = VECTOR('',#16130,1.);
#16130 = DIRECTION('',(0.,0.,1.));
#16131 = ORIENTED_EDGE('',*,*,#14805,.F.);
#16132 = ORIENTED_EDGE('',*,*,#16126,.F.);
#16133 = CYLINDRICAL_SURFACE('',#16134,0.508);
#16134 = AXIS2_PLACEMENT_3D('',#16135,#16136,#16137);
#16135 = CARTESIAN_POINT('',(152.74495,-72.485553,-4.6E-02));
#16136 = DIRECTION('',(-0.,-0.,-1.));
#16137 = DIRECTION('',(-5.594824691025E-14,-1.,0.));
#16138 = ADVANCED_FACE('',(#16139),#16150,.F.);
#16139 = FACE_BOUND('',#16140,.T.);
#16140 = EDGE_LOOP('',(#16141,#16142,#16148,#16149));
#16141 = ORIENTED_EDGE('',*,*,#13878,.T.);
#16142 = ORIENTED_EDGE('',*,*,#16143,.T.);
#16143 = EDGE_CURVE('',#13879,#14817,#16144,.T.);
#16144 = LINE('',#16145,#16146);
#16145 = CARTESIAN_POINT('',(152.74495,-70.453553,-4.6E-02));
#16146 = VECTOR('',#16147,1.);
#16147 = DIRECTION('',(0.,0.,1.));
#16148 = ORIENTED_EDGE('',*,*,#14816,.F.);
#16149 = ORIENTED_EDGE('',*,*,#16143,.F.);
#16150 = CYLINDRICAL_SURFACE('',#16151,0.508);
#16151 = AXIS2_PLACEMENT_3D('',#16152,#16153,#16154);
#16152 = CARTESIAN_POINT('',(152.74495,-69.945553,-4.6E-02));
#16153 = DIRECTION('',(-0.,-0.,-1.));
#16154 = DIRECTION('',(-5.594824691025E-14,-1.,0.));
#16155 = ADVANCED_FACE('',(#16156),#16167,.F.);
#16156 = FACE_BOUND('',#16157,.T.);
#16157 = EDGE_LOOP('',(#16158,#16159,#16165,#16166));
#16158 = ORIENTED_EDGE('',*,*,#13889,.T.);
#16159 = ORIENTED_EDGE('',*,*,#16160,.T.);
#16160 = EDGE_CURVE('',#13890,#14828,#16161,.T.);
#16161 = LINE('',#16162,#16163);
#16162 = CARTESIAN_POINT('',(142.74495,-67.840553,-4.6E-02));
#16163 = VECTOR('',#16164,1.);
#16164 = DIRECTION('',(0.,0.,1.));
#16165 = ORIENTED_EDGE('',*,*,#14827,.F.);
#16166 = ORIENTED_EDGE('',*,*,#16160,.F.);
#16167 = CYLINDRICAL_SURFACE('',#16168,0.475);
#16168 = AXIS2_PLACEMENT_3D('',#16169,#16170,#16171);
#16169 = CARTESIAN_POINT('',(142.74495,-67.365553,-4.6E-02));
#16170 = DIRECTION('',(-0.,-0.,-1.));
#16171 = DIRECTION('',(-5.983517774822E-14,-1.,0.));
#16172 = ADVANCED_FACE('',(#16173),#16184,.F.);
#16173 = FACE_BOUND('',#16174,.T.);
#16174 = EDGE_LOOP('',(#16175,#16176,#16182,#16183));
#16175 = ORIENTED_EDGE('',*,*,#13900,.T.);
#16176 = ORIENTED_EDGE('',*,*,#16177,.T.);
#16177 = EDGE_CURVE('',#13901,#14839,#16178,.T.);
#16178 = LINE('',#16179,#16180);
#16179 = CARTESIAN_POINT('',(142.74495,-65.340553,-4.6E-02));
#16180 = VECTOR('',#16181,1.);
#16181 = DIRECTION('',(0.,0.,1.));
#16182 = ORIENTED_EDGE('',*,*,#14838,.F.);
#16183 = ORIENTED_EDGE('',*,*,#16177,.F.);
#16184 = CYLINDRICAL_SURFACE('',#16185,0.475);
#16185 = AXIS2_PLACEMENT_3D('',#16186,#16187,#16188);
#16186 = CARTESIAN_POINT('',(142.74495,-64.865553,-4.6E-02));
#16187 = DIRECTION('',(-0.,-0.,-1.));
#16188 = DIRECTION('',(-5.983517774822E-14,-1.,0.));
#16189 = ADVANCED_FACE('',(#16190),#16201,.F.);
#16190 = FACE_BOUND('',#16191,.T.);
#16191 = EDGE_LOOP('',(#16192,#16193,#16199,#16200));
#16192 = ORIENTED_EDGE('',*,*,#13911,.T.);
#16193 = ORIENTED_EDGE('',*,*,#16194,.T.);
#16194 = EDGE_CURVE('',#13912,#14850,#16195,.T.);
#16195 = LINE('',#16196,#16197);
#16196 = CARTESIAN_POINT('',(142.74495,-62.840553,-4.6E-02));
#16197 = VECTOR('',#16198,1.);
#16198 = DIRECTION('',(0.,0.,1.));
#16199 = ORIENTED_EDGE('',*,*,#14849,.F.);
#16200 = ORIENTED_EDGE('',*,*,#16194,.F.);
#16201 = CYLINDRICAL_SURFACE('',#16202,0.475);
#16202 = AXIS2_PLACEMENT_3D('',#16203,#16204,#16205);
#16203 = CARTESIAN_POINT('',(142.74495,-62.365553,-4.6E-02));
#16204 = DIRECTION('',(-0.,-0.,-1.));
#16205 = DIRECTION('',(-5.983517774822E-14,-1.,0.));
#16206 = ADVANCED_FACE('',(#16207),#16218,.F.);
#16207 = FACE_BOUND('',#16208,.T.);
#16208 = EDGE_LOOP('',(#16209,#16210,#16216,#16217));
#16209 = ORIENTED_EDGE('',*,*,#13922,.T.);
#16210 = ORIENTED_EDGE('',*,*,#16211,.T.);
#16211 = EDGE_CURVE('',#13923,#14861,#16212,.T.);
#16212 = LINE('',#16213,#16214);
#16213 = CARTESIAN_POINT('',(152.74495,-67.913553,-4.6E-02));
#16214 = VECTOR('',#16215,1.);
#16215 = DIRECTION('',(0.,0.,1.));
#16216 = ORIENTED_EDGE('',*,*,#14860,.F.);
#16217 = ORIENTED_EDGE('',*,*,#16211,.F.);
#16218 = CYLINDRICAL_SURFACE('',#16219,0.508);
#16219 = AXIS2_PLACEMENT_3D('',#16220,#16221,#16222);
#16220 = CARTESIAN_POINT('',(152.74495,-67.405553,-4.6E-02));
#16221 = DIRECTION('',(-0.,-0.,-1.));
#16222 = DIRECTION('',(-5.594824691025E-14,-1.,0.));
#16223 = ADVANCED_FACE('',(#16224),#16235,.F.);
#16224 = FACE_BOUND('',#16225,.T.);
#16225 = EDGE_LOOP('',(#16226,#16227,#16233,#16234));
#16226 = ORIENTED_EDGE('',*,*,#13933,.T.);
#16227 = ORIENTED_EDGE('',*,*,#16228,.T.);
#16228 = EDGE_CURVE('',#13934,#14872,#16229,.T.);
#16229 = LINE('',#16230,#16231);
#16230 = CARTESIAN_POINT('',(152.74495,-65.373553,-4.6E-02));
#16231 = VECTOR('',#16232,1.);
#16232 = DIRECTION('',(0.,0.,1.));
#16233 = ORIENTED_EDGE('',*,*,#14871,.F.);
#16234 = ORIENTED_EDGE('',*,*,#16228,.F.);
#16235 = CYLINDRICAL_SURFACE('',#16236,0.508);
#16236 = AXIS2_PLACEMENT_3D('',#16237,#16238,#16239);
#16237 = CARTESIAN_POINT('',(152.74495,-64.865553,-4.6E-02));
#16238 = DIRECTION('',(-0.,-0.,-1.));
#16239 = DIRECTION('',(-5.594824691025E-14,-1.,0.));
#16240 = ADVANCED_FACE('',(#16241),#16252,.F.);
#16241 = FACE_BOUND('',#16242,.T.);
#16242 = EDGE_LOOP('',(#16243,#16244,#16250,#16251));
#16243 = ORIENTED_EDGE('',*,*,#13944,.T.);
#16244 = ORIENTED_EDGE('',*,*,#16245,.T.);
#16245 = EDGE_CURVE('',#13945,#14883,#16246,.T.);
#16246 = LINE('',#16247,#16248);
#16247 = CARTESIAN_POINT('',(152.74495,-62.833553,-4.6E-02));
#16248 = VECTOR('',#16249,1.);
#16249 = DIRECTION('',(0.,0.,1.));
#16250 = ORIENTED_EDGE('',*,*,#14882,.F.);
#16251 = ORIENTED_EDGE('',*,*,#16245,.F.);
#16252 = CYLINDRICAL_SURFACE('',#16253,0.508);
#16253 = AXIS2_PLACEMENT_3D('',#16254,#16255,#16256);
#16254 = CARTESIAN_POINT('',(152.74495,-62.325553,-4.6E-02));
#16255 = DIRECTION('',(-0.,-0.,-1.));
#16256 = DIRECTION('',(-5.594824691025E-14,-1.,0.));
#16257 = ADVANCED_FACE('',(#16258),#16269,.F.);
#16258 = FACE_BOUND('',#16259,.T.);
#16259 = EDGE_LOOP('',(#16260,#16261,#16267,#16268));
#16260 = ORIENTED_EDGE('',*,*,#13955,.T.);
#16261 = ORIENTED_EDGE('',*,*,#16262,.T.);
#16262 = EDGE_CURVE('',#13956,#14894,#16263,.T.);
#16263 = LINE('',#16264,#16265);
#16264 = CARTESIAN_POINT('',(167.98495,-93.313553,-4.6E-02));
#16265 = VECTOR('',#16266,1.);
#16266 = DIRECTION('',(0.,0.,1.));
#16267 = ORIENTED_EDGE('',*,*,#14893,.F.);
#16268 = ORIENTED_EDGE('',*,*,#16262,.F.);
#16269 = CYLINDRICAL_SURFACE('',#16270,0.508);
#16270 = AXIS2_PLACEMENT_3D('',#16271,#16272,#16273);
#16271 = CARTESIAN_POINT('',(167.98495,-92.805553,-4.6E-02));
#16272 = DIRECTION('',(-0.,-0.,-1.));
#16273 = DIRECTION('',(-0.,-1.,0.));
#16274 = ADVANCED_FACE('',(#16275),#16286,.F.);
#16275 = FACE_BOUND('',#16276,.T.);
#16276 = EDGE_LOOP('',(#16277,#16278,#16284,#16285));
#16277 = ORIENTED_EDGE('',*,*,#13966,.T.);
#16278 = ORIENTED_EDGE('',*,*,#16279,.T.);
#16279 = EDGE_CURVE('',#13967,#14905,#16280,.T.);
#16280 = LINE('',#16281,#16282);
#16281 = CARTESIAN_POINT('',(167.98495,-90.773553,-4.6E-02));
#16282 = VECTOR('',#16283,1.);
#16283 = DIRECTION('',(0.,0.,1.));
#16284 = ORIENTED_EDGE('',*,*,#14904,.F.);
#16285 = ORIENTED_EDGE('',*,*,#16279,.F.);
#16286 = CYLINDRICAL_SURFACE('',#16287,0.508);
#16287 = AXIS2_PLACEMENT_3D('',#16288,#16289,#16290);
#16288 = CARTESIAN_POINT('',(167.98495,-90.265553,-4.6E-02));
#16289 = DIRECTION('',(-0.,-0.,-1.));
#16290 = DIRECTION('',(-0.,-1.,0.));
#16291 = ADVANCED_FACE('',(#16292),#16303,.F.);
#16292 = FACE_BOUND('',#16293,.T.);
#16293 = EDGE_LOOP('',(#16294,#16295,#16301,#16302));
#16294 = ORIENTED_EDGE('',*,*,#13977,.T.);
#16295 = ORIENTED_EDGE('',*,*,#16296,.T.);
#16296 = EDGE_CURVE('',#13978,#14916,#16297,.T.);
#16297 = LINE('',#16298,#16299);
#16298 = CARTESIAN_POINT('',(167.98495,-88.233553,-4.6E-02));
#16299 = VECTOR('',#16300,1.);
#16300 = DIRECTION('',(0.,0.,1.));
#16301 = ORIENTED_EDGE('',*,*,#14915,.F.);
#16302 = ORIENTED_EDGE('',*,*,#16296,.F.);
#16303 = CYLINDRICAL_SURFACE('',#16304,0.508);
#16304 = AXIS2_PLACEMENT_3D('',#16305,#16306,#16307);
#16305 = CARTESIAN_POINT('',(167.98495,-87.725553,-4.6E-02));
#16306 = DIRECTION('',(-0.,-0.,-1.));
#16307 = DIRECTION('',(-0.,-1.,0.));
#16308 = ADVANCED_FACE('',(#16309),#16320,.F.);
#16309 = FACE_BOUND('',#16310,.T.);
#16310 = EDGE_LOOP('',(#16311,#16312,#16318,#16319));
#16311 = ORIENTED_EDGE('',*,*,#13988,.T.);
#16312 = ORIENTED_EDGE('',*,*,#16313,.T.);
#16313 = EDGE_CURVE('',#13989,#14927,#16314,.T.);
#16314 = LINE('',#16315,#16316);
#16315 = CARTESIAN_POINT('',(167.98495,-85.693553,-4.6E-02));
#16316 = VECTOR('',#16317,1.);
#16317 = DIRECTION('',(0.,0.,1.));
#16318 = ORIENTED_EDGE('',*,*,#14926,.F.);
#16319 = ORIENTED_EDGE('',*,*,#16313,.F.);
#16320 = CYLINDRICAL_SURFACE('',#16321,0.508);
#16321 = AXIS2_PLACEMENT_3D('',#16322,#16323,#16324);
#16322 = CARTESIAN_POINT('',(167.98495,-85.185553,-4.6E-02));
#16323 = DIRECTION('',(-0.,-0.,-1.));
#16324 = DIRECTION('',(-0.,-1.,0.));
#16325 = ADVANCED_FACE('',(#16326),#16337,.F.);
#16326 = FACE_BOUND('',#16327,.T.);
#16327 = EDGE_LOOP('',(#16328,#16329,#16335,#16336));
#16328 = ORIENTED_EDGE('',*,*,#13999,.T.);
#16329 = ORIENTED_EDGE('',*,*,#16330,.T.);
#16330 = EDGE_CURVE('',#14000,#14938,#16331,.T.);
#16331 = LINE('',#16332,#16333);
#16332 = CARTESIAN_POINT('',(167.98495,-83.153553,-4.6E-02));
#16333 = VECTOR('',#16334,1.);
#16334 = DIRECTION('',(0.,0.,1.));
#16335 = ORIENTED_EDGE('',*,*,#14937,.F.);
#16336 = ORIENTED_EDGE('',*,*,#16330,.F.);
#16337 = CYLINDRICAL_SURFACE('',#16338,0.508);
#16338 = AXIS2_PLACEMENT_3D('',#16339,#16340,#16341);
#16339 = CARTESIAN_POINT('',(167.98495,-82.645553,-4.6E-02));
#16340 = DIRECTION('',(-0.,-0.,-1.));
#16341 = DIRECTION('',(-0.,-1.,0.));
#16342 = ADVANCED_FACE('',(#16343),#16354,.F.);
#16343 = FACE_BOUND('',#16344,.T.);
#16344 = EDGE_LOOP('',(#16345,#16346,#16352,#16353));
#16345 = ORIENTED_EDGE('',*,*,#14010,.T.);
#16346 = ORIENTED_EDGE('',*,*,#16347,.T.);
#16347 = EDGE_CURVE('',#14011,#14949,#16348,.T.);
#16348 = LINE('',#16349,#16350);
#16349 = CARTESIAN_POINT('',(167.98495,-80.613553,-4.6E-02));
#16350 = VECTOR('',#16351,1.);
#16351 = DIRECTION('',(0.,0.,1.));
#16352 = ORIENTED_EDGE('',*,*,#14948,.F.);
#16353 = ORIENTED_EDGE('',*,*,#16347,.F.);
#16354 = CYLINDRICAL_SURFACE('',#16355,0.508);
#16355 = AXIS2_PLACEMENT_3D('',#16356,#16357,#16358);
#16356 = CARTESIAN_POINT('',(167.98495,-80.105553,-4.6E-02));
#16357 = DIRECTION('',(-0.,-0.,-1.));
#16358 = DIRECTION('',(-0.,-1.,0.));
#16359 = ADVANCED_FACE('',(#16360),#16371,.F.);
#16360 = FACE_BOUND('',#16361,.T.);
#16361 = EDGE_LOOP('',(#16362,#16363,#16369,#16370));
#16362 = ORIENTED_EDGE('',*,*,#14021,.T.);
#16363 = ORIENTED_EDGE('',*,*,#16364,.T.);
#16364 = EDGE_CURVE('',#14022,#14960,#16365,.T.);
#16365 = LINE('',#16366,#16367);
#16366 = CARTESIAN_POINT('',(167.98495,-78.073553,-4.6E-02));
#16367 = VECTOR('',#16368,1.);
#16368 = DIRECTION('',(0.,0.,1.));
#16369 = ORIENTED_EDGE('',*,*,#14959,.F.);
#16370 = ORIENTED_EDGE('',*,*,#16364,.F.);
#16371 = CYLINDRICAL_SURFACE('',#16372,0.508);
#16372 = AXIS2_PLACEMENT_3D('',#16373,#16374,#16375);
#16373 = CARTESIAN_POINT('',(167.98495,-77.565553,-4.6E-02));
#16374 = DIRECTION('',(-0.,-0.,-1.));
#16375 = DIRECTION('',(-0.,-1.,0.));
#16376 = ADVANCED_FACE('',(#16377),#16388,.F.);
#16377 = FACE_BOUND('',#16378,.T.);
#16378 = EDGE_LOOP('',(#16379,#16380,#16386,#16387));
#16379 = ORIENTED_EDGE('',*,*,#14032,.T.);
#16380 = ORIENTED_EDGE('',*,*,#16381,.T.);
#16381 = EDGE_CURVE('',#14033,#14971,#16382,.T.);
#16382 = LINE('',#16383,#16384);
#16383 = CARTESIAN_POINT('',(167.98495,-75.533553,-4.6E-02));
#16384 = VECTOR('',#16385,1.);
#16385 = DIRECTION('',(0.,0.,1.));
#16386 = ORIENTED_EDGE('',*,*,#14970,.F.);
#16387 = ORIENTED_EDGE('',*,*,#16381,.F.);
#16388 = CYLINDRICAL_SURFACE('',#16389,0.508);
#16389 = AXIS2_PLACEMENT_3D('',#16390,#16391,#16392);
#16390 = CARTESIAN_POINT('',(167.98495,-75.025553,-4.6E-02));
#16391 = DIRECTION('',(-0.,-0.,-1.));
#16392 = DIRECTION('',(-0.,-1.,0.));
#16393 = ADVANCED_FACE('',(#16394),#16405,.F.);
#16394 = FACE_BOUND('',#16395,.T.);
#16395 = EDGE_LOOP('',(#16396,#16397,#16403,#16404));
#16396 = ORIENTED_EDGE('',*,*,#14043,.T.);
#16397 = ORIENTED_EDGE('',*,*,#16398,.T.);
#16398 = EDGE_CURVE('',#14044,#14982,#16399,.T.);
#16399 = LINE('',#16400,#16401);
#16400 = CARTESIAN_POINT('',(167.98495,-72.993553,-4.6E-02));
#16401 = VECTOR('',#16402,1.);
#16402 = DIRECTION('',(0.,0.,1.));
#16403 = ORIENTED_EDGE('',*,*,#14981,.F.);
#16404 = ORIENTED_EDGE('',*,*,#16398,.F.);
#16405 = CYLINDRICAL_SURFACE('',#16406,0.508);
#16406 = AXIS2_PLACEMENT_3D('',#16407,#16408,#16409);
#16407 = CARTESIAN_POINT('',(167.98495,-72.485553,-4.6E-02));
#16408 = DIRECTION('',(-0.,-0.,-1.));
#16409 = DIRECTION('',(-0.,-1.,0.));
#16410 = ADVANCED_FACE('',(#16411),#16422,.F.);
#16411 = FACE_BOUND('',#16412,.T.);
#16412 = EDGE_LOOP('',(#16413,#16414,#16420,#16421));
#16413 = ORIENTED_EDGE('',*,*,#14054,.T.);
#16414 = ORIENTED_EDGE('',*,*,#16415,.T.);
#16415 = EDGE_CURVE('',#14055,#14993,#16416,.T.);
#16416 = LINE('',#16417,#16418);
#16417 = CARTESIAN_POINT('',(167.98495,-70.453553,-4.6E-02));
#16418 = VECTOR('',#16419,1.);
#16419 = DIRECTION('',(0.,0.,1.));
#16420 = ORIENTED_EDGE('',*,*,#14992,.F.);
#16421 = ORIENTED_EDGE('',*,*,#16415,.F.);
#16422 = CYLINDRICAL_SURFACE('',#16423,0.508);
#16423 = AXIS2_PLACEMENT_3D('',#16424,#16425,#16426);
#16424 = CARTESIAN_POINT('',(167.98495,-69.945553,-4.6E-02));
#16425 = DIRECTION('',(-0.,-0.,-1.));
#16426 = DIRECTION('',(-0.,-1.,0.));
#16427 = ADVANCED_FACE('',(#16428),#16439,.F.);
#16428 = FACE_BOUND('',#16429,.T.);
#16429 = EDGE_LOOP('',(#16430,#16431,#16437,#16438));
#16430 = ORIENTED_EDGE('',*,*,#14065,.T.);
#16431 = ORIENTED_EDGE('',*,*,#16432,.T.);
#16432 = EDGE_CURVE('',#14066,#15004,#16433,.T.);
#16433 = LINE('',#16434,#16435);
#16434 = CARTESIAN_POINT('',(167.98495,-67.913553,-4.6E-02));
#16435 = VECTOR('',#16436,1.);
#16436 = DIRECTION('',(0.,0.,1.));
#16437 = ORIENTED_EDGE('',*,*,#15003,.F.);
#16438 = ORIENTED_EDGE('',*,*,#16432,.F.);
#16439 = CYLINDRICAL_SURFACE('',#16440,0.508);
#16440 = AXIS2_PLACEMENT_3D('',#16441,#16442,#16443);
#16441 = CARTESIAN_POINT('',(167.98495,-67.405553,-4.6E-02));
#16442 = DIRECTION('',(-0.,-0.,-1.));
#16443 = DIRECTION('',(-0.,-1.,0.));
#16444 = ADVANCED_FACE('',(#16445),#16456,.F.);
#16445 = FACE_BOUND('',#16446,.T.);
#16446 = EDGE_LOOP('',(#16447,#16448,#16454,#16455));
#16447 = ORIENTED_EDGE('',*,*,#14076,.T.);
#16448 = ORIENTED_EDGE('',*,*,#16449,.T.);
#16449 = EDGE_CURVE('',#14077,#15015,#16450,.T.);
#16450 = LINE('',#16451,#16452);
#16451 = CARTESIAN_POINT('',(167.98495,-65.373553,-4.6E-02));
#16452 = VECTOR('',#16453,1.);
#16453 = DIRECTION('',(0.,0.,1.));
#16454 = ORIENTED_EDGE('',*,*,#15014,.F.);
#16455 = ORIENTED_EDGE('',*,*,#16449,.F.);
#16456 = CYLINDRICAL_SURFACE('',#16457,0.508);
#16457 = AXIS2_PLACEMENT_3D('',#16458,#16459,#16460);
#16458 = CARTESIAN_POINT('',(167.98495,-64.865553,-4.6E-02));
#16459 = DIRECTION('',(-0.,-0.,-1.));
#16460 = DIRECTION('',(-0.,-1.,0.));
#16461 = ADVANCED_FACE('',(#16462),#16473,.F.);
#16462 = FACE_BOUND('',#16463,.T.);
#16463 = EDGE_LOOP('',(#16464,#16465,#16471,#16472));
#16464 = ORIENTED_EDGE('',*,*,#14087,.T.);
#16465 = ORIENTED_EDGE('',*,*,#16466,.T.);
#16466 = EDGE_CURVE('',#14088,#15026,#16467,.T.);
#16467 = LINE('',#16468,#16469);
#16468 = CARTESIAN_POINT('',(167.98495,-62.833553,-4.6E-02));
#16469 = VECTOR('',#16470,1.);
#16470 = DIRECTION('',(0.,0.,1.));
#16471 = ORIENTED_EDGE('',*,*,#15025,.F.);
#16472 = ORIENTED_EDGE('',*,*,#16466,.F.);
#16473 = CYLINDRICAL_SURFACE('',#16474,0.508);
#16474 = AXIS2_PLACEMENT_3D('',#16475,#16476,#16477);
#16475 = CARTESIAN_POINT('',(167.98495,-62.325553,-4.6E-02));
#16476 = DIRECTION('',(-0.,-0.,-1.));
#16477 = DIRECTION('',(-0.,-1.,0.));
#16478 = ( GEOMETRIC_REPRESENTATION_CONTEXT(3) 
GLOBAL_UNCERTAINTY_ASSIGNED_CONTEXT((#16482)) 
GLOBAL_UNIT_ASSIGNED_CONTEXT((#16479,#16480,#16481)) 
REPRESENTATION_CONTEXT('Context #1',
  '3D Context with UNIT and UNCERTAINTY') );
#16479 = ( LENGTH_UNIT() NAMED_UNIT(*) SI_UNIT(.MILLI.,.METRE.) );
#16480 = ( NAMED_UNIT(*) PLANE_ANGLE_UNIT() SI_UNIT($,.RADIAN.) );
#16481 = ( NAMED_UNIT(*) SI_UNIT($,.STERADIAN.) SOLID_ANGLE_UNIT() );
#16482 = UNCERTAINTY_MEASURE_WITH_UNIT(LENGTH_MEASURE(1.E-07),#16479,
  'distance_accuracy_value','confusion accuracy');
#16483 = CONTEXT_DEPENDENT_SHAPE_REPRESENTATION(#16484,#16486);
#16484 = ( REPRESENTATION_RELATIONSHIP('','',#13057,#10) 
REPRESENTATION_RELATIONSHIP_WITH_TRANSFORMATION(#16485) 
SHAPE_REPRESENTATION_RELATIONSHIP() );
#16485 = ITEM_DEFINED_TRANSFORMATION('','',#11,#131);
#16486 = PRODUCT_DEFINITION_SHAPE('Placement','Placement of an item',
  #16487);
#16487 = NEXT_ASSEMBLY_USAGE_OCCURRENCE('30','=>[0:1:1:7]','',#5,#13052,
  $);
#16488 = PRODUCT_RELATED_PRODUCT_CATEGORY('part',$,(#13054));
#16489 = MECHANICAL_DESIGN_GEOMETRIC_PRESENTATION_REPRESENTATION('',(
    #16490),#11397);
#16490 = STYLED_ITEM('color',(#16491),#6739);
#16491 = PRESENTATION_STYLE_ASSIGNMENT((#16492,#16498));
#16492 = SURFACE_STYLE_USAGE(.BOTH.,#16493);
#16493 = SURFACE_SIDE_STYLE('',(#16494));
#16494 = SURFACE_STYLE_FILL_AREA(#16495);
#16495 = FILL_AREA_STYLE('',(#16496));
#16496 = FILL_AREA_STYLE_COLOUR('',#16497);
#16497 = COLOUR_RGB('',0.859000020776,0.737999965183,0.495999988746);
#16498 = CURVE_STYLE('',#16499,POSITIVE_LENGTH_MEASURE(0.1),#16497);
#16499 = DRAUGHTING_PRE_DEFINED_CURVE_FONT('continuous');
#16500 = MECHANICAL_DESIGN_GEOMETRIC_PRESENTATION_REPRESENTATION('',(
    #16501,#16509,#16516,#16523,#16530,#16537,#16544,#16551,#16558,
    #16565,#16572,#16579,#16586,#16593,#16600,#16607,#16614,#16621,
    #16628,#16635,#16642,#16649,#16656,#16663,#16670,#16677,#16684,
    #16691,#16698,#16705,#16712,#16719,#16726,#16733,#16740,#16747,
    #16754,#16761,#16768,#16775,#16782,#16789,#16796,#16803,#16810,
    #16817,#16824,#16831,#16838,#16845,#16852,#16859,#16866,#16873,
    #16880,#16887,#16894,#16901,#16908,#16915,#16922,#16929,#16936,
    #16943,#16950,#16957,#16964,#16971,#16979,#16986,#16993,#17000,
    #17007,#17014,#17021,#17028,#17035,#17042,#17049,#17056,#17063,
    #17070,#17077,#17084,#17091,#17098,#17105,#17112,#17119,#17126,
    #17133,#17140,#17147,#17154,#17161,#17168,#17175,#17182,#17189,
    #17196,#17203,#17210,#17217,#17224,#17231,#17238,#17245,#17252,
    #17259,#17266,#17273,#17280,#17287,#17294,#17301,#17308,#17315,
    #17322,#17329,#17336,#17343,#17350,#17357,#17364,#17371,#17378,
    #17385,#17392,#17399,#17406,#17413,#17420,#17427,#17434,#17441,
    #17448,#17455,#17462,#17469,#17476,#17483,#17490,#17497,#17504,
    #17511,#17518,#17525,#17532,#17539,#17546,#17553,#17560,#17567,
    #17574,#17581,#17588,#17595,#17602,#17609,#17616,#17623,#17630,
    #17637,#17644,#17651),#5018);
#16501 = STYLED_ITEM('color',(#16502),#151);
#16502 = PRESENTATION_STYLE_ASSIGNMENT((#16503));
#16503 = SURFACE_STYLE_USAGE(.BOTH.,#16504);
#16504 = SURFACE_SIDE_STYLE('',(#16505));
#16505 = SURFACE_STYLE_FILL_AREA(#16506);
#16506 = FILL_AREA_STYLE('',(#16507));
#16507 = FILL_AREA_STYLE_COLOUR('',#16508);
#16508 = COLOUR_RGB('',0.894117649055,0.890196087049,0.811764731185);
#16509 = STYLED_ITEM('color',(#16510),#223);
#16510 = PRESENTATION_STYLE_ASSIGNMENT((#16511));
#16511 = SURFACE_STYLE_USAGE(.BOTH.,#16512);
#16512 = SURFACE_SIDE_STYLE('',(#16513));
#16513 = SURFACE_STYLE_FILL_AREA(#16514);
#16514 = FILL_AREA_STYLE('',(#16515));
#16515 = FILL_AREA_STYLE_COLOUR('',#16508);
#16516 = STYLED_ITEM('color',(#16517),#262);
#16517 = PRESENTATION_STYLE_ASSIGNMENT((#16518));
#16518 = SURFACE_STYLE_USAGE(.BOTH.,#16519);
#16519 = SURFACE_SIDE_STYLE('',(#16520));
#16520 = SURFACE_STYLE_FILL_AREA(#16521);
#16521 = FILL_AREA_STYLE('',(#16522));
#16522 = FILL_AREA_STYLE_COLOUR('',#16508);
#16523 = STYLED_ITEM('color',(#16524),#286);
#16524 = PRESENTATION_STYLE_ASSIGNMENT((#16525));
#16525 = SURFACE_STYLE_USAGE(.BOTH.,#16526);
#16526 = SURFACE_SIDE_STYLE('',(#16527));
#16527 = SURFACE_STYLE_FILL_AREA(#16528);
#16528 = FILL_AREA_STYLE('',(#16529));
#16529 = FILL_AREA_STYLE_COLOUR('',#16508);
#16530 = STYLED_ITEM('color',(#16531),#351);
#16531 = PRESENTATION_STYLE_ASSIGNMENT((#16532));
#16532 = SURFACE_STYLE_USAGE(.BOTH.,#16533);
#16533 = SURFACE_SIDE_STYLE('',(#16534));
#16534 = SURFACE_STYLE_FILL_AREA(#16535);
#16535 = FILL_AREA_STYLE('',(#16536));
#16536 = FILL_AREA_STYLE_COLOUR('',#16508);
#16537 = STYLED_ITEM('color',(#16538),#375);
#16538 = PRESENTATION_STYLE_ASSIGNMENT((#16539));
#16539 = SURFACE_STYLE_USAGE(.BOTH.,#16540);
#16540 = SURFACE_SIDE_STYLE('',(#16541));
#16541 = SURFACE_STYLE_FILL_AREA(#16542);
#16542 = FILL_AREA_STYLE('',(#16543));
#16543 = FILL_AREA_STYLE_COLOUR('',#16508);
#16544 = STYLED_ITEM('color',(#16545),#559);
#16545 = PRESENTATION_STYLE_ASSIGNMENT((#16546));
#16546 = SURFACE_STYLE_USAGE(.BOTH.,#16547);
#16547 = SURFACE_SIDE_STYLE('',(#16548));
#16548 = SURFACE_STYLE_FILL_AREA(#16549);
#16549 = FILL_AREA_STYLE('',(#16550));
#16550 = FILL_AREA_STYLE_COLOUR('',#16508);
#16551 = STYLED_ITEM('color',(#16552),#583);
#16552 = PRESENTATION_STYLE_ASSIGNMENT((#16553));
#16553 = SURFACE_STYLE_USAGE(.BOTH.,#16554);
#16554 = SURFACE_SIDE_STYLE('',(#16555));
#16555 = SURFACE_STYLE_FILL_AREA(#16556);
#16556 = FILL_AREA_STYLE('',(#16557));
#16557 = FILL_AREA_STYLE_COLOUR('',#16508);
#16558 = STYLED_ITEM('color',(#16559),#648);
#16559 = PRESENTATION_STYLE_ASSIGNMENT((#16560));
#16560 = SURFACE_STYLE_USAGE(.BOTH.,#16561);
#16561 = SURFACE_SIDE_STYLE('',(#16562));
#16562 = SURFACE_STYLE_FILL_AREA(#16563);
#16563 = FILL_AREA_STYLE('',(#16564));
#16564 = FILL_AREA_STYLE_COLOUR('',#16508);
#16565 = STYLED_ITEM('color',(#16566),#673);
#16566 = PRESENTATION_STYLE_ASSIGNMENT((#16567));
#16567 = SURFACE_STYLE_USAGE(.BOTH.,#16568);
#16568 = SURFACE_SIDE_STYLE('',(#16569));
#16569 = SURFACE_STYLE_FILL_AREA(#16570);
#16570 = FILL_AREA_STYLE('',(#16571));
#16571 = FILL_AREA_STYLE_COLOUR('',#16508);
#16572 = STYLED_ITEM('color',(#16573),#722);
#16573 = PRESENTATION_STYLE_ASSIGNMENT((#16574));
#16574 = SURFACE_STYLE_USAGE(.BOTH.,#16575);
#16575 = SURFACE_SIDE_STYLE('',(#16576));
#16576 = SURFACE_STYLE_FILL_AREA(#16577);
#16577 = FILL_AREA_STYLE('',(#16578));
#16578 = FILL_AREA_STYLE_COLOUR('',#16508);
#16579 = STYLED_ITEM('color',(#16580),#739);
#16580 = PRESENTATION_STYLE_ASSIGNMENT((#16581));
#16581 = SURFACE_STYLE_USAGE(.BOTH.,#16582);
#16582 = SURFACE_SIDE_STYLE('',(#16583));
#16583 = SURFACE_STYLE_FILL_AREA(#16584);
#16584 = FILL_AREA_STYLE('',(#16585));
#16585 = FILL_AREA_STYLE_COLOUR('',#16508);
#16586 = STYLED_ITEM('color',(#16587),#763);
#16587 = PRESENTATION_STYLE_ASSIGNMENT((#16588));
#16588 = SURFACE_STYLE_USAGE(.BOTH.,#16589);
#16589 = SURFACE_SIDE_STYLE('',(#16590));
#16590 = SURFACE_STYLE_FILL_AREA(#16591);
#16591 = FILL_AREA_STYLE('',(#16592));
#16592 = FILL_AREA_STYLE_COLOUR('',#16508);
#16593 = STYLED_ITEM('color',(#16594),#780);
#16594 = PRESENTATION_STYLE_ASSIGNMENT((#16595));
#16595 = SURFACE_STYLE_USAGE(.BOTH.,#16596);
#16596 = SURFACE_SIDE_STYLE('',(#16597));
#16597 = SURFACE_STYLE_FILL_AREA(#16598);
#16598 = FILL_AREA_STYLE('',(#16599));
#16599 = FILL_AREA_STYLE_COLOUR('',#16508);
#16600 = STYLED_ITEM('color',(#16601),#950);
#16601 = PRESENTATION_STYLE_ASSIGNMENT((#16602));
#16602 = SURFACE_STYLE_USAGE(.BOTH.,#16603);
#16603 = SURFACE_SIDE_STYLE('',(#16604));
#16604 = SURFACE_STYLE_FILL_AREA(#16605);
#16605 = FILL_AREA_STYLE('',(#16606));
#16606 = FILL_AREA_STYLE_COLOUR('',#16508);
#16607 = STYLED_ITEM('color',(#16608),#974);
#16608 = PRESENTATION_STYLE_ASSIGNMENT((#16609));
#16609 = SURFACE_STYLE_USAGE(.BOTH.,#16610);
#16610 = SURFACE_SIDE_STYLE('',(#16611));
#16611 = SURFACE_STYLE_FILL_AREA(#16612);
#16612 = FILL_AREA_STYLE('',(#16613));
#16613 = FILL_AREA_STYLE_COLOUR('',#16508);
#16614 = STYLED_ITEM('color',(#16615),#1272);
#16615 = PRESENTATION_STYLE_ASSIGNMENT((#16616));
#16616 = SURFACE_STYLE_USAGE(.BOTH.,#16617);
#16617 = SURFACE_SIDE_STYLE('',(#16618));
#16618 = SURFACE_STYLE_FILL_AREA(#16619);
#16619 = FILL_AREA_STYLE('',(#16620));
#16620 = FILL_AREA_STYLE_COLOUR('',#16508);
#16621 = STYLED_ITEM('color',(#16622),#1296);
#16622 = PRESENTATION_STYLE_ASSIGNMENT((#16623));
#16623 = SURFACE_STYLE_USAGE(.BOTH.,#16624);
#16624 = SURFACE_SIDE_STYLE('',(#16625));
#16625 = SURFACE_STYLE_FILL_AREA(#16626);
#16626 = FILL_AREA_STYLE('',(#16627));
#16627 = FILL_AREA_STYLE_COLOUR('',#16508);
#16628 = STYLED_ITEM('color',(#16629),#1329);
#16629 = PRESENTATION_STYLE_ASSIGNMENT((#16630));
#16630 = SURFACE_STYLE_USAGE(.BOTH.,#16631);
#16631 = SURFACE_SIDE_STYLE('',(#16632));
#16632 = SURFACE_STYLE_FILL_AREA(#16633);
#16633 = FILL_AREA_STYLE('',(#16634));
#16634 = FILL_AREA_STYLE_COLOUR('',#16508);
#16635 = STYLED_ITEM('color',(#16636),#1353);
#16636 = PRESENTATION_STYLE_ASSIGNMENT((#16637));
#16637 = SURFACE_STYLE_USAGE(.BOTH.,#16638);
#16638 = SURFACE_SIDE_STYLE('',(#16639));
#16639 = SURFACE_STYLE_FILL_AREA(#16640);
#16640 = FILL_AREA_STYLE('',(#16641));
#16641 = FILL_AREA_STYLE_COLOUR('',#16508);
#16642 = STYLED_ITEM('color',(#16643),#1384);
#16643 = PRESENTATION_STYLE_ASSIGNMENT((#16644));
#16644 = SURFACE_STYLE_USAGE(.BOTH.,#16645);
#16645 = SURFACE_SIDE_STYLE('',(#16646));
#16646 = SURFACE_STYLE_FILL_AREA(#16647);
#16647 = FILL_AREA_STYLE('',(#16648));
#16648 = FILL_AREA_STYLE_COLOUR('',#16508);
#16649 = STYLED_ITEM('color',(#16650),#1401);
#16650 = PRESENTATION_STYLE_ASSIGNMENT((#16651));
#16651 = SURFACE_STYLE_USAGE(.BOTH.,#16652);
#16652 = SURFACE_SIDE_STYLE('',(#16653));
#16653 = SURFACE_STYLE_FILL_AREA(#16654);
#16654 = FILL_AREA_STYLE('',(#16655));
#16655 = FILL_AREA_STYLE_COLOUR('',#16508);
#16656 = STYLED_ITEM('color',(#16657),#1434);
#16657 = PRESENTATION_STYLE_ASSIGNMENT((#16658));
#16658 = SURFACE_STYLE_USAGE(.BOTH.,#16659);
#16659 = SURFACE_SIDE_STYLE('',(#16660));
#16660 = SURFACE_STYLE_FILL_AREA(#16661);
#16661 = FILL_AREA_STYLE('',(#16662));
#16662 = FILL_AREA_STYLE_COLOUR('',#16508);
#16663 = STYLED_ITEM('color',(#16664),#1458);
#16664 = PRESENTATION_STYLE_ASSIGNMENT((#16665));
#16665 = SURFACE_STYLE_USAGE(.BOTH.,#16666);
#16666 = SURFACE_SIDE_STYLE('',(#16667));
#16667 = SURFACE_STYLE_FILL_AREA(#16668);
#16668 = FILL_AREA_STYLE('',(#16669));
#16669 = FILL_AREA_STYLE_COLOUR('',#16508);
#16670 = STYLED_ITEM('color',(#16671),#1489);
#16671 = PRESENTATION_STYLE_ASSIGNMENT((#16672));
#16672 = SURFACE_STYLE_USAGE(.BOTH.,#16673);
#16673 = SURFACE_SIDE_STYLE('',(#16674));
#16674 = SURFACE_STYLE_FILL_AREA(#16675);
#16675 = FILL_AREA_STYLE('',(#16676));
#16676 = FILL_AREA_STYLE_COLOUR('',#16508);
#16677 = STYLED_ITEM('color',(#16678),#1506);
#16678 = PRESENTATION_STYLE_ASSIGNMENT((#16679));
#16679 = SURFACE_STYLE_USAGE(.BOTH.,#16680);
#16680 = SURFACE_SIDE_STYLE('',(#16681));
#16681 = SURFACE_STYLE_FILL_AREA(#16682);
#16682 = FILL_AREA_STYLE('',(#16683));
#16683 = FILL_AREA_STYLE_COLOUR('',#16508);
#16684 = STYLED_ITEM('color',(#16685),#1539);
#16685 = PRESENTATION_STYLE_ASSIGNMENT((#16686));
#16686 = SURFACE_STYLE_USAGE(.BOTH.,#16687);
#16687 = SURFACE_SIDE_STYLE('',(#16688));
#16688 = SURFACE_STYLE_FILL_AREA(#16689);
#16689 = FILL_AREA_STYLE('',(#16690));
#16690 = FILL_AREA_STYLE_COLOUR('',#16508);
#16691 = STYLED_ITEM('color',(#16692),#1563);
#16692 = PRESENTATION_STYLE_ASSIGNMENT((#16693));
#16693 = SURFACE_STYLE_USAGE(.BOTH.,#16694);
#16694 = SURFACE_SIDE_STYLE('',(#16695));
#16695 = SURFACE_STYLE_FILL_AREA(#16696);
#16696 = FILL_AREA_STYLE('',(#16697));
#16697 = FILL_AREA_STYLE_COLOUR('',#16508);
#16698 = STYLED_ITEM('color',(#16699),#1594);
#16699 = PRESENTATION_STYLE_ASSIGNMENT((#16700));
#16700 = SURFACE_STYLE_USAGE(.BOTH.,#16701);
#16701 = SURFACE_SIDE_STYLE('',(#16702));
#16702 = SURFACE_STYLE_FILL_AREA(#16703);
#16703 = FILL_AREA_STYLE('',(#16704));
#16704 = FILL_AREA_STYLE_COLOUR('',#16508);
#16705 = STYLED_ITEM('color',(#16706),#1611);
#16706 = PRESENTATION_STYLE_ASSIGNMENT((#16707));
#16707 = SURFACE_STYLE_USAGE(.BOTH.,#16708);
#16708 = SURFACE_SIDE_STYLE('',(#16709));
#16709 = SURFACE_STYLE_FILL_AREA(#16710);
#16710 = FILL_AREA_STYLE('',(#16711));
#16711 = FILL_AREA_STYLE_COLOUR('',#16508);
#16712 = STYLED_ITEM('color',(#16713),#1644);
#16713 = PRESENTATION_STYLE_ASSIGNMENT((#16714));
#16714 = SURFACE_STYLE_USAGE(.BOTH.,#16715);
#16715 = SURFACE_SIDE_STYLE('',(#16716));
#16716 = SURFACE_STYLE_FILL_AREA(#16717);
#16717 = FILL_AREA_STYLE('',(#16718));
#16718 = FILL_AREA_STYLE_COLOUR('',#16508);
#16719 = STYLED_ITEM('color',(#16720),#1668);
#16720 = PRESENTATION_STYLE_ASSIGNMENT((#16721));
#16721 = SURFACE_STYLE_USAGE(.BOTH.,#16722);
#16722 = SURFACE_SIDE_STYLE('',(#16723));
#16723 = SURFACE_STYLE_FILL_AREA(#16724);
#16724 = FILL_AREA_STYLE('',(#16725));
#16725 = FILL_AREA_STYLE_COLOUR('',#16508);
#16726 = STYLED_ITEM('color',(#16727),#1699);
#16727 = PRESENTATION_STYLE_ASSIGNMENT((#16728));
#16728 = SURFACE_STYLE_USAGE(.BOTH.,#16729);
#16729 = SURFACE_SIDE_STYLE('',(#16730));
#16730 = SURFACE_STYLE_FILL_AREA(#16731);
#16731 = FILL_AREA_STYLE('',(#16732));
#16732 = FILL_AREA_STYLE_COLOUR('',#16508);
#16733 = STYLED_ITEM('color',(#16734),#1716);
#16734 = PRESENTATION_STYLE_ASSIGNMENT((#16735));
#16735 = SURFACE_STYLE_USAGE(.BOTH.,#16736);
#16736 = SURFACE_SIDE_STYLE('',(#16737));
#16737 = SURFACE_STYLE_FILL_AREA(#16738);
#16738 = FILL_AREA_STYLE('',(#16739));
#16739 = FILL_AREA_STYLE_COLOUR('',#16508);
#16740 = STYLED_ITEM('color',(#16741),#1749);
#16741 = PRESENTATION_STYLE_ASSIGNMENT((#16742));
#16742 = SURFACE_STYLE_USAGE(.BOTH.,#16743);
#16743 = SURFACE_SIDE_STYLE('',(#16744));
#16744 = SURFACE_STYLE_FILL_AREA(#16745);
#16745 = FILL_AREA_STYLE('',(#16746));
#16746 = FILL_AREA_STYLE_COLOUR('',#16508);
#16747 = STYLED_ITEM('color',(#16748),#1773);
#16748 = PRESENTATION_STYLE_ASSIGNMENT((#16749));
#16749 = SURFACE_STYLE_USAGE(.BOTH.,#16750);
#16750 = SURFACE_SIDE_STYLE('',(#16751));
#16751 = SURFACE_STYLE_FILL_AREA(#16752);
#16752 = FILL_AREA_STYLE('',(#16753));
#16753 = FILL_AREA_STYLE_COLOUR('',#16508);
#16754 = STYLED_ITEM('color',(#16755),#1804);
#16755 = PRESENTATION_STYLE_ASSIGNMENT((#16756));
#16756 = SURFACE_STYLE_USAGE(.BOTH.,#16757);
#16757 = SURFACE_SIDE_STYLE('',(#16758));
#16758 = SURFACE_STYLE_FILL_AREA(#16759);
#16759 = FILL_AREA_STYLE('',(#16760));
#16760 = FILL_AREA_STYLE_COLOUR('',#16508);
#16761 = STYLED_ITEM('color',(#16762),#1816);
#16762 = PRESENTATION_STYLE_ASSIGNMENT((#16763));
#16763 = SURFACE_STYLE_USAGE(.BOTH.,#16764);
#16764 = SURFACE_SIDE_STYLE('',(#16765));
#16765 = SURFACE_STYLE_FILL_AREA(#16766);
#16766 = FILL_AREA_STYLE('',(#16767));
#16767 = FILL_AREA_STYLE_COLOUR('',#16508);
#16768 = STYLED_ITEM('color',(#16769),#1849);
#16769 = PRESENTATION_STYLE_ASSIGNMENT((#16770));
#16770 = SURFACE_STYLE_USAGE(.BOTH.,#16771);
#16771 = SURFACE_SIDE_STYLE('',(#16772));
#16772 = SURFACE_STYLE_FILL_AREA(#16773);
#16773 = FILL_AREA_STYLE('',(#16774));
#16774 = FILL_AREA_STYLE_COLOUR('',#16508);
#16775 = STYLED_ITEM('color',(#16776),#1866);
#16776 = PRESENTATION_STYLE_ASSIGNMENT((#16777));
#16777 = SURFACE_STYLE_USAGE(.BOTH.,#16778);
#16778 = SURFACE_SIDE_STYLE('',(#16779));
#16779 = SURFACE_STYLE_FILL_AREA(#16780);
#16780 = FILL_AREA_STYLE('',(#16781));
#16781 = FILL_AREA_STYLE_COLOUR('',#16508);
#16782 = STYLED_ITEM('color',(#16783),#1883);
#16783 = PRESENTATION_STYLE_ASSIGNMENT((#16784));
#16784 = SURFACE_STYLE_USAGE(.BOTH.,#16785);
#16785 = SURFACE_SIDE_STYLE('',(#16786));
#16786 = SURFACE_STYLE_FILL_AREA(#16787);
#16787 = FILL_AREA_STYLE('',(#16788));
#16788 = FILL_AREA_STYLE_COLOUR('',#16508);
#16789 = STYLED_ITEM('color',(#16790),#1895);
#16790 = PRESENTATION_STYLE_ASSIGNMENT((#16791));
#16791 = SURFACE_STYLE_USAGE(.BOTH.,#16792);
#16792 = SURFACE_SIDE_STYLE('',(#16793));
#16793 = SURFACE_STYLE_FILL_AREA(#16794);
#16794 = FILL_AREA_STYLE('',(#16795));
#16795 = FILL_AREA_STYLE_COLOUR('',#16508);
#16796 = STYLED_ITEM('color',(#16797),#2077);
#16797 = PRESENTATION_STYLE_ASSIGNMENT((#16798));
#16798 = SURFACE_STYLE_USAGE(.BOTH.,#16799);
#16799 = SURFACE_SIDE_STYLE('',(#16800));
#16800 = SURFACE_STYLE_FILL_AREA(#16801);
#16801 = FILL_AREA_STYLE('',(#16802));
#16802 = FILL_AREA_STYLE_COLOUR('',#16508);
#16803 = STYLED_ITEM('color',(#16804),#2094);
#16804 = PRESENTATION_STYLE_ASSIGNMENT((#16805));
#16805 = SURFACE_STYLE_USAGE(.BOTH.,#16806);
#16806 = SURFACE_SIDE_STYLE('',(#16807));
#16807 = SURFACE_STYLE_FILL_AREA(#16808);
#16808 = FILL_AREA_STYLE('',(#16809));
#16809 = FILL_AREA_STYLE_COLOUR('',#16508);
#16810 = STYLED_ITEM('color',(#16811),#2111);
#16811 = PRESENTATION_STYLE_ASSIGNMENT((#16812));
#16812 = SURFACE_STYLE_USAGE(.BOTH.,#16813);
#16813 = SURFACE_SIDE_STYLE('',(#16814));
#16814 = SURFACE_STYLE_FILL_AREA(#16815);
#16815 = FILL_AREA_STYLE('',(#16816));
#16816 = FILL_AREA_STYLE_COLOUR('',#16508);
#16817 = STYLED_ITEM('color',(#16818),#2128);
#16818 = PRESENTATION_STYLE_ASSIGNMENT((#16819));
#16819 = SURFACE_STYLE_USAGE(.BOTH.,#16820);
#16820 = SURFACE_SIDE_STYLE('',(#16821));
#16821 = SURFACE_STYLE_FILL_AREA(#16822);
#16822 = FILL_AREA_STYLE('',(#16823));
#16823 = FILL_AREA_STYLE_COLOUR('',#16508);
#16824 = STYLED_ITEM('color',(#16825),#2145);
#16825 = PRESENTATION_STYLE_ASSIGNMENT((#16826));
#16826 = SURFACE_STYLE_USAGE(.BOTH.,#16827);
#16827 = SURFACE_SIDE_STYLE('',(#16828));
#16828 = SURFACE_STYLE_FILL_AREA(#16829);
#16829 = FILL_AREA_STYLE('',(#16830));
#16830 = FILL_AREA_STYLE_COLOUR('',#16508);
#16831 = STYLED_ITEM('color',(#16832),#2162);
#16832 = PRESENTATION_STYLE_ASSIGNMENT((#16833));
#16833 = SURFACE_STYLE_USAGE(.BOTH.,#16834);
#16834 = SURFACE_SIDE_STYLE('',(#16835));
#16835 = SURFACE_STYLE_FILL_AREA(#16836);
#16836 = FILL_AREA_STYLE('',(#16837));
#16837 = FILL_AREA_STYLE_COLOUR('',#16508);
#16838 = STYLED_ITEM('color',(#16839),#2179);
#16839 = PRESENTATION_STYLE_ASSIGNMENT((#16840));
#16840 = SURFACE_STYLE_USAGE(.BOTH.,#16841);
#16841 = SURFACE_SIDE_STYLE('',(#16842));
#16842 = SURFACE_STYLE_FILL_AREA(#16843);
#16843 = FILL_AREA_STYLE('',(#16844));
#16844 = FILL_AREA_STYLE_COLOUR('',#16508);
#16845 = STYLED_ITEM('color',(#16846),#2196);
#16846 = PRESENTATION_STYLE_ASSIGNMENT((#16847));
#16847 = SURFACE_STYLE_USAGE(.BOTH.,#16848);
#16848 = SURFACE_SIDE_STYLE('',(#16849));
#16849 = SURFACE_STYLE_FILL_AREA(#16850);
#16850 = FILL_AREA_STYLE('',(#16851));
#16851 = FILL_AREA_STYLE_COLOUR('',#16508);
#16852 = STYLED_ITEM('color',(#16853),#2213);
#16853 = PRESENTATION_STYLE_ASSIGNMENT((#16854));
#16854 = SURFACE_STYLE_USAGE(.BOTH.,#16855);
#16855 = SURFACE_SIDE_STYLE('',(#16856));
#16856 = SURFACE_STYLE_FILL_AREA(#16857);
#16857 = FILL_AREA_STYLE('',(#16858));
#16858 = FILL_AREA_STYLE_COLOUR('',#16508);
#16859 = STYLED_ITEM('color',(#16860),#2230);
#16860 = PRESENTATION_STYLE_ASSIGNMENT((#16861));
#16861 = SURFACE_STYLE_USAGE(.BOTH.,#16862);
#16862 = SURFACE_SIDE_STYLE('',(#16863));
#16863 = SURFACE_STYLE_FILL_AREA(#16864);
#16864 = FILL_AREA_STYLE('',(#16865));
#16865 = FILL_AREA_STYLE_COLOUR('',#16508);
#16866 = STYLED_ITEM('color',(#16867),#2247);
#16867 = PRESENTATION_STYLE_ASSIGNMENT((#16868));
#16868 = SURFACE_STYLE_USAGE(.BOTH.,#16869);
#16869 = SURFACE_SIDE_STYLE('',(#16870));
#16870 = SURFACE_STYLE_FILL_AREA(#16871);
#16871 = FILL_AREA_STYLE('',(#16872));
#16872 = FILL_AREA_STYLE_COLOUR('',#16508);
#16873 = STYLED_ITEM('color',(#16874),#2264);
#16874 = PRESENTATION_STYLE_ASSIGNMENT((#16875));
#16875 = SURFACE_STYLE_USAGE(.BOTH.,#16876);
#16876 = SURFACE_SIDE_STYLE('',(#16877));
#16877 = SURFACE_STYLE_FILL_AREA(#16878);
#16878 = FILL_AREA_STYLE('',(#16879));
#16879 = FILL_AREA_STYLE_COLOUR('',#16508);
#16880 = STYLED_ITEM('color',(#16881),#2281);
#16881 = PRESENTATION_STYLE_ASSIGNMENT((#16882));
#16882 = SURFACE_STYLE_USAGE(.BOTH.,#16883);
#16883 = SURFACE_SIDE_STYLE('',(#16884));
#16884 = SURFACE_STYLE_FILL_AREA(#16885);
#16885 = FILL_AREA_STYLE('',(#16886));
#16886 = FILL_AREA_STYLE_COLOUR('',#16508);
#16887 = STYLED_ITEM('color',(#16888),#2298);
#16888 = PRESENTATION_STYLE_ASSIGNMENT((#16889));
#16889 = SURFACE_STYLE_USAGE(.BOTH.,#16890);
#16890 = SURFACE_SIDE_STYLE('',(#16891));
#16891 = SURFACE_STYLE_FILL_AREA(#16892);
#16892 = FILL_AREA_STYLE('',(#16893));
#16893 = FILL_AREA_STYLE_COLOUR('',#16508);
#16894 = STYLED_ITEM('color',(#16895),#2315);
#16895 = PRESENTATION_STYLE_ASSIGNMENT((#16896));
#16896 = SURFACE_STYLE_USAGE(.BOTH.,#16897);
#16897 = SURFACE_SIDE_STYLE('',(#16898));
#16898 = SURFACE_STYLE_FILL_AREA(#16899);
#16899 = FILL_AREA_STYLE('',(#16900));
#16900 = FILL_AREA_STYLE_COLOUR('',#16508);
#16901 = STYLED_ITEM('color',(#16902),#2327);
#16902 = PRESENTATION_STYLE_ASSIGNMENT((#16903));
#16903 = SURFACE_STYLE_USAGE(.BOTH.,#16904);
#16904 = SURFACE_SIDE_STYLE('',(#16905));
#16905 = SURFACE_STYLE_FILL_AREA(#16906);
#16906 = FILL_AREA_STYLE('',(#16907));
#16907 = FILL_AREA_STYLE_COLOUR('',#16508);
#16908 = STYLED_ITEM('color',(#16909),#2344);
#16909 = PRESENTATION_STYLE_ASSIGNMENT((#16910));
#16910 = SURFACE_STYLE_USAGE(.BOTH.,#16911);
#16911 = SURFACE_SIDE_STYLE('',(#16912));
#16912 = SURFACE_STYLE_FILL_AREA(#16913);
#16913 = FILL_AREA_STYLE('',(#16914));
#16914 = FILL_AREA_STYLE_COLOUR('',#16508);
#16915 = STYLED_ITEM('color',(#16916),#2361);
#16916 = PRESENTATION_STYLE_ASSIGNMENT((#16917));
#16917 = SURFACE_STYLE_USAGE(.BOTH.,#16918);
#16918 = SURFACE_SIDE_STYLE('',(#16919));
#16919 = SURFACE_STYLE_FILL_AREA(#16920);
#16920 = FILL_AREA_STYLE('',(#16921));
#16921 = FILL_AREA_STYLE_COLOUR('',#16508);
#16922 = STYLED_ITEM('color',(#16923),#2378);
#16923 = PRESENTATION_STYLE_ASSIGNMENT((#16924));
#16924 = SURFACE_STYLE_USAGE(.BOTH.,#16925);
#16925 = SURFACE_SIDE_STYLE('',(#16926));
#16926 = SURFACE_STYLE_FILL_AREA(#16927);
#16927 = FILL_AREA_STYLE('',(#16928));
#16928 = FILL_AREA_STYLE_COLOUR('',#16508);
#16929 = STYLED_ITEM('color',(#16930),#2395);
#16930 = PRESENTATION_STYLE_ASSIGNMENT((#16931));
#16931 = SURFACE_STYLE_USAGE(.BOTH.,#16932);
#16932 = SURFACE_SIDE_STYLE('',(#16933));
#16933 = SURFACE_STYLE_FILL_AREA(#16934);
#16934 = FILL_AREA_STYLE('',(#16935));
#16935 = FILL_AREA_STYLE_COLOUR('',#16508);
#16936 = STYLED_ITEM('color',(#16937),#2412);
#16937 = PRESENTATION_STYLE_ASSIGNMENT((#16938));
#16938 = SURFACE_STYLE_USAGE(.BOTH.,#16939);
#16939 = SURFACE_SIDE_STYLE('',(#16940));
#16940 = SURFACE_STYLE_FILL_AREA(#16941);
#16941 = FILL_AREA_STYLE('',(#16942));
#16942 = FILL_AREA_STYLE_COLOUR('',#16508);
#16943 = STYLED_ITEM('color',(#16944),#2458);
#16944 = PRESENTATION_STYLE_ASSIGNMENT((#16945));
#16945 = SURFACE_STYLE_USAGE(.BOTH.,#16946);
#16946 = SURFACE_SIDE_STYLE('',(#16947));
#16947 = SURFACE_STYLE_FILL_AREA(#16948);
#16948 = FILL_AREA_STYLE('',(#16949));
#16949 = FILL_AREA_STYLE_COLOUR('',#16508);
#16950 = STYLED_ITEM('color',(#16951),#2504);
#16951 = PRESENTATION_STYLE_ASSIGNMENT((#16952));
#16952 = SURFACE_STYLE_USAGE(.BOTH.,#16953);
#16953 = SURFACE_SIDE_STYLE('',(#16954));
#16954 = SURFACE_STYLE_FILL_AREA(#16955);
#16955 = FILL_AREA_STYLE('',(#16956));
#16956 = FILL_AREA_STYLE_COLOUR('',#16508);
#16957 = STYLED_ITEM('color',(#16958),#2550);
#16958 = PRESENTATION_STYLE_ASSIGNMENT((#16959));
#16959 = SURFACE_STYLE_USAGE(.BOTH.,#16960);
#16960 = SURFACE_SIDE_STYLE('',(#16961));
#16961 = SURFACE_STYLE_FILL_AREA(#16962);
#16962 = FILL_AREA_STYLE('',(#16963));
#16963 = FILL_AREA_STYLE_COLOUR('',#16508);
#16964 = STYLED_ITEM('color',(#16965),#2596);
#16965 = PRESENTATION_STYLE_ASSIGNMENT((#16966));
#16966 = SURFACE_STYLE_USAGE(.BOTH.,#16967);
#16967 = SURFACE_SIDE_STYLE('',(#16968));
#16968 = SURFACE_STYLE_FILL_AREA(#16969);
#16969 = FILL_AREA_STYLE('',(#16970));
#16970 = FILL_AREA_STYLE_COLOUR('',#16508);
#16971 = STYLED_ITEM('color',(#16972),#2642);
#16972 = PRESENTATION_STYLE_ASSIGNMENT((#16973));
#16973 = SURFACE_STYLE_USAGE(.BOTH.,#16974);
#16974 = SURFACE_SIDE_STYLE('',(#16975));
#16975 = SURFACE_STYLE_FILL_AREA(#16976);
#16976 = FILL_AREA_STYLE('',(#16977));
#16977 = FILL_AREA_STYLE_COLOUR('',#16978);
#16978 = COLOUR_RGB('',0.823529417451,0.819607860991,0.780392170416);
#16979 = STYLED_ITEM('color',(#16980),#2673);
#16980 = PRESENTATION_STYLE_ASSIGNMENT((#16981));
#16981 = SURFACE_STYLE_USAGE(.BOTH.,#16982);
#16982 = SURFACE_SIDE_STYLE('',(#16983));
#16983 = SURFACE_STYLE_FILL_AREA(#16984);
#16984 = FILL_AREA_STYLE('',(#16985));
#16985 = FILL_AREA_STYLE_COLOUR('',#16978);
#16986 = STYLED_ITEM('color',(#16987),#2697);
#16987 = PRESENTATION_STYLE_ASSIGNMENT((#16988));
#16988 = SURFACE_STYLE_USAGE(.BOTH.,#16989);
#16989 = SURFACE_SIDE_STYLE('',(#16990));
#16990 = SURFACE_STYLE_FILL_AREA(#16991);
#16991 = FILL_AREA_STYLE('',(#16992));
#16992 = FILL_AREA_STYLE_COLOUR('',#16978);
#16993 = STYLED_ITEM('color',(#16994),#2721);
#16994 = PRESENTATION_STYLE_ASSIGNMENT((#16995));
#16995 = SURFACE_STYLE_USAGE(.BOTH.,#16996);
#16996 = SURFACE_SIDE_STYLE('',(#16997));
#16997 = SURFACE_STYLE_FILL_AREA(#16998);
#16998 = FILL_AREA_STYLE('',(#16999));
#16999 = FILL_AREA_STYLE_COLOUR('',#16978);
#17000 = STYLED_ITEM('color',(#17001),#2738);
#17001 = PRESENTATION_STYLE_ASSIGNMENT((#17002));
#17002 = SURFACE_STYLE_USAGE(.BOTH.,#17003);
#17003 = SURFACE_SIDE_STYLE('',(#17004));
#17004 = SURFACE_STYLE_FILL_AREA(#17005);
#17005 = FILL_AREA_STYLE('',(#17006));
#17006 = FILL_AREA_STYLE_COLOUR('',#16978);
#17007 = STYLED_ITEM('color',(#17008),#2769);
#17008 = PRESENTATION_STYLE_ASSIGNMENT((#17009));
#17009 = SURFACE_STYLE_USAGE(.BOTH.,#17010);
#17010 = SURFACE_SIDE_STYLE('',(#17011));
#17011 = SURFACE_STYLE_FILL_AREA(#17012);
#17012 = FILL_AREA_STYLE('',(#17013));
#17013 = FILL_AREA_STYLE_COLOUR('',#16978);
#17014 = STYLED_ITEM('color',(#17015),#2793);
#17015 = PRESENTATION_STYLE_ASSIGNMENT((#17016));
#17016 = SURFACE_STYLE_USAGE(.BOTH.,#17017);
#17017 = SURFACE_SIDE_STYLE('',(#17018));
#17018 = SURFACE_STYLE_FILL_AREA(#17019);
#17019 = FILL_AREA_STYLE('',(#17020));
#17020 = FILL_AREA_STYLE_COLOUR('',#16978);
#17021 = STYLED_ITEM('color',(#17022),#2817);
#17022 = PRESENTATION_STYLE_ASSIGNMENT((#17023));
#17023 = SURFACE_STYLE_USAGE(.BOTH.,#17024);
#17024 = SURFACE_SIDE_STYLE('',(#17025));
#17025 = SURFACE_STYLE_FILL_AREA(#17026);
#17026 = FILL_AREA_STYLE('',(#17027));
#17027 = FILL_AREA_STYLE_COLOUR('',#16978);
#17028 = STYLED_ITEM('color',(#17029),#2834);
#17029 = PRESENTATION_STYLE_ASSIGNMENT((#17030));
#17030 = SURFACE_STYLE_USAGE(.BOTH.,#17031);
#17031 = SURFACE_SIDE_STYLE('',(#17032));
#17032 = SURFACE_STYLE_FILL_AREA(#17033);
#17033 = FILL_AREA_STYLE('',(#17034));
#17034 = FILL_AREA_STYLE_COLOUR('',#16978);
#17035 = STYLED_ITEM('color',(#17036),#2865);
#17036 = PRESENTATION_STYLE_ASSIGNMENT((#17037));
#17037 = SURFACE_STYLE_USAGE(.BOTH.,#17038);
#17038 = SURFACE_SIDE_STYLE('',(#17039));
#17039 = SURFACE_STYLE_FILL_AREA(#17040);
#17040 = FILL_AREA_STYLE('',(#17041));
#17041 = FILL_AREA_STYLE_COLOUR('',#16978);
#17042 = STYLED_ITEM('color',(#17043),#2889);
#17043 = PRESENTATION_STYLE_ASSIGNMENT((#17044));
#17044 = SURFACE_STYLE_USAGE(.BOTH.,#17045);
#17045 = SURFACE_SIDE_STYLE('',(#17046));
#17046 = SURFACE_STYLE_FILL_AREA(#17047);
#17047 = FILL_AREA_STYLE('',(#17048));
#17048 = FILL_AREA_STYLE_COLOUR('',#16978);
#17049 = STYLED_ITEM('color',(#17050),#2913);
#17050 = PRESENTATION_STYLE_ASSIGNMENT((#17051));
#17051 = SURFACE_STYLE_USAGE(.BOTH.,#17052);
#17052 = SURFACE_SIDE_STYLE('',(#17053));
#17053 = SURFACE_STYLE_FILL_AREA(#17054);
#17054 = FILL_AREA_STYLE('',(#17055));
#17055 = FILL_AREA_STYLE_COLOUR('',#16978);
#17056 = STYLED_ITEM('color',(#17057),#2930);
#17057 = PRESENTATION_STYLE_ASSIGNMENT((#17058));
#17058 = SURFACE_STYLE_USAGE(.BOTH.,#17059);
#17059 = SURFACE_SIDE_STYLE('',(#17060));
#17060 = SURFACE_STYLE_FILL_AREA(#17061);
#17061 = FILL_AREA_STYLE('',(#17062));
#17062 = FILL_AREA_STYLE_COLOUR('',#16978);
#17063 = STYLED_ITEM('color',(#17064),#2961);
#17064 = PRESENTATION_STYLE_ASSIGNMENT((#17065));
#17065 = SURFACE_STYLE_USAGE(.BOTH.,#17066);
#17066 = SURFACE_SIDE_STYLE('',(#17067));
#17067 = SURFACE_STYLE_FILL_AREA(#17068);
#17068 = FILL_AREA_STYLE('',(#17069));
#17069 = FILL_AREA_STYLE_COLOUR('',#16978);
#17070 = STYLED_ITEM('color',(#17071),#2985);
#17071 = PRESENTATION_STYLE_ASSIGNMENT((#17072));
#17072 = SURFACE_STYLE_USAGE(.BOTH.,#17073);
#17073 = SURFACE_SIDE_STYLE('',(#17074));
#17074 = SURFACE_STYLE_FILL_AREA(#17075);
#17075 = FILL_AREA_STYLE('',(#17076));
#17076 = FILL_AREA_STYLE_COLOUR('',#16978);
#17077 = STYLED_ITEM('color',(#17078),#3009);
#17078 = PRESENTATION_STYLE_ASSIGNMENT((#17079));
#17079 = SURFACE_STYLE_USAGE(.BOTH.,#17080);
#17080 = SURFACE_SIDE_STYLE('',(#17081));
#17081 = SURFACE_STYLE_FILL_AREA(#17082);
#17082 = FILL_AREA_STYLE('',(#17083));
#17083 = FILL_AREA_STYLE_COLOUR('',#16978);
#17084 = STYLED_ITEM('color',(#17085),#3026);
#17085 = PRESENTATION_STYLE_ASSIGNMENT((#17086));
#17086 = SURFACE_STYLE_USAGE(.BOTH.,#17087);
#17087 = SURFACE_SIDE_STYLE('',(#17088));
#17088 = SURFACE_STYLE_FILL_AREA(#17089);
#17089 = FILL_AREA_STYLE('',(#17090));
#17090 = FILL_AREA_STYLE_COLOUR('',#16978);
#17091 = STYLED_ITEM('color',(#17092),#3057);
#17092 = PRESENTATION_STYLE_ASSIGNMENT((#17093));
#17093 = SURFACE_STYLE_USAGE(.BOTH.,#17094);
#17094 = SURFACE_SIDE_STYLE('',(#17095));
#17095 = SURFACE_STYLE_FILL_AREA(#17096);
#17096 = FILL_AREA_STYLE('',(#17097));
#17097 = FILL_AREA_STYLE_COLOUR('',#16978);
#17098 = STYLED_ITEM('color',(#17099),#3081);
#17099 = PRESENTATION_STYLE_ASSIGNMENT((#17100));
#17100 = SURFACE_STYLE_USAGE(.BOTH.,#17101);
#17101 = SURFACE_SIDE_STYLE('',(#17102));
#17102 = SURFACE_STYLE_FILL_AREA(#17103);
#17103 = FILL_AREA_STYLE('',(#17104));
#17104 = FILL_AREA_STYLE_COLOUR('',#16978);
#17105 = STYLED_ITEM('color',(#17106),#3105);
#17106 = PRESENTATION_STYLE_ASSIGNMENT((#17107));
#17107 = SURFACE_STYLE_USAGE(.BOTH.,#17108);
#17108 = SURFACE_SIDE_STYLE('',(#17109));
#17109 = SURFACE_STYLE_FILL_AREA(#17110);
#17110 = FILL_AREA_STYLE('',(#17111));
#17111 = FILL_AREA_STYLE_COLOUR('',#16978);
#17112 = STYLED_ITEM('color',(#17113),#3122);
#17113 = PRESENTATION_STYLE_ASSIGNMENT((#17114));
#17114 = SURFACE_STYLE_USAGE(.BOTH.,#17115);
#17115 = SURFACE_SIDE_STYLE('',(#17116));
#17116 = SURFACE_STYLE_FILL_AREA(#17117);
#17117 = FILL_AREA_STYLE('',(#17118));
#17118 = FILL_AREA_STYLE_COLOUR('',#16978);
#17119 = STYLED_ITEM('color',(#17120),#3185);
#17120 = PRESENTATION_STYLE_ASSIGNMENT((#17121));
#17121 = SURFACE_STYLE_USAGE(.BOTH.,#17122);
#17122 = SURFACE_SIDE_STYLE('',(#17123));
#17123 = SURFACE_STYLE_FILL_AREA(#17124);
#17124 = FILL_AREA_STYLE('',(#17125));
#17125 = FILL_AREA_STYLE_COLOUR('',#16978);
#17126 = STYLED_ITEM('color',(#17127),#3209);
#17127 = PRESENTATION_STYLE_ASSIGNMENT((#17128));
#17128 = SURFACE_STYLE_USAGE(.BOTH.,#17129);
#17129 = SURFACE_SIDE_STYLE('',(#17130));
#17130 = SURFACE_STYLE_FILL_AREA(#17131);
#17131 = FILL_AREA_STYLE('',(#17132));
#17132 = FILL_AREA_STYLE_COLOUR('',#16978);
#17133 = STYLED_ITEM('color',(#17134),#3265);
#17134 = PRESENTATION_STYLE_ASSIGNMENT((#17135));
#17135 = SURFACE_STYLE_USAGE(.BOTH.,#17136);
#17136 = SURFACE_SIDE_STYLE('',(#17137));
#17137 = SURFACE_STYLE_FILL_AREA(#17138);
#17138 = FILL_AREA_STYLE('',(#17139));
#17139 = FILL_AREA_STYLE_COLOUR('',#16978);
#17140 = STYLED_ITEM('color',(#17141),#3282);
#17141 = PRESENTATION_STYLE_ASSIGNMENT((#17142));
#17142 = SURFACE_STYLE_USAGE(.BOTH.,#17143);
#17143 = SURFACE_SIDE_STYLE('',(#17144));
#17144 = SURFACE_STYLE_FILL_AREA(#17145);
#17145 = FILL_AREA_STYLE('',(#17146));
#17146 = FILL_AREA_STYLE_COLOUR('',#16978);
#17147 = STYLED_ITEM('color',(#17148),#3313);
#17148 = PRESENTATION_STYLE_ASSIGNMENT((#17149));
#17149 = SURFACE_STYLE_USAGE(.BOTH.,#17150);
#17150 = SURFACE_SIDE_STYLE('',(#17151));
#17151 = SURFACE_STYLE_FILL_AREA(#17152);
#17152 = FILL_AREA_STYLE('',(#17153));
#17153 = FILL_AREA_STYLE_COLOUR('',#16978);
#17154 = STYLED_ITEM('color',(#17155),#3337);
#17155 = PRESENTATION_STYLE_ASSIGNMENT((#17156));
#17156 = SURFACE_STYLE_USAGE(.BOTH.,#17157);
#17157 = SURFACE_SIDE_STYLE('',(#17158));
#17158 = SURFACE_STYLE_FILL_AREA(#17159);
#17159 = FILL_AREA_STYLE('',(#17160));
#17160 = FILL_AREA_STYLE_COLOUR('',#16978);
#17161 = STYLED_ITEM('color',(#17162),#3361);
#17162 = PRESENTATION_STYLE_ASSIGNMENT((#17163));
#17163 = SURFACE_STYLE_USAGE(.BOTH.,#17164);
#17164 = SURFACE_SIDE_STYLE('',(#17165));
#17165 = SURFACE_STYLE_FILL_AREA(#17166);
#17166 = FILL_AREA_STYLE('',(#17167));
#17167 = FILL_AREA_STYLE_COLOUR('',#16978);
#17168 = STYLED_ITEM('color',(#17169),#3378);
#17169 = PRESENTATION_STYLE_ASSIGNMENT((#17170));
#17170 = SURFACE_STYLE_USAGE(.BOTH.,#17171);
#17171 = SURFACE_SIDE_STYLE('',(#17172));
#17172 = SURFACE_STYLE_FILL_AREA(#17173);
#17173 = FILL_AREA_STYLE('',(#17174));
#17174 = FILL_AREA_STYLE_COLOUR('',#16978);
#17175 = STYLED_ITEM('color',(#17176),#3409);
#17176 = PRESENTATION_STYLE_ASSIGNMENT((#17177));
#17177 = SURFACE_STYLE_USAGE(.BOTH.,#17178);
#17178 = SURFACE_SIDE_STYLE('',(#17179));
#17179 = SURFACE_STYLE_FILL_AREA(#17180);
#17180 = FILL_AREA_STYLE('',(#17181));
#17181 = FILL_AREA_STYLE_COLOUR('',#16978);
#17182 = STYLED_ITEM('color',(#17183),#3433);
#17183 = PRESENTATION_STYLE_ASSIGNMENT((#17184));
#17184 = SURFACE_STYLE_USAGE(.BOTH.,#17185);
#17185 = SURFACE_SIDE_STYLE('',(#17186));
#17186 = SURFACE_STYLE_FILL_AREA(#17187);
#17187 = FILL_AREA_STYLE('',(#17188));
#17188 = FILL_AREA_STYLE_COLOUR('',#16978);
#17189 = STYLED_ITEM('color',(#17190),#3457);
#17190 = PRESENTATION_STYLE_ASSIGNMENT((#17191));
#17191 = SURFACE_STYLE_USAGE(.BOTH.,#17192);
#17192 = SURFACE_SIDE_STYLE('',(#17193));
#17193 = SURFACE_STYLE_FILL_AREA(#17194);
#17194 = FILL_AREA_STYLE('',(#17195));
#17195 = FILL_AREA_STYLE_COLOUR('',#16978);
#17196 = STYLED_ITEM('color',(#17197),#3474);
#17197 = PRESENTATION_STYLE_ASSIGNMENT((#17198));
#17198 = SURFACE_STYLE_USAGE(.BOTH.,#17199);
#17199 = SURFACE_SIDE_STYLE('',(#17200));
#17200 = SURFACE_STYLE_FILL_AREA(#17201);
#17201 = FILL_AREA_STYLE('',(#17202));
#17202 = FILL_AREA_STYLE_COLOUR('',#16978);
#17203 = STYLED_ITEM('color',(#17204),#3505);
#17204 = PRESENTATION_STYLE_ASSIGNMENT((#17205));
#17205 = SURFACE_STYLE_USAGE(.BOTH.,#17206);
#17206 = SURFACE_SIDE_STYLE('',(#17207));
#17207 = SURFACE_STYLE_FILL_AREA(#17208);
#17208 = FILL_AREA_STYLE('',(#17209));
#17209 = FILL_AREA_STYLE_COLOUR('',#16978);
#17210 = STYLED_ITEM('color',(#17211),#3529);
#17211 = PRESENTATION_STYLE_ASSIGNMENT((#17212));
#17212 = SURFACE_STYLE_USAGE(.BOTH.,#17213);
#17213 = SURFACE_SIDE_STYLE('',(#17214));
#17214 = SURFACE_STYLE_FILL_AREA(#17215);
#17215 = FILL_AREA_STYLE('',(#17216));
#17216 = FILL_AREA_STYLE_COLOUR('',#16978);
#17217 = STYLED_ITEM('color',(#17218),#3553);
#17218 = PRESENTATION_STYLE_ASSIGNMENT((#17219));
#17219 = SURFACE_STYLE_USAGE(.BOTH.,#17220);
#17220 = SURFACE_SIDE_STYLE('',(#17221));
#17221 = SURFACE_STYLE_FILL_AREA(#17222);
#17222 = FILL_AREA_STYLE('',(#17223));
#17223 = FILL_AREA_STYLE_COLOUR('',#16978);
#17224 = STYLED_ITEM('color',(#17225),#3570);
#17225 = PRESENTATION_STYLE_ASSIGNMENT((#17226));
#17226 = SURFACE_STYLE_USAGE(.BOTH.,#17227);
#17227 = SURFACE_SIDE_STYLE('',(#17228));
#17228 = SURFACE_STYLE_FILL_AREA(#17229);
#17229 = FILL_AREA_STYLE('',(#17230));
#17230 = FILL_AREA_STYLE_COLOUR('',#16978);
#17231 = STYLED_ITEM('color',(#17232),#3601);
#17232 = PRESENTATION_STYLE_ASSIGNMENT((#17233));
#17233 = SURFACE_STYLE_USAGE(.BOTH.,#17234);
#17234 = SURFACE_SIDE_STYLE('',(#17235));
#17235 = SURFACE_STYLE_FILL_AREA(#17236);
#17236 = FILL_AREA_STYLE('',(#17237));
#17237 = FILL_AREA_STYLE_COLOUR('',#16978);
#17238 = STYLED_ITEM('color',(#17239),#3657);
#17239 = PRESENTATION_STYLE_ASSIGNMENT((#17240));
#17240 = SURFACE_STYLE_USAGE(.BOTH.,#17241);
#17241 = SURFACE_SIDE_STYLE('',(#17242));
#17242 = SURFACE_STYLE_FILL_AREA(#17243);
#17243 = FILL_AREA_STYLE('',(#17244));
#17244 = FILL_AREA_STYLE_COLOUR('',#16978);
#17245 = STYLED_ITEM('color',(#17246),#3681);
#17246 = PRESENTATION_STYLE_ASSIGNMENT((#17247));
#17247 = SURFACE_STYLE_USAGE(.BOTH.,#17248);
#17248 = SURFACE_SIDE_STYLE('',(#17249));
#17249 = SURFACE_STYLE_FILL_AREA(#17250);
#17250 = FILL_AREA_STYLE('',(#17251));
#17251 = FILL_AREA_STYLE_COLOUR('',#16978);
#17252 = STYLED_ITEM('color',(#17253),#3730);
#17253 = PRESENTATION_STYLE_ASSIGNMENT((#17254));
#17254 = SURFACE_STYLE_USAGE(.BOTH.,#17255);
#17255 = SURFACE_SIDE_STYLE('',(#17256));
#17256 = SURFACE_STYLE_FILL_AREA(#17257);
#17257 = FILL_AREA_STYLE('',(#17258));
#17258 = FILL_AREA_STYLE_COLOUR('',#16978);
#17259 = STYLED_ITEM('color',(#17260),#3761);
#17260 = PRESENTATION_STYLE_ASSIGNMENT((#17261));
#17261 = SURFACE_STYLE_USAGE(.BOTH.,#17262);
#17262 = SURFACE_SIDE_STYLE('',(#17263));
#17263 = SURFACE_STYLE_FILL_AREA(#17264);
#17264 = FILL_AREA_STYLE('',(#17265));
#17265 = FILL_AREA_STYLE_COLOUR('',#16978);
#17266 = STYLED_ITEM('color',(#17267),#3785);
#17267 = PRESENTATION_STYLE_ASSIGNMENT((#17268));
#17268 = SURFACE_STYLE_USAGE(.BOTH.,#17269);
#17269 = SURFACE_SIDE_STYLE('',(#17270));
#17270 = SURFACE_STYLE_FILL_AREA(#17271);
#17271 = FILL_AREA_STYLE('',(#17272));
#17272 = FILL_AREA_STYLE_COLOUR('',#16978);
#17273 = STYLED_ITEM('color',(#17274),#3809);
#17274 = PRESENTATION_STYLE_ASSIGNMENT((#17275));
#17275 = SURFACE_STYLE_USAGE(.BOTH.,#17276);
#17276 = SURFACE_SIDE_STYLE('',(#17277));
#17277 = SURFACE_STYLE_FILL_AREA(#17278);
#17278 = FILL_AREA_STYLE('',(#17279));
#17279 = FILL_AREA_STYLE_COLOUR('',#16978);
#17280 = STYLED_ITEM('color',(#17281),#3826);
#17281 = PRESENTATION_STYLE_ASSIGNMENT((#17282));
#17282 = SURFACE_STYLE_USAGE(.BOTH.,#17283);
#17283 = SURFACE_SIDE_STYLE('',(#17284));
#17284 = SURFACE_STYLE_FILL_AREA(#17285);
#17285 = FILL_AREA_STYLE('',(#17286));
#17286 = FILL_AREA_STYLE_COLOUR('',#16978);
#17287 = STYLED_ITEM('color',(#17288),#3857);
#17288 = PRESENTATION_STYLE_ASSIGNMENT((#17289));
#17289 = SURFACE_STYLE_USAGE(.BOTH.,#17290);
#17290 = SURFACE_SIDE_STYLE('',(#17291));
#17291 = SURFACE_STYLE_FILL_AREA(#17292);
#17292 = FILL_AREA_STYLE('',(#17293));
#17293 = FILL_AREA_STYLE_COLOUR('',#16978);
#17294 = STYLED_ITEM('color',(#17295),#3881);
#17295 = PRESENTATION_STYLE_ASSIGNMENT((#17296));
#17296 = SURFACE_STYLE_USAGE(.BOTH.,#17297);
#17297 = SURFACE_SIDE_STYLE('',(#17298));
#17298 = SURFACE_STYLE_FILL_AREA(#17299);
#17299 = FILL_AREA_STYLE('',(#17300));
#17300 = FILL_AREA_STYLE_COLOUR('',#16978);
#17301 = STYLED_ITEM('color',(#17302),#3905);
#17302 = PRESENTATION_STYLE_ASSIGNMENT((#17303));
#17303 = SURFACE_STYLE_USAGE(.BOTH.,#17304);
#17304 = SURFACE_SIDE_STYLE('',(#17305));
#17305 = SURFACE_STYLE_FILL_AREA(#17306);
#17306 = FILL_AREA_STYLE('',(#17307));
#17307 = FILL_AREA_STYLE_COLOUR('',#16978);
#17308 = STYLED_ITEM('color',(#17309),#3922);
#17309 = PRESENTATION_STYLE_ASSIGNMENT((#17310));
#17310 = SURFACE_STYLE_USAGE(.BOTH.,#17311);
#17311 = SURFACE_SIDE_STYLE('',(#17312));
#17312 = SURFACE_STYLE_FILL_AREA(#17313);
#17313 = FILL_AREA_STYLE('',(#17314));
#17314 = FILL_AREA_STYLE_COLOUR('',#16978);
#17315 = STYLED_ITEM('color',(#17316),#3953);
#17316 = PRESENTATION_STYLE_ASSIGNMENT((#17317));
#17317 = SURFACE_STYLE_USAGE(.BOTH.,#17318);
#17318 = SURFACE_SIDE_STYLE('',(#17319));
#17319 = SURFACE_STYLE_FILL_AREA(#17320);
#17320 = FILL_AREA_STYLE('',(#17321));
#17321 = FILL_AREA_STYLE_COLOUR('',#16978);
#17322 = STYLED_ITEM('color',(#17323),#3977);
#17323 = PRESENTATION_STYLE_ASSIGNMENT((#17324));
#17324 = SURFACE_STYLE_USAGE(.BOTH.,#17325);
#17325 = SURFACE_SIDE_STYLE('',(#17326));
#17326 = SURFACE_STYLE_FILL_AREA(#17327);
#17327 = FILL_AREA_STYLE('',(#17328));
#17328 = FILL_AREA_STYLE_COLOUR('',#16978);
#17329 = STYLED_ITEM('color',(#17330),#4001);
#17330 = PRESENTATION_STYLE_ASSIGNMENT((#17331));
#17331 = SURFACE_STYLE_USAGE(.BOTH.,#17332);
#17332 = SURFACE_SIDE_STYLE('',(#17333));
#17333 = SURFACE_STYLE_FILL_AREA(#17334);
#17334 = FILL_AREA_STYLE('',(#17335));
#17335 = FILL_AREA_STYLE_COLOUR('',#16978);
#17336 = STYLED_ITEM('color',(#17337),#4018);
#17337 = PRESENTATION_STYLE_ASSIGNMENT((#17338));
#17338 = SURFACE_STYLE_USAGE(.BOTH.,#17339);
#17339 = SURFACE_SIDE_STYLE('',(#17340));
#17340 = SURFACE_STYLE_FILL_AREA(#17341);
#17341 = FILL_AREA_STYLE('',(#17342));
#17342 = FILL_AREA_STYLE_COLOUR('',#16978);
#17343 = STYLED_ITEM('color',(#17344),#4049);
#17344 = PRESENTATION_STYLE_ASSIGNMENT((#17345));
#17345 = SURFACE_STYLE_USAGE(.BOTH.,#17346);
#17346 = SURFACE_SIDE_STYLE('',(#17347));
#17347 = SURFACE_STYLE_FILL_AREA(#17348);
#17348 = FILL_AREA_STYLE('',(#17349));
#17349 = FILL_AREA_STYLE_COLOUR('',#16978);
#17350 = STYLED_ITEM('color',(#17351),#4073);
#17351 = PRESENTATION_STYLE_ASSIGNMENT((#17352));
#17352 = SURFACE_STYLE_USAGE(.BOTH.,#17353);
#17353 = SURFACE_SIDE_STYLE('',(#17354));
#17354 = SURFACE_STYLE_FILL_AREA(#17355);
#17355 = FILL_AREA_STYLE('',(#17356));
#17356 = FILL_AREA_STYLE_COLOUR('',#16978);
#17357 = STYLED_ITEM('color',(#17358),#4097);
#17358 = PRESENTATION_STYLE_ASSIGNMENT((#17359));
#17359 = SURFACE_STYLE_USAGE(.BOTH.,#17360);
#17360 = SURFACE_SIDE_STYLE('',(#17361));
#17361 = SURFACE_STYLE_FILL_AREA(#17362);
#17362 = FILL_AREA_STYLE('',(#17363));
#17363 = FILL_AREA_STYLE_COLOUR('',#16978);
#17364 = STYLED_ITEM('color',(#17365),#4114);
#17365 = PRESENTATION_STYLE_ASSIGNMENT((#17366));
#17366 = SURFACE_STYLE_USAGE(.BOTH.,#17367);
#17367 = SURFACE_SIDE_STYLE('',(#17368));
#17368 = SURFACE_STYLE_FILL_AREA(#17369);
#17369 = FILL_AREA_STYLE('',(#17370));
#17370 = FILL_AREA_STYLE_COLOUR('',#16978);
#17371 = STYLED_ITEM('color',(#17372),#4145);
#17372 = PRESENTATION_STYLE_ASSIGNMENT((#17373));
#17373 = SURFACE_STYLE_USAGE(.BOTH.,#17374);
#17374 = SURFACE_SIDE_STYLE('',(#17375));
#17375 = SURFACE_STYLE_FILL_AREA(#17376);
#17376 = FILL_AREA_STYLE('',(#17377));
#17377 = FILL_AREA_STYLE_COLOUR('',#16978);
#17378 = STYLED_ITEM('color',(#17379),#4169);
#17379 = PRESENTATION_STYLE_ASSIGNMENT((#17380));
#17380 = SURFACE_STYLE_USAGE(.BOTH.,#17381);
#17381 = SURFACE_SIDE_STYLE('',(#17382));
#17382 = SURFACE_STYLE_FILL_AREA(#17383);
#17383 = FILL_AREA_STYLE('',(#17384));
#17384 = FILL_AREA_STYLE_COLOUR('',#16978);
#17385 = STYLED_ITEM('color',(#17386),#4193);
#17386 = PRESENTATION_STYLE_ASSIGNMENT((#17387));
#17387 = SURFACE_STYLE_USAGE(.BOTH.,#17388);
#17388 = SURFACE_SIDE_STYLE('',(#17389));
#17389 = SURFACE_STYLE_FILL_AREA(#17390);
#17390 = FILL_AREA_STYLE('',(#17391));
#17391 = FILL_AREA_STYLE_COLOUR('',#16978);
#17392 = STYLED_ITEM('color',(#17393),#4210);
#17393 = PRESENTATION_STYLE_ASSIGNMENT((#17394));
#17394 = SURFACE_STYLE_USAGE(.BOTH.,#17395);
#17395 = SURFACE_SIDE_STYLE('',(#17396));
#17396 = SURFACE_STYLE_FILL_AREA(#17397);
#17397 = FILL_AREA_STYLE('',(#17398));
#17398 = FILL_AREA_STYLE_COLOUR('',#16978);
#17399 = STYLED_ITEM('color',(#17400),#4257);
#17400 = PRESENTATION_STYLE_ASSIGNMENT((#17401));
#17401 = SURFACE_STYLE_USAGE(.BOTH.,#17402);
#17402 = SURFACE_SIDE_STYLE('',(#17403));
#17403 = SURFACE_STYLE_FILL_AREA(#17404);
#17404 = FILL_AREA_STYLE('',(#17405));
#17405 = FILL_AREA_STYLE_COLOUR('',#16978);
#17406 = STYLED_ITEM('color',(#17407),#4288);
#17407 = PRESENTATION_STYLE_ASSIGNMENT((#17408));
#17408 = SURFACE_STYLE_USAGE(.BOTH.,#17409);
#17409 = SURFACE_SIDE_STYLE('',(#17410));
#17410 = SURFACE_STYLE_FILL_AREA(#17411);
#17411 = FILL_AREA_STYLE('',(#17412));
#17412 = FILL_AREA_STYLE_COLOUR('',#16978);
#17413 = STYLED_ITEM('color',(#17414),#4300);
#17414 = PRESENTATION_STYLE_ASSIGNMENT((#17415));
#17415 = SURFACE_STYLE_USAGE(.BOTH.,#17416);
#17416 = SURFACE_SIDE_STYLE('',(#17417));
#17417 = SURFACE_STYLE_FILL_AREA(#17418);
#17418 = FILL_AREA_STYLE('',(#17419));
#17419 = FILL_AREA_STYLE_COLOUR('',#16978);
#17420 = STYLED_ITEM('color',(#17421),#4317);
#17421 = PRESENTATION_STYLE_ASSIGNMENT((#17422));
#17422 = SURFACE_STYLE_USAGE(.BOTH.,#17423);
#17423 = SURFACE_SIDE_STYLE('',(#17424));
#17424 = SURFACE_STYLE_FILL_AREA(#17425);
#17425 = FILL_AREA_STYLE('',(#17426));
#17426 = FILL_AREA_STYLE_COLOUR('',#16978);
#17427 = STYLED_ITEM('color',(#17428),#4343);
#17428 = PRESENTATION_STYLE_ASSIGNMENT((#17429));
#17429 = SURFACE_STYLE_USAGE(.BOTH.,#17430);
#17430 = SURFACE_SIDE_STYLE('',(#17431));
#17431 = SURFACE_STYLE_FILL_AREA(#17432);
#17432 = FILL_AREA_STYLE('',(#17433));
#17433 = FILL_AREA_STYLE_COLOUR('',#16978);
#17434 = STYLED_ITEM('color',(#17435),#4376);
#17435 = PRESENTATION_STYLE_ASSIGNMENT((#17436));
#17436 = SURFACE_STYLE_USAGE(.BOTH.,#17437);
#17437 = SURFACE_SIDE_STYLE('',(#17438));
#17438 = SURFACE_STYLE_FILL_AREA(#17439);
#17439 = FILL_AREA_STYLE('',(#17440));
#17440 = FILL_AREA_STYLE_COLOUR('',#16978);
#17441 = STYLED_ITEM('color',(#17442),#4407);
#17442 = PRESENTATION_STYLE_ASSIGNMENT((#17443));
#17443 = SURFACE_STYLE_USAGE(.BOTH.,#17444);
#17444 = SURFACE_SIDE_STYLE('',(#17445));
#17445 = SURFACE_STYLE_FILL_AREA(#17446);
#17446 = FILL_AREA_STYLE('',(#17447));
#17447 = FILL_AREA_STYLE_COLOUR('',#16978);
#17448 = STYLED_ITEM('color',(#17449),#4431);
#17449 = PRESENTATION_STYLE_ASSIGNMENT((#17450));
#17450 = SURFACE_STYLE_USAGE(.BOTH.,#17451);
#17451 = SURFACE_SIDE_STYLE('',(#17452));
#17452 = SURFACE_STYLE_FILL_AREA(#17453);
#17453 = FILL_AREA_STYLE('',(#17454));
#17454 = FILL_AREA_STYLE_COLOUR('',#16978);
#17455 = STYLED_ITEM('color',(#17456),#4455);
#17456 = PRESENTATION_STYLE_ASSIGNMENT((#17457));
#17457 = SURFACE_STYLE_USAGE(.BOTH.,#17458);
#17458 = SURFACE_SIDE_STYLE('',(#17459));
#17459 = SURFACE_STYLE_FILL_AREA(#17460);
#17460 = FILL_AREA_STYLE('',(#17461));
#17461 = FILL_AREA_STYLE_COLOUR('',#16978);
#17462 = STYLED_ITEM('color',(#17463),#4472);
#17463 = PRESENTATION_STYLE_ASSIGNMENT((#17464));
#17464 = SURFACE_STYLE_USAGE(.BOTH.,#17465);
#17465 = SURFACE_SIDE_STYLE('',(#17466));
#17466 = SURFACE_STYLE_FILL_AREA(#17467);
#17467 = FILL_AREA_STYLE('',(#17468));
#17468 = FILL_AREA_STYLE_COLOUR('',#16978);
#17469 = STYLED_ITEM('color',(#17470),#4503);
#17470 = PRESENTATION_STYLE_ASSIGNMENT((#17471));
#17471 = SURFACE_STYLE_USAGE(.BOTH.,#17472);
#17472 = SURFACE_SIDE_STYLE('',(#17473));
#17473 = SURFACE_STYLE_FILL_AREA(#17474);
#17474 = FILL_AREA_STYLE('',(#17475));
#17475 = FILL_AREA_STYLE_COLOUR('',#16978);
#17476 = STYLED_ITEM('color',(#17477),#4527);
#17477 = PRESENTATION_STYLE_ASSIGNMENT((#17478));
#17478 = SURFACE_STYLE_USAGE(.BOTH.,#17479);
#17479 = SURFACE_SIDE_STYLE('',(#17480));
#17480 = SURFACE_STYLE_FILL_AREA(#17481);
#17481 = FILL_AREA_STYLE('',(#17482));
#17482 = FILL_AREA_STYLE_COLOUR('',#16978);
#17483 = STYLED_ITEM('color',(#17484),#4551);
#17484 = PRESENTATION_STYLE_ASSIGNMENT((#17485));
#17485 = SURFACE_STYLE_USAGE(.BOTH.,#17486);
#17486 = SURFACE_SIDE_STYLE('',(#17487));
#17487 = SURFACE_STYLE_FILL_AREA(#17488);
#17488 = FILL_AREA_STYLE('',(#17489));
#17489 = FILL_AREA_STYLE_COLOUR('',#16978);
#17490 = STYLED_ITEM('color',(#17491),#4568);
#17491 = PRESENTATION_STYLE_ASSIGNMENT((#17492));
#17492 = SURFACE_STYLE_USAGE(.BOTH.,#17493);
#17493 = SURFACE_SIDE_STYLE('',(#17494));
#17494 = SURFACE_STYLE_FILL_AREA(#17495);
#17495 = FILL_AREA_STYLE('',(#17496));
#17496 = FILL_AREA_STYLE_COLOUR('',#16978);
#17497 = STYLED_ITEM('color',(#17498),#4599);
#17498 = PRESENTATION_STYLE_ASSIGNMENT((#17499));
#17499 = SURFACE_STYLE_USAGE(.BOTH.,#17500);
#17500 = SURFACE_SIDE_STYLE('',(#17501));
#17501 = SURFACE_STYLE_FILL_AREA(#17502);
#17502 = FILL_AREA_STYLE('',(#17503));
#17503 = FILL_AREA_STYLE_COLOUR('',#16978);
#17504 = STYLED_ITEM('color',(#17505),#4623);
#17505 = PRESENTATION_STYLE_ASSIGNMENT((#17506));
#17506 = SURFACE_STYLE_USAGE(.BOTH.,#17507);
#17507 = SURFACE_SIDE_STYLE('',(#17508));
#17508 = SURFACE_STYLE_FILL_AREA(#17509);
#17509 = FILL_AREA_STYLE('',(#17510));
#17510 = FILL_AREA_STYLE_COLOUR('',#16978);
#17511 = STYLED_ITEM('color',(#17512),#4647);
#17512 = PRESENTATION_STYLE_ASSIGNMENT((#17513));
#17513 = SURFACE_STYLE_USAGE(.BOTH.,#17514);
#17514 = SURFACE_SIDE_STYLE('',(#17515));
#17515 = SURFACE_STYLE_FILL_AREA(#17516);
#17516 = FILL_AREA_STYLE('',(#17517));
#17517 = FILL_AREA_STYLE_COLOUR('',#16978);
#17518 = STYLED_ITEM('color',(#17519),#4664);
#17519 = PRESENTATION_STYLE_ASSIGNMENT((#17520));
#17520 = SURFACE_STYLE_USAGE(.BOTH.,#17521);
#17521 = SURFACE_SIDE_STYLE('',(#17522));
#17522 = SURFACE_STYLE_FILL_AREA(#17523);
#17523 = FILL_AREA_STYLE('',(#17524));
#17524 = FILL_AREA_STYLE_COLOUR('',#16978);
#17525 = STYLED_ITEM('color',(#17526),#4681);
#17526 = PRESENTATION_STYLE_ASSIGNMENT((#17527));
#17527 = SURFACE_STYLE_USAGE(.BOTH.,#17528);
#17528 = SURFACE_SIDE_STYLE('',(#17529));
#17529 = SURFACE_STYLE_FILL_AREA(#17530);
#17530 = FILL_AREA_STYLE('',(#17531));
#17531 = FILL_AREA_STYLE_COLOUR('',#16978);
#17532 = STYLED_ITEM('color',(#17533),#4728);
#17533 = PRESENTATION_STYLE_ASSIGNMENT((#17534));
#17534 = SURFACE_STYLE_USAGE(.BOTH.,#17535);
#17535 = SURFACE_SIDE_STYLE('',(#17536));
#17536 = SURFACE_STYLE_FILL_AREA(#17537);
#17537 = FILL_AREA_STYLE('',(#17538));
#17538 = FILL_AREA_STYLE_COLOUR('',#16978);
#17539 = STYLED_ITEM('color',(#17540),#4754);
#17540 = PRESENTATION_STYLE_ASSIGNMENT((#17541));
#17541 = SURFACE_STYLE_USAGE(.BOTH.,#17542);
#17542 = SURFACE_SIDE_STYLE('',(#17543));
#17543 = SURFACE_STYLE_FILL_AREA(#17544);
#17544 = FILL_AREA_STYLE('',(#17545));
#17545 = FILL_AREA_STYLE_COLOUR('',#16978);
#17546 = STYLED_ITEM('color',(#17547),#4771);
#17547 = PRESENTATION_STYLE_ASSIGNMENT((#17548));
#17548 = SURFACE_STYLE_USAGE(.BOTH.,#17549);
#17549 = SURFACE_SIDE_STYLE('',(#17550));
#17550 = SURFACE_STYLE_FILL_AREA(#17551);
#17551 = FILL_AREA_STYLE('',(#17552));
#17552 = FILL_AREA_STYLE_COLOUR('',#16978);
#17553 = STYLED_ITEM('color',(#17554),#4797);
#17554 = PRESENTATION_STYLE_ASSIGNMENT((#17555));
#17555 = SURFACE_STYLE_USAGE(.BOTH.,#17556);
#17556 = SURFACE_SIDE_STYLE('',(#17557));
#17557 = SURFACE_STYLE_FILL_AREA(#17558);
#17558 = FILL_AREA_STYLE('',(#17559));
#17559 = FILL_AREA_STYLE_COLOUR('',#16978);
#17560 = STYLED_ITEM('color',(#17561),#4830);
#17561 = PRESENTATION_STYLE_ASSIGNMENT((#17562));
#17562 = SURFACE_STYLE_USAGE(.BOTH.,#17563);
#17563 = SURFACE_SIDE_STYLE('',(#17564));
#17564 = SURFACE_STYLE_FILL_AREA(#17565);
#17565 = FILL_AREA_STYLE('',(#17566));
#17566 = FILL_AREA_STYLE_COLOUR('',#16978);
#17567 = STYLED_ITEM('color',(#17568),#4842);
#17568 = PRESENTATION_STYLE_ASSIGNMENT((#17569));
#17569 = SURFACE_STYLE_USAGE(.BOTH.,#17570);
#17570 = SURFACE_SIDE_STYLE('',(#17571));
#17571 = SURFACE_STYLE_FILL_AREA(#17572);
#17572 = FILL_AREA_STYLE('',(#17573));
#17573 = FILL_AREA_STYLE_COLOUR('',#16978);
#17574 = STYLED_ITEM('color',(#17575),#4854);
#17575 = PRESENTATION_STYLE_ASSIGNMENT((#17576));
#17576 = SURFACE_STYLE_USAGE(.BOTH.,#17577);
#17577 = SURFACE_SIDE_STYLE('',(#17578));
#17578 = SURFACE_STYLE_FILL_AREA(#17579);
#17579 = FILL_AREA_STYLE('',(#17580));
#17580 = FILL_AREA_STYLE_COLOUR('',#16978);
#17581 = STYLED_ITEM('color',(#17582),#4866);
#17582 = PRESENTATION_STYLE_ASSIGNMENT((#17583));
#17583 = SURFACE_STYLE_USAGE(.BOTH.,#17584);
#17584 = SURFACE_SIDE_STYLE('',(#17585));
#17585 = SURFACE_STYLE_FILL_AREA(#17586);
#17586 = FILL_AREA_STYLE('',(#17587));
#17587 = FILL_AREA_STYLE_COLOUR('',#16978);
#17588 = STYLED_ITEM('color',(#17589),#4878);
#17589 = PRESENTATION_STYLE_ASSIGNMENT((#17590));
#17590 = SURFACE_STYLE_USAGE(.BOTH.,#17591);
#17591 = SURFACE_SIDE_STYLE('',(#17592));
#17592 = SURFACE_STYLE_FILL_AREA(#17593);
#17593 = FILL_AREA_STYLE('',(#17594));
#17594 = FILL_AREA_STYLE_COLOUR('',#16978);
#17595 = STYLED_ITEM('color',(#17596),#4890);
#17596 = PRESENTATION_STYLE_ASSIGNMENT((#17597));
#17597 = SURFACE_STYLE_USAGE(.BOTH.,#17598);
#17598 = SURFACE_SIDE_STYLE('',(#17599));
#17599 = SURFACE_STYLE_FILL_AREA(#17600);
#17600 = FILL_AREA_STYLE('',(#17601));
#17601 = FILL_AREA_STYLE_COLOUR('',#16978);
#17602 = STYLED_ITEM('color',(#17603),#4907);
#17603 = PRESENTATION_STYLE_ASSIGNMENT((#17604));
#17604 = SURFACE_STYLE_USAGE(.BOTH.,#17605);
#17605 = SURFACE_SIDE_STYLE('',(#17606));
#17606 = SURFACE_STYLE_FILL_AREA(#17607);
#17607 = FILL_AREA_STYLE('',(#17608));
#17608 = FILL_AREA_STYLE_COLOUR('',#16978);
#17609 = STYLED_ITEM('color',(#17610),#4924);
#17610 = PRESENTATION_STYLE_ASSIGNMENT((#17611));
#17611 = SURFACE_STYLE_USAGE(.BOTH.,#17612);
#17612 = SURFACE_SIDE_STYLE('',(#17613));
#17613 = SURFACE_STYLE_FILL_AREA(#17614);
#17614 = FILL_AREA_STYLE('',(#17615));
#17615 = FILL_AREA_STYLE_COLOUR('',#16978);
#17616 = STYLED_ITEM('color',(#17617),#4936);
#17617 = PRESENTATION_STYLE_ASSIGNMENT((#17618));
#17618 = SURFACE_STYLE_USAGE(.BOTH.,#17619);
#17619 = SURFACE_SIDE_STYLE('',(#17620));
#17620 = SURFACE_STYLE_FILL_AREA(#17621);
#17621 = FILL_AREA_STYLE('',(#17622));
#17622 = FILL_AREA_STYLE_COLOUR('',#16978);
#17623 = STYLED_ITEM('color',(#17624),#4948);
#17624 = PRESENTATION_STYLE_ASSIGNMENT((#17625));
#17625 = SURFACE_STYLE_USAGE(.BOTH.,#17626);
#17626 = SURFACE_SIDE_STYLE('',(#17627));
#17627 = SURFACE_STYLE_FILL_AREA(#17628);
#17628 = FILL_AREA_STYLE('',(#17629));
#17629 = FILL_AREA_STYLE_COLOUR('',#16978);
#17630 = STYLED_ITEM('color',(#17631),#4960);
#17631 = PRESENTATION_STYLE_ASSIGNMENT((#17632));
#17632 = SURFACE_STYLE_USAGE(.BOTH.,#17633);
#17633 = SURFACE_SIDE_STYLE('',(#17634));
#17634 = SURFACE_STYLE_FILL_AREA(#17635);
#17635 = FILL_AREA_STYLE('',(#17636));
#17636 = FILL_AREA_STYLE_COLOUR('',#16978);
#17637 = STYLED_ITEM('color',(#17638),#4972);
#17638 = PRESENTATION_STYLE_ASSIGNMENT((#17639));
#17639 = SURFACE_STYLE_USAGE(.BOTH.,#17640);
#17640 = SURFACE_SIDE_STYLE('',(#17641));
#17641 = SURFACE_STYLE_FILL_AREA(#17642);
#17642 = FILL_AREA_STYLE('',(#17643));
#17643 = FILL_AREA_STYLE_COLOUR('',#16978);
#17644 = STYLED_ITEM('color',(#17645),#4989);
#17645 = PRESENTATION_STYLE_ASSIGNMENT((#17646));
#17646 = SURFACE_STYLE_USAGE(.BOTH.,#17647);
#17647 = SURFACE_SIDE_STYLE('',(#17648));
#17648 = SURFACE_STYLE_FILL_AREA(#17649);
#17649 = FILL_AREA_STYLE('',(#17650));
#17650 = FILL_AREA_STYLE_COLOUR('',#16978);
#17651 = STYLED_ITEM('color',(#17652),#5006);
#17652 = PRESENTATION_STYLE_ASSIGNMENT((#17653));
#17653 = SURFACE_STYLE_USAGE(.BOTH.,#17654);
#17654 = SURFACE_SIDE_STYLE('',(#17655));
#17655 = SURFACE_STYLE_FILL_AREA(#17656);
#17656 = FILL_AREA_STYLE('',(#17657));
#17657 = FILL_AREA_STYLE_COLOUR('',#16978);
#17658 = MECHANICAL_DESIGN_GEOMETRIC_PRESENTATION_REPRESENTATION('',(
    #17659,#17667,#17674,#17681,#17688,#17695,#17702,#17709,#17716,
    #17723,#17730,#17738,#17745,#17752,#17759,#17766,#17773,#17780,
    #17787,#17794,#17801,#17808,#17815,#17822,#17829,#17836,#17843,
    #17850),#5891);
#17659 = STYLED_ITEM('color',(#17660),#5039);
#17660 = PRESENTATION_STYLE_ASSIGNMENT((#17661));
#17661 = SURFACE_STYLE_USAGE(.BOTH.,#17662);
#17662 = SURFACE_SIDE_STYLE('',(#17663));
#17663 = SURFACE_STYLE_FILL_AREA(#17664);
#17664 = FILL_AREA_STYLE('',(#17665));
#17665 = FILL_AREA_STYLE_COLOUR('',#17666);
#17666 = COLOUR_RGB('',0.823999987314,0.819999987296,0.781000009244);
#17667 = STYLED_ITEM('color',(#17668),#5115);
#17668 = PRESENTATION_STYLE_ASSIGNMENT((#17669));
#17669 = SURFACE_STYLE_USAGE(.BOTH.,#17670);
#17670 = SURFACE_SIDE_STYLE('',(#17671));
#17671 = SURFACE_STYLE_FILL_AREA(#17672);
#17672 = FILL_AREA_STYLE('',(#17673));
#17673 = FILL_AREA_STYLE_COLOUR('',#17666);
#17674 = STYLED_ITEM('color',(#17675),#5146);
#17675 = PRESENTATION_STYLE_ASSIGNMENT((#17676));
#17676 = SURFACE_STYLE_USAGE(.BOTH.,#17677);
#17677 = SURFACE_SIDE_STYLE('',(#17678));
#17678 = SURFACE_STYLE_FILL_AREA(#17679);
#17679 = FILL_AREA_STYLE('',(#17680));
#17680 = FILL_AREA_STYLE_COLOUR('',#17666);
#17681 = STYLED_ITEM('color',(#17682),#5171);
#17682 = PRESENTATION_STYLE_ASSIGNMENT((#17683));
#17683 = SURFACE_STYLE_USAGE(.BOTH.,#17684);
#17684 = SURFACE_SIDE_STYLE('',(#17685));
#17685 = SURFACE_STYLE_FILL_AREA(#17686);
#17686 = FILL_AREA_STYLE('',(#17687));
#17687 = FILL_AREA_STYLE_COLOUR('',#17666);
#17688 = STYLED_ITEM('color',(#17689),#5196);
#17689 = PRESENTATION_STYLE_ASSIGNMENT((#17690));
#17690 = SURFACE_STYLE_USAGE(.BOTH.,#17691);
#17691 = SURFACE_SIDE_STYLE('',(#17692));
#17692 = SURFACE_STYLE_FILL_AREA(#17693);
#17693 = FILL_AREA_STYLE('',(#17694));
#17694 = FILL_AREA_STYLE_COLOUR('',#17666);
#17695 = STYLED_ITEM('color',(#17696),#5220);
#17696 = PRESENTATION_STYLE_ASSIGNMENT((#17697));
#17697 = SURFACE_STYLE_USAGE(.BOTH.,#17698);
#17698 = SURFACE_SIDE_STYLE('',(#17699));
#17699 = SURFACE_STYLE_FILL_AREA(#17700);
#17700 = FILL_AREA_STYLE('',(#17701));
#17701 = FILL_AREA_STYLE_COLOUR('',#17666);
#17702 = STYLED_ITEM('color',(#17703),#5244);
#17703 = PRESENTATION_STYLE_ASSIGNMENT((#17704));
#17704 = SURFACE_STYLE_USAGE(.BOTH.,#17705);
#17705 = SURFACE_SIDE_STYLE('',(#17706));
#17706 = SURFACE_STYLE_FILL_AREA(#17707);
#17707 = FILL_AREA_STYLE('',(#17708));
#17708 = FILL_AREA_STYLE_COLOUR('',#17666);
#17709 = STYLED_ITEM('color',(#17710),#5269);
#17710 = PRESENTATION_STYLE_ASSIGNMENT((#17711));
#17711 = SURFACE_STYLE_USAGE(.BOTH.,#17712);
#17712 = SURFACE_SIDE_STYLE('',(#17713));
#17713 = SURFACE_STYLE_FILL_AREA(#17714);
#17714 = FILL_AREA_STYLE('',(#17715));
#17715 = FILL_AREA_STYLE_COLOUR('',#17666);
#17716 = STYLED_ITEM('color',(#17717),#5294);
#17717 = PRESENTATION_STYLE_ASSIGNMENT((#17718));
#17718 = SURFACE_STYLE_USAGE(.BOTH.,#17719);
#17719 = SURFACE_SIDE_STYLE('',(#17720));
#17720 = SURFACE_STYLE_FILL_AREA(#17721);
#17721 = FILL_AREA_STYLE('',(#17722));
#17722 = FILL_AREA_STYLE_COLOUR('',#17666);
#17723 = STYLED_ITEM('color',(#17724),#5311);
#17724 = PRESENTATION_STYLE_ASSIGNMENT((#17725));
#17725 = SURFACE_STYLE_USAGE(.BOTH.,#17726);
#17726 = SURFACE_SIDE_STYLE('',(#17727));
#17727 = SURFACE_STYLE_FILL_AREA(#17728);
#17728 = FILL_AREA_STYLE('',(#17729));
#17729 = FILL_AREA_STYLE_COLOUR('',#17666);
#17730 = STYLED_ITEM('color',(#17731),#5397);
#17731 = PRESENTATION_STYLE_ASSIGNMENT((#17732));
#17732 = SURFACE_STYLE_USAGE(.BOTH.,#17733);
#17733 = SURFACE_SIDE_STYLE('',(#17734));
#17734 = SURFACE_STYLE_FILL_AREA(#17735);
#17735 = FILL_AREA_STYLE('',(#17736));
#17736 = FILL_AREA_STYLE_COLOUR('',#17737);
#17737 = COLOUR_RGB('',0.379000005575,0.270000008848,0.214999999939);
#17738 = STYLED_ITEM('color',(#17739),#5429);
#17739 = PRESENTATION_STYLE_ASSIGNMENT((#17740));
#17740 = SURFACE_STYLE_USAGE(.BOTH.,#17741);
#17741 = SURFACE_SIDE_STYLE('',(#17742));
#17742 = SURFACE_STYLE_FILL_AREA(#17743);
#17743 = FILL_AREA_STYLE('',(#17744));
#17744 = FILL_AREA_STYLE_COLOUR('',#17737);
#17745 = STYLED_ITEM('color',(#17746),#5453);
#17746 = PRESENTATION_STYLE_ASSIGNMENT((#17747));
#17747 = SURFACE_STYLE_USAGE(.BOTH.,#17748);
#17748 = SURFACE_SIDE_STYLE('',(#17749));
#17749 = SURFACE_STYLE_FILL_AREA(#17750);
#17750 = FILL_AREA_STYLE('',(#17751));
#17751 = FILL_AREA_STYLE_COLOUR('',#17737);
#17752 = STYLED_ITEM('color',(#17753),#5478);
#17753 = PRESENTATION_STYLE_ASSIGNMENT((#17754));
#17754 = SURFACE_STYLE_USAGE(.BOTH.,#17755);
#17755 = SURFACE_SIDE_STYLE('',(#17756));
#17756 = SURFACE_STYLE_FILL_AREA(#17757);
#17757 = FILL_AREA_STYLE('',(#17758));
#17758 = FILL_AREA_STYLE_COLOUR('',#17737);
#17759 = STYLED_ITEM('color',(#17760),#5502);
#17760 = PRESENTATION_STYLE_ASSIGNMENT((#17761));
#17761 = SURFACE_STYLE_USAGE(.BOTH.,#17762);
#17762 = SURFACE_SIDE_STYLE('',(#17763));
#17763 = SURFACE_STYLE_FILL_AREA(#17764);
#17764 = FILL_AREA_STYLE('',(#17765));
#17765 = FILL_AREA_STYLE_COLOUR('',#17737);
#17766 = STYLED_ITEM('color',(#17767),#5527);
#17767 = PRESENTATION_STYLE_ASSIGNMENT((#17768));
#17768 = SURFACE_STYLE_USAGE(.BOTH.,#17769);
#17769 = SURFACE_SIDE_STYLE('',(#17770));
#17770 = SURFACE_STYLE_FILL_AREA(#17771);
#17771 = FILL_AREA_STYLE('',(#17772));
#17772 = FILL_AREA_STYLE_COLOUR('',#17737);
#17773 = STYLED_ITEM('color',(#17774),#5551);
#17774 = PRESENTATION_STYLE_ASSIGNMENT((#17775));
#17775 = SURFACE_STYLE_USAGE(.BOTH.,#17776);
#17776 = SURFACE_SIDE_STYLE('',(#17777));
#17777 = SURFACE_STYLE_FILL_AREA(#17778);
#17778 = FILL_AREA_STYLE('',(#17779));
#17779 = FILL_AREA_STYLE_COLOUR('',#17737);
#17780 = STYLED_ITEM('color',(#17781),#5576);
#17781 = PRESENTATION_STYLE_ASSIGNMENT((#17782));
#17782 = SURFACE_STYLE_USAGE(.BOTH.,#17783);
#17783 = SURFACE_SIDE_STYLE('',(#17784));
#17784 = SURFACE_STYLE_FILL_AREA(#17785);
#17785 = FILL_AREA_STYLE('',(#17786));
#17786 = FILL_AREA_STYLE_COLOUR('',#17737);
#17787 = STYLED_ITEM('color',(#17788),#5593);
#17788 = PRESENTATION_STYLE_ASSIGNMENT((#17789));
#17789 = SURFACE_STYLE_USAGE(.BOTH.,#17790);
#17790 = SURFACE_SIDE_STYLE('',(#17791));
#17791 = SURFACE_STYLE_FILL_AREA(#17792);
#17792 = FILL_AREA_STYLE('',(#17793));
#17793 = FILL_AREA_STYLE_COLOUR('',#17666);
#17794 = STYLED_ITEM('color',(#17795),#5679);
#17795 = PRESENTATION_STYLE_ASSIGNMENT((#17796));
#17796 = SURFACE_STYLE_USAGE(.BOTH.,#17797);
#17797 = SURFACE_SIDE_STYLE('',(#17798));
#17798 = SURFACE_STYLE_FILL_AREA(#17799);
#17799 = FILL_AREA_STYLE('',(#17800));
#17800 = FILL_AREA_STYLE_COLOUR('',#17666);
#17801 = STYLED_ITEM('color',(#17802),#5710);
#17802 = PRESENTATION_STYLE_ASSIGNMENT((#17803));
#17803 = SURFACE_STYLE_USAGE(.BOTH.,#17804);
#17804 = SURFACE_SIDE_STYLE('',(#17805));
#17805 = SURFACE_STYLE_FILL_AREA(#17806);
#17806 = FILL_AREA_STYLE('',(#17807));
#17807 = FILL_AREA_STYLE_COLOUR('',#17666);
#17808 = STYLED_ITEM('color',(#17809),#5735);
#17809 = PRESENTATION_STYLE_ASSIGNMENT((#17810));
#17810 = SURFACE_STYLE_USAGE(.BOTH.,#17811);
#17811 = SURFACE_SIDE_STYLE('',(#17812));
#17812 = SURFACE_STYLE_FILL_AREA(#17813);
#17813 = FILL_AREA_STYLE('',(#17814));
#17814 = FILL_AREA_STYLE_COLOUR('',#17666);
#17815 = STYLED_ITEM('color',(#17816),#5760);
#17816 = PRESENTATION_STYLE_ASSIGNMENT((#17817));
#17817 = SURFACE_STYLE_USAGE(.BOTH.,#17818);
#17818 = SURFACE_SIDE_STYLE('',(#17819));
#17819 = SURFACE_STYLE_FILL_AREA(#17820);
#17820 = FILL_AREA_STYLE('',(#17821));
#17821 = FILL_AREA_STYLE_COLOUR('',#17666);
#17822 = STYLED_ITEM('color',(#17823),#5784);
#17823 = PRESENTATION_STYLE_ASSIGNMENT((#17824));
#17824 = SURFACE_STYLE_USAGE(.BOTH.,#17825);
#17825 = SURFACE_SIDE_STYLE('',(#17826));
#17826 = SURFACE_STYLE_FILL_AREA(#17827);
#17827 = FILL_AREA_STYLE('',(#17828));
#17828 = FILL_AREA_STYLE_COLOUR('',#17666);
#17829 = STYLED_ITEM('color',(#17830),#5808);
#17830 = PRESENTATION_STYLE_ASSIGNMENT((#17831));
#17831 = SURFACE_STYLE_USAGE(.BOTH.,#17832);
#17832 = SURFACE_SIDE_STYLE('',(#17833));
#17833 = SURFACE_STYLE_FILL_AREA(#17834);
#17834 = FILL_AREA_STYLE('',(#17835));
#17835 = FILL_AREA_STYLE_COLOUR('',#17666);
#17836 = STYLED_ITEM('color',(#17837),#5833);
#17837 = PRESENTATION_STYLE_ASSIGNMENT((#17838));
#17838 = SURFACE_STYLE_USAGE(.BOTH.,#17839);
#17839 = SURFACE_SIDE_STYLE('',(#17840));
#17840 = SURFACE_STYLE_FILL_AREA(#17841);
#17841 = FILL_AREA_STYLE('',(#17842));
#17842 = FILL_AREA_STYLE_COLOUR('',#17666);
#17843 = STYLED_ITEM('color',(#17844),#5858);
#17844 = PRESENTATION_STYLE_ASSIGNMENT((#17845));
#17845 = SURFACE_STYLE_USAGE(.BOTH.,#17846);
#17846 = SURFACE_SIDE_STYLE('',(#17847));
#17847 = SURFACE_STYLE_FILL_AREA(#17848);
#17848 = FILL_AREA_STYLE('',(#17849));
#17849 = FILL_AREA_STYLE_COLOUR('',#17666);
#17850 = STYLED_ITEM('color',(#17851),#5875);
#17851 = PRESENTATION_STYLE_ASSIGNMENT((#17852));
#17852 = SURFACE_STYLE_USAGE(.BOTH.,#17853);
#17853 = SURFACE_SIDE_STYLE('',(#17854));
#17854 = SURFACE_STYLE_FILL_AREA(#17855);
#17855 = FILL_AREA_STYLE('',(#17856));
#17856 = FILL_AREA_STYLE_COLOUR('',#17666);
#17857 = MECHANICAL_DESIGN_GEOMETRIC_PRESENTATION_REPRESENTATION('',(
    #17858,#17865,#17872,#17879,#17886,#17893,#17900,#17907,#17915,
    #17922,#17929,#17936,#17943,#17950,#17958,#17965,#17972,#17979,
    #17986,#17993,#18000,#18007,#18014,#18021,#18028,#18035),#6705);
#17858 = STYLED_ITEM('color',(#17859),#5917);
#17859 = PRESENTATION_STYLE_ASSIGNMENT((#17860));
#17860 = SURFACE_STYLE_USAGE(.BOTH.,#17861);
#17861 = SURFACE_SIDE_STYLE('',(#17862));
#17862 = SURFACE_STYLE_FILL_AREA(#17863);
#17863 = FILL_AREA_STYLE('',(#17864));
#17864 = FILL_AREA_STYLE_COLOUR('',#17666);
#17865 = STYLED_ITEM('color',(#17866),#5957);
#17866 = PRESENTATION_STYLE_ASSIGNMENT((#17867));
#17867 = SURFACE_STYLE_USAGE(.BOTH.,#17868);
#17868 = SURFACE_SIDE_STYLE('',(#17869));
#17869 = SURFACE_STYLE_FILL_AREA(#17870);
#17870 = FILL_AREA_STYLE('',(#17871));
#17871 = FILL_AREA_STYLE_COLOUR('',#17666);
#17872 = STYLED_ITEM('color',(#17873),#6040);
#17873 = PRESENTATION_STYLE_ASSIGNMENT((#17874));
#17874 = SURFACE_STYLE_USAGE(.BOTH.,#17875);
#17875 = SURFACE_SIDE_STYLE('',(#17876));
#17876 = SURFACE_STYLE_FILL_AREA(#17877);
#17877 = FILL_AREA_STYLE('',(#17878));
#17878 = FILL_AREA_STYLE_COLOUR('',#17666);
#17879 = STYLED_ITEM('color',(#17880),#6065);
#17880 = PRESENTATION_STYLE_ASSIGNMENT((#17881));
#17881 = SURFACE_STYLE_USAGE(.BOTH.,#17882);
#17882 = SURFACE_SIDE_STYLE('',(#17883));
#17883 = SURFACE_STYLE_FILL_AREA(#17884);
#17884 = FILL_AREA_STYLE('',(#17885));
#17885 = FILL_AREA_STYLE_COLOUR('',#17666);
#17886 = STYLED_ITEM('color',(#17887),#6090);
#17887 = PRESENTATION_STYLE_ASSIGNMENT((#17888));
#17888 = SURFACE_STYLE_USAGE(.BOTH.,#17889);
#17889 = SURFACE_SIDE_STYLE('',(#17890));
#17890 = SURFACE_STYLE_FILL_AREA(#17891);
#17891 = FILL_AREA_STYLE('',(#17892));
#17892 = FILL_AREA_STYLE_COLOUR('',#17666);
#17893 = STYLED_ITEM('color',(#17894),#6157);
#17894 = PRESENTATION_STYLE_ASSIGNMENT((#17895));
#17895 = SURFACE_STYLE_USAGE(.BOTH.,#17896);
#17896 = SURFACE_SIDE_STYLE('',(#17897));
#17897 = SURFACE_STYLE_FILL_AREA(#17898);
#17898 = FILL_AREA_STYLE('',(#17899));
#17899 = FILL_AREA_STYLE_COLOUR('',#17666);
#17900 = STYLED_ITEM('color',(#17901),#6174);
#17901 = PRESENTATION_STYLE_ASSIGNMENT((#17902));
#17902 = SURFACE_STYLE_USAGE(.BOTH.,#17903);
#17903 = SURFACE_SIDE_STYLE('',(#17904));
#17904 = SURFACE_STYLE_FILL_AREA(#17905);
#17905 = FILL_AREA_STYLE('',(#17906));
#17906 = FILL_AREA_STYLE_COLOUR('',#17666);
#17907 = STYLED_ITEM('color',(#17908),#6191);
#17908 = PRESENTATION_STYLE_ASSIGNMENT((#17909));
#17909 = SURFACE_STYLE_USAGE(.BOTH.,#17910);
#17910 = SURFACE_SIDE_STYLE('',(#17911));
#17911 = SURFACE_STYLE_FILL_AREA(#17912);
#17912 = FILL_AREA_STYLE('',(#17913));
#17913 = FILL_AREA_STYLE_COLOUR('',#17914);
#17914 = COLOUR_RGB('',0.894999966383,0.890999961016,0.813000030345);
#17915 = STYLED_ITEM('color',(#17916),#6240);
#17916 = PRESENTATION_STYLE_ASSIGNMENT((#17917));
#17917 = SURFACE_STYLE_USAGE(.BOTH.,#17918);
#17918 = SURFACE_SIDE_STYLE('',(#17919));
#17919 = SURFACE_STYLE_FILL_AREA(#17920);
#17920 = FILL_AREA_STYLE('',(#17921));
#17921 = FILL_AREA_STYLE_COLOUR('',#17666);
#17922 = STYLED_ITEM('color',(#17923),#6257);
#17923 = PRESENTATION_STYLE_ASSIGNMENT((#17924));
#17924 = SURFACE_STYLE_USAGE(.BOTH.,#17925);
#17925 = SURFACE_SIDE_STYLE('',(#17926));
#17926 = SURFACE_STYLE_FILL_AREA(#17927);
#17927 = FILL_AREA_STYLE('',(#17928));
#17928 = FILL_AREA_STYLE_COLOUR('',#17666);
#17929 = STYLED_ITEM('color',(#17930),#6274);
#17930 = PRESENTATION_STYLE_ASSIGNMENT((#17931));
#17931 = SURFACE_STYLE_USAGE(.BOTH.,#17932);
#17932 = SURFACE_SIDE_STYLE('',(#17933));
#17933 = SURFACE_STYLE_FILL_AREA(#17934);
#17934 = FILL_AREA_STYLE('',(#17935));
#17935 = FILL_AREA_STYLE_COLOUR('',#17914);
#17936 = STYLED_ITEM('color',(#17937),#6323);
#17937 = PRESENTATION_STYLE_ASSIGNMENT((#17938));
#17938 = SURFACE_STYLE_USAGE(.BOTH.,#17939);
#17939 = SURFACE_SIDE_STYLE('',(#17940));
#17940 = SURFACE_STYLE_FILL_AREA(#17941);
#17941 = FILL_AREA_STYLE('',(#17942));
#17942 = FILL_AREA_STYLE_COLOUR('',#17914);
#17943 = STYLED_ITEM('color',(#17944),#6340);
#17944 = PRESENTATION_STYLE_ASSIGNMENT((#17945));
#17945 = SURFACE_STYLE_USAGE(.BOTH.,#17946);
#17946 = SURFACE_SIDE_STYLE('',(#17947));
#17947 = SURFACE_STYLE_FILL_AREA(#17948);
#17948 = FILL_AREA_STYLE('',(#17949));
#17949 = FILL_AREA_STYLE_COLOUR('',#17666);
#17950 = STYLED_ITEM('color',(#17951),#6409);
#17951 = PRESENTATION_STYLE_ASSIGNMENT((#17952));
#17952 = SURFACE_STYLE_USAGE(.BOTH.,#17953);
#17953 = SURFACE_SIDE_STYLE('',(#17954));
#17954 = SURFACE_STYLE_FILL_AREA(#17955);
#17955 = FILL_AREA_STYLE('',(#17956));
#17956 = FILL_AREA_STYLE_COLOUR('',#17957);
#17957 = COLOUR_RGB('',8.200000279077E-02,8.600000121357E-02,
  9.399999706163E-02);
#17958 = STYLED_ITEM('color',(#17959),#6440);
#17959 = PRESENTATION_STYLE_ASSIGNMENT((#17960));
#17960 = SURFACE_STYLE_USAGE(.BOTH.,#17961);
#17961 = SURFACE_SIDE_STYLE('',(#17962));
#17962 = SURFACE_STYLE_FILL_AREA(#17963);
#17963 = FILL_AREA_STYLE('',(#17964));
#17964 = FILL_AREA_STYLE_COLOUR('',#17957);
#17965 = STYLED_ITEM('color',(#17966),#6464);
#17966 = PRESENTATION_STYLE_ASSIGNMENT((#17967));
#17967 = SURFACE_STYLE_USAGE(.BOTH.,#17968);
#17968 = SURFACE_SIDE_STYLE('',(#17969));
#17969 = SURFACE_STYLE_FILL_AREA(#17970);
#17970 = FILL_AREA_STYLE('',(#17971));
#17971 = FILL_AREA_STYLE_COLOUR('',#17666);
#17972 = STYLED_ITEM('color',(#17973),#6533);
#17973 = PRESENTATION_STYLE_ASSIGNMENT((#17974));
#17974 = SURFACE_STYLE_USAGE(.BOTH.,#17975);
#17975 = SURFACE_SIDE_STYLE('',(#17976));
#17976 = SURFACE_STYLE_FILL_AREA(#17977);
#17977 = FILL_AREA_STYLE('',(#17978));
#17978 = FILL_AREA_STYLE_COLOUR('',#17957);
#17979 = STYLED_ITEM('color',(#17980),#6557);
#17980 = PRESENTATION_STYLE_ASSIGNMENT((#17981));
#17981 = SURFACE_STYLE_USAGE(.BOTH.,#17982);
#17982 = SURFACE_SIDE_STYLE('',(#17983));
#17983 = SURFACE_STYLE_FILL_AREA(#17984);
#17984 = FILL_AREA_STYLE('',(#17985));
#17985 = FILL_AREA_STYLE_COLOUR('',#17666);
#17986 = STYLED_ITEM('color',(#17987),#6574);
#17987 = PRESENTATION_STYLE_ASSIGNMENT((#17988));
#17988 = SURFACE_STYLE_USAGE(.BOTH.,#17989);
#17989 = SURFACE_SIDE_STYLE('',(#17990));
#17990 = SURFACE_STYLE_FILL_AREA(#17991);
#17991 = FILL_AREA_STYLE('',(#17992));
#17992 = FILL_AREA_STYLE_COLOUR('',#17666);
#17993 = STYLED_ITEM('color',(#17994),#6591);
#17994 = PRESENTATION_STYLE_ASSIGNMENT((#17995));
#17995 = SURFACE_STYLE_USAGE(.BOTH.,#17996);
#17996 = SURFACE_SIDE_STYLE('',(#17997));
#17997 = SURFACE_STYLE_FILL_AREA(#17998);
#17998 = FILL_AREA_STYLE('',(#17999));
#17999 = FILL_AREA_STYLE_COLOUR('',#17666);
#18000 = STYLED_ITEM('color',(#18001),#6608);
#18001 = PRESENTATION_STYLE_ASSIGNMENT((#18002));
#18002 = SURFACE_STYLE_USAGE(.BOTH.,#18003);
#18003 = SURFACE_SIDE_STYLE('',(#18004));
#18004 = SURFACE_STYLE_FILL_AREA(#18005);
#18005 = FILL_AREA_STYLE('',(#18006));
#18006 = FILL_AREA_STYLE_COLOUR('',#17666);
#18007 = STYLED_ITEM('color',(#18008),#6625);
#18008 = PRESENTATION_STYLE_ASSIGNMENT((#18009));
#18009 = SURFACE_STYLE_USAGE(.BOTH.,#18010);
#18010 = SURFACE_SIDE_STYLE('',(#18011));
#18011 = SURFACE_STYLE_FILL_AREA(#18012);
#18012 = FILL_AREA_STYLE('',(#18013));
#18013 = FILL_AREA_STYLE_COLOUR('',#17666);
#18014 = STYLED_ITEM('color',(#18015),#6642);
#18015 = PRESENTATION_STYLE_ASSIGNMENT((#18016));
#18016 = SURFACE_STYLE_USAGE(.BOTH.,#18017);
#18017 = SURFACE_SIDE_STYLE('',(#18018));
#18018 = SURFACE_STYLE_FILL_AREA(#18019);
#18019 = FILL_AREA_STYLE('',(#18020));
#18020 = FILL_AREA_STYLE_COLOUR('',#17666);
#18021 = STYLED_ITEM('color',(#18022),#6659);
#18022 = PRESENTATION_STYLE_ASSIGNMENT((#18023));
#18023 = SURFACE_STYLE_USAGE(.BOTH.,#18024);
#18024 = SURFACE_SIDE_STYLE('',(#18025));
#18025 = SURFACE_STYLE_FILL_AREA(#18026);
#18026 = FILL_AREA_STYLE('',(#18027));
#18027 = FILL_AREA_STYLE_COLOUR('',#17666);
#18028 = STYLED_ITEM('color',(#18029),#6676);
#18029 = PRESENTATION_STYLE_ASSIGNMENT((#18030));
#18030 = SURFACE_STYLE_USAGE(.BOTH.,#18031);
#18031 = SURFACE_SIDE_STYLE('',(#18032));
#18032 = SURFACE_STYLE_FILL_AREA(#18033);
#18033 = FILL_AREA_STYLE('',(#18034));
#18034 = FILL_AREA_STYLE_COLOUR('',#17957);
#18035 = STYLED_ITEM('color',(#18036),#6693);
#18036 = PRESENTATION_STYLE_ASSIGNMENT((#18037));
#18037 = SURFACE_STYLE_USAGE(.BOTH.,#18038);
#18038 = SURFACE_SIDE_STYLE('',(#18039));
#18039 = SURFACE_STYLE_FILL_AREA(#18040);
#18040 = FILL_AREA_STYLE('',(#18041));
#18041 = FILL_AREA_STYLE_COLOUR('',#17957);
#18042 = MECHANICAL_DESIGN_GEOMETRIC_PRESENTATION_REPRESENTATION('',(
    #18043,#18050,#18057,#18064,#18071,#18078,#18085,#18092,#18099,
    #18106,#18113,#18120,#18127,#18134,#18141,#18148,#18155,#18162,
    #18169,#18176,#18183,#18190,#18197,#18204,#18211,#18218,#18225,
    #18232,#18239,#18246,#18253,#18260,#18267,#18274,#18281,#18288,
    #18296,#18303,#18310,#18317,#18324,#18331,#18338,#18345,#18352,
    #18359,#18366,#18373,#18380,#18387),#12944);
#18043 = STYLED_ITEM('color',(#18044),#11423);
#18044 = PRESENTATION_STYLE_ASSIGNMENT((#18045));
#18045 = SURFACE_STYLE_USAGE(.BOTH.,#18046);
#18046 = SURFACE_SIDE_STYLE('',(#18047));
#18047 = SURFACE_STYLE_FILL_AREA(#18048);
#18048 = FILL_AREA_STYLE('',(#18049));
#18049 = FILL_AREA_STYLE_COLOUR('',#17914);
#18050 = STYLED_ITEM('color',(#18051),#11463);
#18051 = PRESENTATION_STYLE_ASSIGNMENT((#18052));
#18052 = SURFACE_STYLE_USAGE(.BOTH.,#18053);
#18053 = SURFACE_SIDE_STYLE('',(#18054));
#18054 = SURFACE_STYLE_FILL_AREA(#18055);
#18055 = FILL_AREA_STYLE('',(#18056));
#18056 = FILL_AREA_STYLE_COLOUR('',#17914);
#18057 = STYLED_ITEM('color',(#18058),#11510);
#18058 = PRESENTATION_STYLE_ASSIGNMENT((#18059));
#18059 = SURFACE_STYLE_USAGE(.BOTH.,#18060);
#18060 = SURFACE_SIDE_STYLE('',(#18061));
#18061 = SURFACE_STYLE_FILL_AREA(#18062);
#18062 = FILL_AREA_STYLE('',(#18063));
#18063 = FILL_AREA_STYLE_COLOUR('',#17914);
#18064 = STYLED_ITEM('color',(#18065),#11589);
#18065 = PRESENTATION_STYLE_ASSIGNMENT((#18066));
#18066 = SURFACE_STYLE_USAGE(.BOTH.,#18067);
#18067 = SURFACE_SIDE_STYLE('',(#18068));
#18068 = SURFACE_STYLE_FILL_AREA(#18069);
#18069 = FILL_AREA_STYLE('',(#18070));
#18070 = FILL_AREA_STYLE_COLOUR('',#17914);
#18071 = STYLED_ITEM('color',(#18072),#11613);
#18072 = PRESENTATION_STYLE_ASSIGNMENT((#18073));
#18073 = SURFACE_STYLE_USAGE(.BOTH.,#18074);
#18074 = SURFACE_SIDE_STYLE('',(#18075));
#18075 = SURFACE_STYLE_FILL_AREA(#18076);
#18076 = FILL_AREA_STYLE('',(#18077));
#18077 = FILL_AREA_STYLE_COLOUR('',#17914);
#18078 = STYLED_ITEM('color',(#18079),#11653);
#18079 = PRESENTATION_STYLE_ASSIGNMENT((#18080));
#18080 = SURFACE_STYLE_USAGE(.BOTH.,#18081);
#18081 = SURFACE_SIDE_STYLE('',(#18082));
#18082 = SURFACE_STYLE_FILL_AREA(#18083);
#18083 = FILL_AREA_STYLE('',(#18084));
#18084 = FILL_AREA_STYLE_COLOUR('',#17914);
#18085 = STYLED_ITEM('color',(#18086),#11684);
#18086 = PRESENTATION_STYLE_ASSIGNMENT((#18087));
#18087 = SURFACE_STYLE_USAGE(.BOTH.,#18088);
#18088 = SURFACE_SIDE_STYLE('',(#18089));
#18089 = SURFACE_STYLE_FILL_AREA(#18090);
#18090 = FILL_AREA_STYLE('',(#18091));
#18091 = FILL_AREA_STYLE_COLOUR('',#17914);
#18092 = STYLED_ITEM('color',(#18093),#11701);
#18093 = PRESENTATION_STYLE_ASSIGNMENT((#18094));
#18094 = SURFACE_STYLE_USAGE(.BOTH.,#18095);
#18095 = SURFACE_SIDE_STYLE('',(#18096));
#18096 = SURFACE_STYLE_FILL_AREA(#18097);
#18097 = FILL_AREA_STYLE('',(#18098));
#18098 = FILL_AREA_STYLE_COLOUR('',#16497);
#18099 = STYLED_ITEM('color',(#18100),#11734);
#18100 = PRESENTATION_STYLE_ASSIGNMENT((#18101));
#18101 = SURFACE_STYLE_USAGE(.BOTH.,#18102);
#18102 = SURFACE_SIDE_STYLE('',(#18103));
#18103 = SURFACE_STYLE_FILL_AREA(#18104);
#18104 = FILL_AREA_STYLE('',(#18105));
#18105 = FILL_AREA_STYLE_COLOUR('',#17914);
#18106 = STYLED_ITEM('color',(#18107),#11758);
#18107 = PRESENTATION_STYLE_ASSIGNMENT((#18108));
#18108 = SURFACE_STYLE_USAGE(.BOTH.,#18109);
#18109 = SURFACE_SIDE_STYLE('',(#18110));
#18110 = SURFACE_STYLE_FILL_AREA(#18111);
#18111 = FILL_AREA_STYLE('',(#18112));
#18112 = FILL_AREA_STYLE_COLOUR('',#16497);
#18113 = STYLED_ITEM('color',(#18114),#11825);
#18114 = PRESENTATION_STYLE_ASSIGNMENT((#18115));
#18115 = SURFACE_STYLE_USAGE(.BOTH.,#18116);
#18116 = SURFACE_SIDE_STYLE('',(#18117));
#18117 = SURFACE_STYLE_FILL_AREA(#18118);
#18118 = FILL_AREA_STYLE('',(#18119));
#18119 = FILL_AREA_STYLE_COLOUR('',#17914);
#18120 = STYLED_ITEM('color',(#18121),#11946);
#18121 = PRESENTATION_STYLE_ASSIGNMENT((#18122));
#18122 = SURFACE_STYLE_USAGE(.BOTH.,#18123);
#18123 = SURFACE_SIDE_STYLE('',(#18124));
#18124 = SURFACE_STYLE_FILL_AREA(#18125);
#18125 = FILL_AREA_STYLE('',(#18126));
#18126 = FILL_AREA_STYLE_COLOUR('',#16497);
#18127 = STYLED_ITEM('color',(#18128),#12013);
#18128 = PRESENTATION_STYLE_ASSIGNMENT((#18129));
#18129 = SURFACE_STYLE_USAGE(.BOTH.,#18130);
#18130 = SURFACE_SIDE_STYLE('',(#18131));
#18131 = SURFACE_STYLE_FILL_AREA(#18132);
#18132 = FILL_AREA_STYLE('',(#18133));
#18133 = FILL_AREA_STYLE_COLOUR('',#17914);
#18134 = STYLED_ITEM('color',(#18135),#12037);
#18135 = PRESENTATION_STYLE_ASSIGNMENT((#18136));
#18136 = SURFACE_STYLE_USAGE(.BOTH.,#18137);
#18137 = SURFACE_SIDE_STYLE('',(#18138));
#18138 = SURFACE_STYLE_FILL_AREA(#18139);
#18139 = FILL_AREA_STYLE('',(#18140));
#18140 = FILL_AREA_STYLE_COLOUR('',#17914);
#18141 = STYLED_ITEM('color',(#18142),#12068);
#18142 = PRESENTATION_STYLE_ASSIGNMENT((#18143));
#18143 = SURFACE_STYLE_USAGE(.BOTH.,#18144);
#18144 = SURFACE_SIDE_STYLE('',(#18145));
#18145 = SURFACE_STYLE_FILL_AREA(#18146);
#18146 = FILL_AREA_STYLE('',(#18147));
#18147 = FILL_AREA_STYLE_COLOUR('',#16497);
#18148 = STYLED_ITEM('color',(#18149),#12101);
#18149 = PRESENTATION_STYLE_ASSIGNMENT((#18150));
#18150 = SURFACE_STYLE_USAGE(.BOTH.,#18151);
#18151 = SURFACE_SIDE_STYLE('',(#18152));
#18152 = SURFACE_STYLE_FILL_AREA(#18153);
#18153 = FILL_AREA_STYLE('',(#18154));
#18154 = FILL_AREA_STYLE_COLOUR('',#17914);
#18155 = STYLED_ITEM('color',(#18156),#12157);
#18156 = PRESENTATION_STYLE_ASSIGNMENT((#18157));
#18157 = SURFACE_STYLE_USAGE(.BOTH.,#18158);
#18158 = SURFACE_SIDE_STYLE('',(#18159));
#18159 = SURFACE_STYLE_FILL_AREA(#18160);
#18160 = FILL_AREA_STYLE('',(#18161));
#18161 = FILL_AREA_STYLE_COLOUR('',#16497);
#18162 = STYLED_ITEM('color',(#18163),#12181);
#18163 = PRESENTATION_STYLE_ASSIGNMENT((#18164));
#18164 = SURFACE_STYLE_USAGE(.BOTH.,#18165);
#18165 = SURFACE_SIDE_STYLE('',(#18166));
#18166 = SURFACE_STYLE_FILL_AREA(#18167);
#18167 = FILL_AREA_STYLE('',(#18168));
#18168 = FILL_AREA_STYLE_COLOUR('',#16497);
#18169 = STYLED_ITEM('color',(#18170),#12205);
#18170 = PRESENTATION_STYLE_ASSIGNMENT((#18171));
#18171 = SURFACE_STYLE_USAGE(.BOTH.,#18172);
#18172 = SURFACE_SIDE_STYLE('',(#18173));
#18173 = SURFACE_STYLE_FILL_AREA(#18174);
#18174 = FILL_AREA_STYLE('',(#18175));
#18175 = FILL_AREA_STYLE_COLOUR('',#16497);
#18176 = STYLED_ITEM('color',(#18177),#12229);
#18177 = PRESENTATION_STYLE_ASSIGNMENT((#18178));
#18178 = SURFACE_STYLE_USAGE(.BOTH.,#18179);
#18179 = SURFACE_SIDE_STYLE('',(#18180));
#18180 = SURFACE_STYLE_FILL_AREA(#18181);
#18181 = FILL_AREA_STYLE('',(#18182));
#18182 = FILL_AREA_STYLE_COLOUR('',#16497);
#18183 = STYLED_ITEM('color',(#18184),#12262);
#18184 = PRESENTATION_STYLE_ASSIGNMENT((#18185));
#18185 = SURFACE_STYLE_USAGE(.BOTH.,#18186);
#18186 = SURFACE_SIDE_STYLE('',(#18187));
#18187 = SURFACE_STYLE_FILL_AREA(#18188);
#18188 = FILL_AREA_STYLE('',(#18189));
#18189 = FILL_AREA_STYLE_COLOUR('',#16497);
#18190 = STYLED_ITEM('color',(#18191),#12274);
#18191 = PRESENTATION_STYLE_ASSIGNMENT((#18192));
#18192 = SURFACE_STYLE_USAGE(.BOTH.,#18193);
#18193 = SURFACE_SIDE_STYLE('',(#18194));
#18194 = SURFACE_STYLE_FILL_AREA(#18195);
#18195 = FILL_AREA_STYLE('',(#18196));
#18196 = FILL_AREA_STYLE_COLOUR('',#16497);
#18197 = STYLED_ITEM('color',(#18198),#12337);
#18198 = PRESENTATION_STYLE_ASSIGNMENT((#18199));
#18199 = SURFACE_STYLE_USAGE(.BOTH.,#18200);
#18200 = SURFACE_SIDE_STYLE('',(#18201));
#18201 = SURFACE_STYLE_FILL_AREA(#18202);
#18202 = FILL_AREA_STYLE('',(#18203));
#18203 = FILL_AREA_STYLE_COLOUR('',#16497);
#18204 = STYLED_ITEM('color',(#18205),#12362);
#18205 = PRESENTATION_STYLE_ASSIGNMENT((#18206));
#18206 = SURFACE_STYLE_USAGE(.BOTH.,#18207);
#18207 = SURFACE_SIDE_STYLE('',(#18208));
#18208 = SURFACE_STYLE_FILL_AREA(#18209);
#18209 = FILL_AREA_STYLE('',(#18210));
#18210 = FILL_AREA_STYLE_COLOUR('',#16497);
#18211 = STYLED_ITEM('color',(#18212),#12379);
#18212 = PRESENTATION_STYLE_ASSIGNMENT((#18213));
#18213 = SURFACE_STYLE_USAGE(.BOTH.,#18214);
#18214 = SURFACE_SIDE_STYLE('',(#18215));
#18215 = SURFACE_STYLE_FILL_AREA(#18216);
#18216 = FILL_AREA_STYLE('',(#18217));
#18217 = FILL_AREA_STYLE_COLOUR('',#16497);
#18218 = STYLED_ITEM('color',(#18219),#12403);
#18219 = PRESENTATION_STYLE_ASSIGNMENT((#18220));
#18220 = SURFACE_STYLE_USAGE(.BOTH.,#18221);
#18221 = SURFACE_SIDE_STYLE('',(#18222));
#18222 = SURFACE_STYLE_FILL_AREA(#18223);
#18223 = FILL_AREA_STYLE('',(#18224));
#18224 = FILL_AREA_STYLE_COLOUR('',#16497);
#18225 = STYLED_ITEM('color',(#18226),#12421);
#18226 = PRESENTATION_STYLE_ASSIGNMENT((#18227));
#18227 = SURFACE_STYLE_USAGE(.BOTH.,#18228);
#18228 = SURFACE_SIDE_STYLE('',(#18229));
#18229 = SURFACE_STYLE_FILL_AREA(#18230);
#18230 = FILL_AREA_STYLE('',(#18231));
#18231 = FILL_AREA_STYLE_COLOUR('',#16497);
#18232 = STYLED_ITEM('color',(#18233),#12439);
#18233 = PRESENTATION_STYLE_ASSIGNMENT((#18234));
#18234 = SURFACE_STYLE_USAGE(.BOTH.,#18235);
#18235 = SURFACE_SIDE_STYLE('',(#18236));
#18236 = SURFACE_STYLE_FILL_AREA(#18237);
#18237 = FILL_AREA_STYLE('',(#18238));
#18238 = FILL_AREA_STYLE_COLOUR('',#16497);
#18239 = STYLED_ITEM('color',(#18240),#12457);
#18240 = PRESENTATION_STYLE_ASSIGNMENT((#18241));
#18241 = SURFACE_STYLE_USAGE(.BOTH.,#18242);
#18242 = SURFACE_SIDE_STYLE('',(#18243));
#18243 = SURFACE_STYLE_FILL_AREA(#18244);
#18244 = FILL_AREA_STYLE('',(#18245));
#18245 = FILL_AREA_STYLE_COLOUR('',#16497);
#18246 = STYLED_ITEM('color',(#18247),#12474);
#18247 = PRESENTATION_STYLE_ASSIGNMENT((#18248));
#18248 = SURFACE_STYLE_USAGE(.BOTH.,#18249);
#18249 = SURFACE_SIDE_STYLE('',(#18250));
#18250 = SURFACE_STYLE_FILL_AREA(#18251);
#18251 = FILL_AREA_STYLE('',(#18252));
#18252 = FILL_AREA_STYLE_COLOUR('',#16497);
#18253 = STYLED_ITEM('color',(#18254),#12491);
#18254 = PRESENTATION_STYLE_ASSIGNMENT((#18255));
#18255 = SURFACE_STYLE_USAGE(.BOTH.,#18256);
#18256 = SURFACE_SIDE_STYLE('',(#18257));
#18257 = SURFACE_STYLE_FILL_AREA(#18258);
#18258 = FILL_AREA_STYLE('',(#18259));
#18259 = FILL_AREA_STYLE_COLOUR('',#16497);
#18260 = STYLED_ITEM('color',(#18261),#12522);
#18261 = PRESENTATION_STYLE_ASSIGNMENT((#18262));
#18262 = SURFACE_STYLE_USAGE(.BOTH.,#18263);
#18263 = SURFACE_SIDE_STYLE('',(#18264));
#18264 = SURFACE_STYLE_FILL_AREA(#18265);
#18265 = FILL_AREA_STYLE('',(#18266));
#18266 = FILL_AREA_STYLE_COLOUR('',#16497);
#18267 = STYLED_ITEM('color',(#18268),#12547);
#18268 = PRESENTATION_STYLE_ASSIGNMENT((#18269));
#18269 = SURFACE_STYLE_USAGE(.BOTH.,#18270);
#18270 = SURFACE_SIDE_STYLE('',(#18271));
#18271 = SURFACE_STYLE_FILL_AREA(#18272);
#18272 = FILL_AREA_STYLE('',(#18273));
#18273 = FILL_AREA_STYLE_COLOUR('',#16497);
#18274 = STYLED_ITEM('color',(#18275),#12572);
#18275 = PRESENTATION_STYLE_ASSIGNMENT((#18276));
#18276 = SURFACE_STYLE_USAGE(.BOTH.,#18277);
#18277 = SURFACE_SIDE_STYLE('',(#18278));
#18278 = SURFACE_STYLE_FILL_AREA(#18279);
#18279 = FILL_AREA_STYLE('',(#18280));
#18280 = FILL_AREA_STYLE_COLOUR('',#16497);
#18281 = STYLED_ITEM('color',(#18282),#12596);
#18282 = PRESENTATION_STYLE_ASSIGNMENT((#18283));
#18283 = SURFACE_STYLE_USAGE(.BOTH.,#18284);
#18284 = SURFACE_SIDE_STYLE('',(#18285));
#18285 = SURFACE_STYLE_FILL_AREA(#18286);
#18286 = FILL_AREA_STYLE('',(#18287));
#18287 = FILL_AREA_STYLE_COLOUR('',#16497);
#18288 = STYLED_ITEM('color',(#18289),#12613);
#18289 = PRESENTATION_STYLE_ASSIGNMENT((#18290));
#18290 = SURFACE_STYLE_USAGE(.BOTH.,#18291);
#18291 = SURFACE_SIDE_STYLE('',(#18292));
#18292 = SURFACE_STYLE_FILL_AREA(#18293);
#18293 = FILL_AREA_STYLE('',(#18294));
#18294 = FILL_AREA_STYLE_COLOUR('',#18295);
#18295 = COLOUR_RGB('',0.340000006699,0.68000001254,0.444999988852);
#18296 = STYLED_ITEM('color',(#18297),#12644);
#18297 = PRESENTATION_STYLE_ASSIGNMENT((#18298));
#18298 = SURFACE_STYLE_USAGE(.BOTH.,#18299);
#18299 = SURFACE_SIDE_STYLE('',(#18300));
#18300 = SURFACE_STYLE_FILL_AREA(#18301);
#18301 = FILL_AREA_STYLE('',(#18302));
#18302 = FILL_AREA_STYLE_COLOUR('',#18295);
#18303 = STYLED_ITEM('color',(#18304),#12668);
#18304 = PRESENTATION_STYLE_ASSIGNMENT((#18305));
#18305 = SURFACE_STYLE_USAGE(.BOTH.,#18306);
#18306 = SURFACE_SIDE_STYLE('',(#18307));
#18307 = SURFACE_STYLE_FILL_AREA(#18308);
#18308 = FILL_AREA_STYLE('',(#18309));
#18309 = FILL_AREA_STYLE_COLOUR('',#18295);
#18310 = STYLED_ITEM('color',(#18311),#12685);
#18311 = PRESENTATION_STYLE_ASSIGNMENT((#18312));
#18312 = SURFACE_STYLE_USAGE(.BOTH.,#18313);
#18313 = SURFACE_SIDE_STYLE('',(#18314));
#18314 = SURFACE_STYLE_FILL_AREA(#18315);
#18315 = FILL_AREA_STYLE('',(#18316));
#18316 = FILL_AREA_STYLE_COLOUR('',#16497);
#18317 = STYLED_ITEM('color',(#18318),#12713);
#18318 = PRESENTATION_STYLE_ASSIGNMENT((#18319));
#18319 = SURFACE_STYLE_USAGE(.BOTH.,#18320);
#18320 = SURFACE_SIDE_STYLE('',(#18321));
#18321 = SURFACE_STYLE_FILL_AREA(#18322);
#18322 = FILL_AREA_STYLE('',(#18323));
#18323 = FILL_AREA_STYLE_COLOUR('',#16497);
#18324 = STYLED_ITEM('color',(#18325),#12738);
#18325 = PRESENTATION_STYLE_ASSIGNMENT((#18326));
#18326 = SURFACE_STYLE_USAGE(.BOTH.,#18327);
#18327 = SURFACE_SIDE_STYLE('',(#18328));
#18328 = SURFACE_STYLE_FILL_AREA(#18329);
#18329 = FILL_AREA_STYLE('',(#18330));
#18330 = FILL_AREA_STYLE_COLOUR('',#16497);
#18331 = STYLED_ITEM('color',(#18332),#12762);
#18332 = PRESENTATION_STYLE_ASSIGNMENT((#18333));
#18333 = SURFACE_STYLE_USAGE(.BOTH.,#18334);
#18334 = SURFACE_SIDE_STYLE('',(#18335));
#18335 = SURFACE_STYLE_FILL_AREA(#18336);
#18336 = FILL_AREA_STYLE('',(#18337));
#18337 = FILL_AREA_STYLE_COLOUR('',#16497);
#18338 = STYLED_ITEM('color',(#18339),#12787);
#18339 = PRESENTATION_STYLE_ASSIGNMENT((#18340));
#18340 = SURFACE_STYLE_USAGE(.BOTH.,#18341);
#18341 = SURFACE_SIDE_STYLE('',(#18342));
#18342 = SURFACE_STYLE_FILL_AREA(#18343);
#18343 = FILL_AREA_STYLE('',(#18344));
#18344 = FILL_AREA_STYLE_COLOUR('',#16497);
#18345 = STYLED_ITEM('color',(#18346),#12834);
#18346 = PRESENTATION_STYLE_ASSIGNMENT((#18347));
#18347 = SURFACE_STYLE_USAGE(.BOTH.,#18348);
#18348 = SURFACE_SIDE_STYLE('',(#18349));
#18349 = SURFACE_STYLE_FILL_AREA(#18350);
#18350 = FILL_AREA_STYLE('',(#18351));
#18351 = FILL_AREA_STYLE_COLOUR('',#16497);
#18352 = STYLED_ITEM('color',(#18353),#12851);
#18353 = PRESENTATION_STYLE_ASSIGNMENT((#18354));
#18354 = SURFACE_STYLE_USAGE(.BOTH.,#18355);
#18355 = SURFACE_SIDE_STYLE('',(#18356));
#18356 = SURFACE_STYLE_FILL_AREA(#18357);
#18357 = FILL_AREA_STYLE('',(#18358));
#18358 = FILL_AREA_STYLE_COLOUR('',#16497);
#18359 = STYLED_ITEM('color',(#18360),#12863);
#18360 = PRESENTATION_STYLE_ASSIGNMENT((#18361));
#18361 = SURFACE_STYLE_USAGE(.BOTH.,#18362);
#18362 = SURFACE_SIDE_STYLE('',(#18363));
#18363 = SURFACE_STYLE_FILL_AREA(#18364);
#18364 = FILL_AREA_STYLE('',(#18365));
#18365 = FILL_AREA_STYLE_COLOUR('',#16497);
#18366 = STYLED_ITEM('color',(#18367),#12885);
#18367 = PRESENTATION_STYLE_ASSIGNMENT((#18368));
#18368 = SURFACE_STYLE_USAGE(.BOTH.,#18369);
#18369 = SURFACE_SIDE_STYLE('',(#18370));
#18370 = SURFACE_STYLE_FILL_AREA(#18371);
#18371 = FILL_AREA_STYLE('',(#18372));
#18372 = FILL_AREA_STYLE_COLOUR('',#16497);
#18373 = STYLED_ITEM('color',(#18374),#12897);
#18374 = PRESENTATION_STYLE_ASSIGNMENT((#18375));
#18375 = SURFACE_STYLE_USAGE(.BOTH.,#18376);
#18376 = SURFACE_SIDE_STYLE('',(#18377));
#18377 = SURFACE_STYLE_FILL_AREA(#18378);
#18378 = FILL_AREA_STYLE('',(#18379));
#18379 = FILL_AREA_STYLE_COLOUR('',#16497);
#18380 = STYLED_ITEM('color',(#18381),#12915);
#18381 = PRESENTATION_STYLE_ASSIGNMENT((#18382));
#18382 = SURFACE_STYLE_USAGE(.BOTH.,#18383);
#18383 = SURFACE_SIDE_STYLE('',(#18384));
#18384 = SURFACE_STYLE_FILL_AREA(#18385);
#18385 = FILL_AREA_STYLE('',(#18386));
#18386 = FILL_AREA_STYLE_COLOUR('',#16497);
#18387 = STYLED_ITEM('color',(#18388),#12933);
#18388 = PRESENTATION_STYLE_ASSIGNMENT((#18389));
#18389 = SURFACE_STYLE_USAGE(.BOTH.,#18390);
#18390 = SURFACE_SIDE_STYLE('',(#18391));
#18391 = SURFACE_STYLE_FILL_AREA(#18392);
#18392 = FILL_AREA_STYLE('',(#18393));
#18393 = FILL_AREA_STYLE_COLOUR('',#18295);
#18394 = MECHANICAL_DESIGN_GEOMETRIC_PRESENTATION_REPRESENTATION('',(
    #18395),#16478);
#18395 = STYLED_ITEM('color',(#18396),#13058);
#18396 = PRESENTATION_STYLE_ASSIGNMENT((#18397));
#18397 = SURFACE_STYLE_USAGE(.BOTH.,#18398);
#18398 = SURFACE_SIDE_STYLE('',(#18399));
#18399 = SURFACE_STYLE_FILL_AREA(#18400);
#18400 = FILL_AREA_STYLE('',(#18401));
#18401 = FILL_AREA_STYLE_COLOUR('',#18402);
#18402 = COLOUR_RGB('',0.313304153717,0.484529207832,0.410020903123);
ENDSEC;
END-ISO-10303-21;
